"duplicate_type","duplicate_key","loan_id","image_type","relative_path"
"ahash_same","0077777f1f1f1f7f","loan_001","id_card_back","loan_001\id_card_back.jpg"
"ahash_same","0077777f1f1f1f7f","loan_002","id_card_back","loan_002\id_card_back.jpg"
"ahash_same","0077777f1f1f1f7f","loan_003","id_card_back","loan_003\id_card_back.jpg"
"ahash_same","0077777f1f1f1f7f","loan_004","id_card_back","loan_004\id_card_back.jpg"
"ahash_same","0077777f1f1f1f7f","loan_005","id_card_back","loan_005\id_card_back.jpg"
"ahash_same","0077777f1f1f1f7f","loan_006","id_card_back","loan_006\id_card_back.jpg"
"ahash_same","0077777f1f1f1f7f","loan_007","id_card_back","loan_007\id_card_back.jpg"
"ahash_same","0077777f1f1f1f7f","loan_008","id_card_back","loan_008\id_card_back.jpg"
"ahash_same","0077777f1f1f1f7f","loan_009","id_card_back","loan_009\id_card_back.jpg"
"ahash_same","0077777f1f1f1f7f","loan_010","id_card_back","loan_010\id_card_back.jpg"
"ahash_same","0077777f1f1f1f7f","loan_011","id_card_back","loan_011\id_card_back.jpg"
"ahash_same","0077777f1f1f1f7f","loan_012","id_card_back","loan_012\id_card_back.jpg"
"ahash_same","0077777f1f1f1f7f","loan_013","id_card_back","loan_013\id_card_back.jpg"
"ahash_same","0077777f1f1f1f7f","loan_014","id_card_back","loan_014\id_card_back.jpg"
"ahash_same","0077777f1f1f1f7f","loan_015","id_card_back","loan_015\id_card_back.jpg"
"ahash_same","0077777f1f1f1f7f","loan_016","id_card_back","loan_016\id_card_back.jpg"
"ahash_same","0077777f1f1f1f7f","loan_017","id_card_back","loan_017\id_card_back.jpg"
"ahash_same","0077777f1f1f1f7f","loan_018","id_card_back","loan_018\id_card_back.jpg"
"ahash_same","0077777f1f1f1f7f","loan_019","id_card_back","loan_019\id_card_back.jpg"
"ahash_same","0077777f1f1f1f7f","loan_020","id_card_back","loan_020\id_card_back.jpg"
"ahash_same","0077777f1f1f1f7f","loan_021","id_card_back","loan_021\id_card_back.jpg"
"ahash_same","0077777f1f1f1f7f","loan_022","id_card_back","loan_022\id_card_back.jpg"
"ahash_same","0077777f1f1f1f7f","loan_023","id_card_back","loan_023\id_card_back.jpg"
"ahash_same","0077777f1f1f1f7f","loan_024","id_card_back","loan_024\id_card_back.jpg"
"ahash_same","0077777f1f1f1f7f","loan_025","id_card_back","loan_025\id_card_back.jpg"
"ahash_same","0077777f1f1f1f7f","loan_026","id_card_back","loan_026\id_card_back.jpg"
"ahash_same","0077777f1f1f1f7f","loan_027","id_card_back","loan_027\id_card_back.jpg"
"ahash_same","0077777f1f1f1f7f","loan_028","id_card_back","loan_028\id_card_back.jpg"
"ahash_same","0077777f1f1f1f7f","loan_029","id_card_back","loan_029\id_card_back.jpg"
"ahash_same","0077777f1f1f1f7f","loan_030","id_card_back","loan_030\id_card_back.jpg"
"ahash_same","0077777f1f1f1f7f","loan_031","id_card_back","loan_031\id_card_back.jpg"
"ahash_same","0077777f1f1f1f7f","loan_032","id_card_back","loan_032\id_card_back.jpg"
"ahash_same","0077777f1f1f1f7f","loan_033","id_card_back","loan_033\id_card_back.jpg"
"ahash_same","0077777f1f1f1f7f","loan_034","id_card_back","loan_034\id_card_back.jpg"
"ahash_same","0077777f1f1f1f7f","loan_035","id_card_back","loan_035\id_card_back.jpg"
"ahash_same","0077777f1f1f1f7f","loan_036","id_card_back","loan_036\id_card_back.jpg"
"ahash_same","0077777f1f1f1f7f","loan_037","id_card_back","loan_037\id_card_back.jpg"
"ahash_same","0077777f1f1f1f7f","loan_038","id_card_back","loan_038\id_card_back.jpg"
"ahash_same","0077777f1f1f1f7f","loan_039","id_card_back","loan_039\id_card_back.jpg"
"ahash_same","0077777f1f1f1f7f","loan_040","id_card_back","loan_040\id_card_back.jpg"
"ahash_same","0077777f1f1f1f7f","loan_041","id_card_back","loan_041\id_card_back.jpg"
"ahash_same","0077777f1f1f1f7f","loan_042","id_card_back","loan_042\id_card_back.jpg"
"ahash_same","0077777f1f1f1f7f","loan_043","id_card_back","loan_043\id_card_back.jpg"
"ahash_same","0077777f1f1f1f7f","loan_044","id_card_back","loan_044\id_card_back.jpg"
"ahash_same","0077777f1f1f1f7f","loan_045","id_card_back","loan_045\id_card_back.jpg"
"ahash_same","0077777f1f1f1f7f","loan_046","id_card_back","loan_046\id_card_back.jpg"
"ahash_same","0077777f1f1f1f7f","loan_047","id_card_back","loan_047\id_card_back.jpg"
"ahash_same","0077777f1f1f1f7f","loan_048","id_card_back","loan_048\id_card_back.jpg"
"ahash_same","0077777f1f1f1f7f","loan_049","id_card_back","loan_049\id_card_back.jpg"
"ahash_same","0077777f1f1f1f7f","loan_050","id_card_back","loan_050\id_card_back.jpg"
"ahash_same","0077777f1f1f1f7f","loan_051","id_card_back","loan_051\id_card_back.jpg"
"ahash_same","0077777f1f1f1f7f","loan_052","id_card_back","loan_052\id_card_back.jpg"
"ahash_same","0077777f1f1f1f7f","loan_053","id_card_back","loan_053\id_card_back.jpg"
"ahash_same","0077777f1f1f1f7f","loan_054","id_card_back","loan_054\id_card_back.jpg"
"ahash_same","0077777f1f1f1f7f","loan_055","id_card_back","loan_055\id_card_back.jpg"
"ahash_same","0077777f1f1f1f7f","loan_056","id_card_back","loan_056\id_card_back.jpg"
"ahash_same","0077777f1f1f1f7f","loan_057","id_card_back","loan_057\id_card_back.jpg"
"ahash_same","0077777f1f1f1f7f","loan_058","id_card_back","loan_058\id_card_back.jpg"
"ahash_same","0077777f1f1f1f7f","loan_059","id_card_back","loan_059\id_card_back.jpg"
"ahash_same","0077777f1f1f1f7f","loan_060","id_card_back","loan_060\id_card_back.jpg"
"ahash_same","0077777f1f1f1f7f","loan_061","id_card_back","loan_061\id_card_back.jpg"
"ahash_same","0077777f1f1f1f7f","loan_062","id_card_back","loan_062\id_card_back.jpg"
"ahash_same","0077777f1f1f1f7f","loan_063","id_card_back","loan_063\id_card_back.jpg"
"ahash_same","0077777f1f1f1f7f","loan_064","id_card_back","loan_064\id_card_back.jpg"
"ahash_same","0077777f1f1f1f7f","loan_065","id_card_back","loan_065\id_card_back.jpg"
"ahash_same","0077777f1f1f1f7f","loan_066","id_card_back","loan_066\id_card_back.jpg"
"ahash_same","0077777f1f1f1f7f","loan_067","id_card_back","loan_067\id_card_back.jpg"
"ahash_same","0077777f1f1f1f7f","loan_068","id_card_back","loan_068\id_card_back.jpg"
"ahash_same","0077777f1f1f1f7f","loan_069","id_card_back","loan_069\id_card_back.jpg"
"ahash_same","0077777f1f1f1f7f","loan_070","id_card_back","loan_070\id_card_back.jpg"
"ahash_same","0077777f1f1f1f7f","loan_071","id_card_back","loan_071\id_card_back.jpg"
"ahash_same","0077777f1f1f1f7f","loan_072","id_card_back","loan_072\id_card_back.jpg"
"ahash_same","0077777f1f1f1f7f","loan_073","id_card_back","loan_073\id_card_back.jpg"
"ahash_same","0077777f1f1f1f7f","loan_074","id_card_back","loan_074\id_card_back.jpg"
"ahash_same","00b1ffffffffffff","loan_001","bank_statement","loan_001\bank_statement.jpg"
"ahash_same","00b1ffffffffffff","loan_002","bank_statement","loan_002\bank_statement.jpg"
"ahash_same","00b1ffffffffffff","loan_003","bank_statement","loan_003\bank_statement.jpg"
"ahash_same","00b1ffffffffffff","loan_005","bank_statement","loan_005\bank_statement.jpg"
"ahash_same","00b1ffffffffffff","loan_006","bank_statement","loan_006\bank_statement.jpg"
"ahash_same","00b1ffffffffffff","loan_007","bank_statement","loan_007\bank_statement.jpg"
"ahash_same","00b1ffffffffffff","loan_008","bank_statement","loan_008\bank_statement.jpg"
"ahash_same","00b1ffffffffffff","loan_009","bank_statement","loan_009\bank_statement.jpg"
"ahash_same","00b1ffffffffffff","loan_011","bank_statement","loan_011\bank_statement.jpg"
"ahash_same","00b1ffffffffffff","loan_012","bank_statement","loan_012\bank_statement.jpg"
"ahash_same","00b1ffffffffffff","loan_013","bank_statement","loan_013\bank_statement.jpg"
"ahash_same","00b1ffffffffffff","loan_015","bank_statement","loan_015\bank_statement.jpg"
"ahash_same","00b1ffffffffffff","loan_016","bank_statement","loan_016\bank_statement.jpg"
"ahash_same","00b1ffffffffffff","loan_017","bank_statement","loan_017\bank_statement.jpg"
"ahash_same","00b1ffffffffffff","loan_018","bank_statement","loan_018\bank_statement.jpg"
"ahash_same","00b1ffffffffffff","loan_019","bank_statement","loan_019\bank_statement.jpg"
"ahash_same","00b1ffffffffffff","loan_020","bank_statement","loan_020\bank_statement.jpg"
"ahash_same","00b1ffffffffffff","loan_021","bank_statement","loan_021\bank_statement.jpg"
"ahash_same","00b1ffffffffffff","loan_022","bank_statement","loan_022\bank_statement.jpg"
"ahash_same","00b1ffffffffffff","loan_023","bank_statement","loan_023\bank_statement.jpg"
"ahash_same","00b1ffffffffffff","loan_024","bank_statement","loan_024\bank_statement.jpg"
"ahash_same","00b1ffffffffffff","loan_025","bank_statement","loan_025\bank_statement.jpg"
"ahash_same","00b1ffffffffffff","loan_026","bank_statement","loan_026\bank_statement.jpg"
"ahash_same","00b1ffffffffffff","loan_027","bank_statement","loan_027\bank_statement.jpg"
"ahash_same","00b1ffffffffffff","loan_028","bank_statement","loan_028\bank_statement.jpg"
"ahash_same","00b1ffffffffffff","loan_031","bank_statement","loan_031\bank_statement.jpg"
"ahash_same","00b1ffffffffffff","loan_032","bank_statement","loan_032\bank_statement.jpg"
"ahash_same","00b1ffffffffffff","loan_033","bank_statement","loan_033\bank_statement.jpg"
"ahash_same","00b1ffffffffffff","loan_034","bank_statement","loan_034\bank_statement.jpg"
"ahash_same","00b1ffffffffffff","loan_035","bank_statement","loan_035\bank_statement.jpg"
"ahash_same","00b1ffffffffffff","loan_036","bank_statement","loan_036\bank_statement.jpg"
"ahash_same","00b1ffffffffffff","loan_037","bank_statement","loan_037\bank_statement.jpg"
"ahash_same","00b1ffffffffffff","loan_038","bank_statement","loan_038\bank_statement.jpg"
"ahash_same","00b1ffffffffffff","loan_039","bank_statement","loan_039\bank_statement.jpg"
"ahash_same","00b1ffffffffffff","loan_040","bank_statement","loan_040\bank_statement.jpg"
"ahash_same","00b1ffffffffffff","loan_041","bank_statement","loan_041\bank_statement.jpg"
"ahash_same","00b1ffffffffffff","loan_042","bank_statement","loan_042\bank_statement.jpg"
"ahash_same","00b1ffffffffffff","loan_043","bank_statement","loan_043\bank_statement.jpg"
"ahash_same","00b1ffffffffffff","loan_047","bank_statement","loan_047\bank_statement.jpg"
"ahash_same","00b1ffffffffffff","loan_048","bank_statement","loan_048\bank_statement.jpg"
"ahash_same","00b1ffffffffffff","loan_049","bank_statement","loan_049\bank_statement.jpg"
"ahash_same","00b1ffffffffffff","loan_050","bank_statement","loan_050\bank_statement.jpg"
"ahash_same","00b1ffffffffffff","loan_051","bank_statement","loan_051\bank_statement.jpg"
"ahash_same","00b1ffffffffffff","loan_052","bank_statement","loan_052\bank_statement.jpg"
"ahash_same","00b1ffffffffffff","loan_053","bank_statement","loan_053\bank_statement.jpg"
"ahash_same","00b1ffffffffffff","loan_055","bank_statement","loan_055\bank_statement.jpg"
"ahash_same","00b1ffffffffffff","loan_057","bank_statement","loan_057\bank_statement.jpg"
"ahash_same","00b1ffffffffffff","loan_058","bank_statement","loan_058\bank_statement.jpg"
"ahash_same","00b1ffffffffffff","loan_059","bank_statement","loan_059\bank_statement.jpg"
"ahash_same","00b1ffffffffffff","loan_061","bank_statement","loan_061\bank_statement.jpg"
"ahash_same","00b1ffffffffffff","loan_062","bank_statement","loan_062\bank_statement.jpg"
"ahash_same","00b1ffffffffffff","loan_063","bank_statement","loan_063\bank_statement.jpg"
"ahash_same","00b1ffffffffffff","loan_064","bank_statement","loan_064\bank_statement.jpg"
"ahash_same","00b1ffffffffffff","loan_065","bank_statement","loan_065\bank_statement.jpg"
"ahash_same","00b1ffffffffffff","loan_066","bank_statement","loan_066\bank_statement.jpg"
"ahash_same","00b1ffffffffffff","loan_067","bank_statement","loan_067\bank_statement.jpg"
"ahash_same","00b1ffffffffffff","loan_070","bank_statement","loan_070\bank_statement.jpg"
"ahash_same","00b1ffffffffffff","loan_071","bank_statement","loan_071\bank_statement.jpg"
"ahash_same","00b1ffffffffffff","loan_072","bank_statement","loan_072\bank_statement.jpg"
"ahash_same","00b1ffffffffffff","loan_073","bank_statement","loan_073\bank_statement.jpg"
"ahash_same","00b1ffffffffffff","loan_074","bank_statement","loan_074\bank_statement.jpg"
"ahash_same","00b9ffffffffffff","loan_004","bank_statement","loan_004\bank_statement.jpg"
"ahash_same","00b9ffffffffffff","loan_010","bank_statement","loan_010\bank_statement.jpg"
"ahash_same","00b9ffffffffffff","loan_014","bank_statement","loan_014\bank_statement.jpg"
"ahash_same","00b9ffffffffffff","loan_029","bank_statement","loan_029\bank_statement.jpg"
"ahash_same","00b9ffffffffffff","loan_030","bank_statement","loan_030\bank_statement.jpg"
"ahash_same","00b9ffffffffffff","loan_044","bank_statement","loan_044\bank_statement.jpg"
"ahash_same","00b9ffffffffffff","loan_045","bank_statement","loan_045\bank_statement.jpg"
"ahash_same","00b9ffffffffffff","loan_046","bank_statement","loan_046\bank_statement.jpg"
"ahash_same","00b9ffffffffffff","loan_054","bank_statement","loan_054\bank_statement.jpg"
"ahash_same","00b9ffffffffffff","loan_056","bank_statement","loan_056\bank_statement.jpg"
"ahash_same","00b9ffffffffffff","loan_060","bank_statement","loan_060\bank_statement.jpg"
"ahash_same","00b9ffffffffffff","loan_068","bank_statement","loan_068\bank_statement.jpg"
"ahash_same","00b9ffffffffffff","loan_069","bank_statement","loan_069\bank_statement.jpg"
"ahash_same","00f61c0c4effffef","loan_061","id_card_front","loan_061\id_card_front.jpg"
"ahash_same","00f61c0c4effffef","loan_071","id_card_front","loan_071\id_card_front.jpg"
"ahash_same","00f61c0cc6ffffef","loan_001","id_card_front","loan_001\id_card_front.jpg"
"ahash_same","00f61c0cc6ffffef","loan_007","id_card_front","loan_007\id_card_front.jpg"
"ahash_same","00f61c0cc6ffffef","loan_011","id_card_front","loan_011\id_card_front.jpg"
"ahash_same","00f61c0cc6ffffef","loan_018","id_card_front","loan_018\id_card_front.jpg"
"ahash_same","00f61c0cc6ffffef","loan_027","id_card_front","loan_027\id_card_front.jpg"
"ahash_same","00f61c0cc6ffffef","loan_041","id_card_front","loan_041\id_card_front.jpg"
"ahash_same","00f61c0cc6ffffef","loan_044","id_card_front","loan_044\id_card_front.jpg"
"ahash_same","00f61c0cc6ffffef","loan_054","id_card_front","loan_054\id_card_front.jpg"
"ahash_same","00f61c0cc6ffffef","loan_067","id_card_front","loan_067\id_card_front.jpg"
"ahash_same","00f61c0cceffffef","loan_002","id_card_front","loan_002\id_card_front.jpg"
"ahash_same","00f61c0cceffffef","loan_003","id_card_front","loan_003\id_card_front.jpg"
"ahash_same","00f61c0cceffffef","loan_004","id_card_front","loan_004\id_card_front.jpg"
"ahash_same","00f61c0cceffffef","loan_005","id_card_front","loan_005\id_card_front.jpg"
"ahash_same","00f61c0cceffffef","loan_006","id_card_front","loan_006\id_card_front.jpg"
"ahash_same","00f61c0cceffffef","loan_008","id_card_front","loan_008\id_card_front.jpg"
"ahash_same","00f61c0cceffffef","loan_009","id_card_front","loan_009\id_card_front.jpg"
"ahash_same","00f61c0cceffffef","loan_010","id_card_front","loan_010\id_card_front.jpg"
"ahash_same","00f61c0cceffffef","loan_012","id_card_front","loan_012\id_card_front.jpg"
"ahash_same","00f61c0cceffffef","loan_013","id_card_front","loan_013\id_card_front.jpg"
"ahash_same","00f61c0cceffffef","loan_014","id_card_front","loan_014\id_card_front.jpg"
"ahash_same","00f61c0cceffffef","loan_015","id_card_front","loan_015\id_card_front.jpg"
"ahash_same","00f61c0cceffffef","loan_016","id_card_front","loan_016\id_card_front.jpg"
"ahash_same","00f61c0cceffffef","loan_017","id_card_front","loan_017\id_card_front.jpg"
"ahash_same","00f61c0cceffffef","loan_019","id_card_front","loan_019\id_card_front.jpg"
"ahash_same","00f61c0cceffffef","loan_020","id_card_front","loan_020\id_card_front.jpg"
"ahash_same","00f61c0cceffffef","loan_021","id_card_front","loan_021\id_card_front.jpg"
"ahash_same","00f61c0cceffffef","loan_022","id_card_front","loan_022\id_card_front.jpg"
"ahash_same","00f61c0cceffffef","loan_024","id_card_front","loan_024\id_card_front.jpg"
"ahash_same","00f61c0cceffffef","loan_025","id_card_front","loan_025\id_card_front.jpg"
"ahash_same","00f61c0cceffffef","loan_026","id_card_front","loan_026\id_card_front.jpg"
"ahash_same","00f61c0cceffffef","loan_028","id_card_front","loan_028\id_card_front.jpg"
"ahash_same","00f61c0cceffffef","loan_029","id_card_front","loan_029\id_card_front.jpg"
"ahash_same","00f61c0cceffffef","loan_030","id_card_front","loan_030\id_card_front.jpg"
"ahash_same","00f61c0cceffffef","loan_031","id_card_front","loan_031\id_card_front.jpg"
"ahash_same","00f61c0cceffffef","loan_032","id_card_front","loan_032\id_card_front.jpg"
"ahash_same","00f61c0cceffffef","loan_033","id_card_front","loan_033\id_card_front.jpg"
"ahash_same","00f61c0cceffffef","loan_034","id_card_front","loan_034\id_card_front.jpg"
"ahash_same","00f61c0cceffffef","loan_035","id_card_front","loan_035\id_card_front.jpg"
"ahash_same","00f61c0cceffffef","loan_036","id_card_front","loan_036\id_card_front.jpg"
"ahash_same","00f61c0cceffffef","loan_037","id_card_front","loan_037\id_card_front.jpg"
"ahash_same","00f61c0cceffffef","loan_038","id_card_front","loan_038\id_card_front.jpg"
"ahash_same","00f61c0cceffffef","loan_039","id_card_front","loan_039\id_card_front.jpg"
"ahash_same","00f61c0cceffffef","loan_040","id_card_front","loan_040\id_card_front.jpg"
"ahash_same","00f61c0cceffffef","loan_042","id_card_front","loan_042\id_card_front.jpg"
"ahash_same","00f61c0cceffffef","loan_043","id_card_front","loan_043\id_card_front.jpg"
"ahash_same","00f61c0cceffffef","loan_045","id_card_front","loan_045\id_card_front.jpg"
"ahash_same","00f61c0cceffffef","loan_046","id_card_front","loan_046\id_card_front.jpg"
"ahash_same","00f61c0cceffffef","loan_047","id_card_front","loan_047\id_card_front.jpg"
"ahash_same","00f61c0cceffffef","loan_048","id_card_front","loan_048\id_card_front.jpg"
"ahash_same","00f61c0cceffffef","loan_049","id_card_front","loan_049\id_card_front.jpg"
"ahash_same","00f61c0cceffffef","loan_050","id_card_front","loan_050\id_card_front.jpg"
"ahash_same","00f61c0cceffffef","loan_051","id_card_front","loan_051\id_card_front.jpg"
"ahash_same","00f61c0cceffffef","loan_052","id_card_front","loan_052\id_card_front.jpg"
"ahash_same","00f61c0cceffffef","loan_055","id_card_front","loan_055\id_card_front.jpg"
"ahash_same","00f61c0cceffffef","loan_056","id_card_front","loan_056\id_card_front.jpg"
"ahash_same","00f61c0cceffffef","loan_057","id_card_front","loan_057\id_card_front.jpg"
"ahash_same","00f61c0cceffffef","loan_058","id_card_front","loan_058\id_card_front.jpg"
"ahash_same","00f61c0cceffffef","loan_059","id_card_front","loan_059\id_card_front.jpg"
"ahash_same","00f61c0cceffffef","loan_060","id_card_front","loan_060\id_card_front.jpg"
"ahash_same","00f61c0cceffffef","loan_062","id_card_front","loan_062\id_card_front.jpg"
"ahash_same","00f61c0cceffffef","loan_063","id_card_front","loan_063\id_card_front.jpg"
"ahash_same","00f61c0cceffffef","loan_064","id_card_front","loan_064\id_card_front.jpg"
"ahash_same","00f61c0cceffffef","loan_065","id_card_front","loan_065\id_card_front.jpg"
"ahash_same","00f61c0cceffffef","loan_066","id_card_front","loan_066\id_card_front.jpg"
"ahash_same","00f61c0cceffffef","loan_068","id_card_front","loan_068\id_card_front.jpg"
"ahash_same","00f61c0cceffffef","loan_069","id_card_front","loan_069\id_card_front.jpg"
"ahash_same","00f61c0cceffffef","loan_072","id_card_front","loan_072\id_card_front.jpg"
"ahash_same","00f61c0cceffffef","loan_073","id_card_front","loan_073\id_card_front.jpg"
"ahash_same","00f61c0cceffffef","loan_074","id_card_front","loan_074\id_card_front.jpg"
"ahash_same","00f69c8cc6ffffef","loan_053","id_card_front","loan_053\id_card_front.jpg"
"ahash_same","00f69c8cc6ffffef","loan_070","id_card_front","loan_070\id_card_front.jpg"
"ahash_same","f3070f0783ffffa7","loan_005","contract","loan_005\contract.jpg"
"ahash_same","f3070f0783ffffa7","loan_020","contract","loan_020\contract.jpg"
"ahash_same","f3070f0783ffffa7","loan_027","contract","loan_027\contract.jpg"
"ahash_same","f3070f0783ffffa7","loan_039","contract","loan_039\contract.jpg"
"ahash_same","f3070f0783ffffa7","loan_057","contract","loan_057\contract.jpg"
"ahash_same","f3070f0783ffffa7","loan_066","contract","loan_066\contract.jpg"
"ahash_same","f3070f0783ffffaf","loan_001","contract","loan_001\contract.jpg"
"ahash_same","f3070f0783ffffaf","loan_002","contract","loan_002\contract.jpg"
"ahash_same","f3070f0783ffffaf","loan_003","contract","loan_003\contract.jpg"
"ahash_same","f3070f0783ffffaf","loan_004","contract","loan_004\contract.jpg"
"ahash_same","f3070f0783ffffaf","loan_006","contract","loan_006\contract.jpg"
"ahash_same","f3070f0783ffffaf","loan_007","contract","loan_007\contract.jpg"
"ahash_same","f3070f0783ffffaf","loan_008","contract","loan_008\contract.jpg"
"ahash_same","f3070f0783ffffaf","loan_009","contract","loan_009\contract.jpg"
"ahash_same","f3070f0783ffffaf","loan_010","contract","loan_010\contract.jpg"
"ahash_same","f3070f0783ffffaf","loan_011","contract","loan_011\contract.jpg"
"ahash_same","f3070f0783ffffaf","loan_012","contract","loan_012\contract.jpg"
"ahash_same","f3070f0783ffffaf","loan_013","contract","loan_013\contract.jpg"
"ahash_same","f3070f0783ffffaf","loan_014","contract","loan_014\contract.jpg"
"ahash_same","f3070f0783ffffaf","loan_015","contract","loan_015\contract.jpg"
"ahash_same","f3070f0783ffffaf","loan_016","contract","loan_016\contract.jpg"
"ahash_same","f3070f0783ffffaf","loan_017","contract","loan_017\contract.jpg"
"ahash_same","f3070f0783ffffaf","loan_018","contract","loan_018\contract.jpg"
"ahash_same","f3070f0783ffffaf","loan_019","contract","loan_019\contract.jpg"
"ahash_same","f3070f0783ffffaf","loan_021","contract","loan_021\contract.jpg"
"ahash_same","f3070f0783ffffaf","loan_022","contract","loan_022\contract.jpg"
"ahash_same","f3070f0783ffffaf","loan_023","contract","loan_023\contract.jpg"
"ahash_same","f3070f0783ffffaf","loan_024","contract","loan_024\contract.jpg"
"ahash_same","f3070f0783ffffaf","loan_025","contract","loan_025\contract.jpg"
"ahash_same","f3070f0783ffffaf","loan_026","contract","loan_026\contract.jpg"
"ahash_same","f3070f0783ffffaf","loan_028","contract","loan_028\contract.jpg"
"ahash_same","f3070f0783ffffaf","loan_029","contract","loan_029\contract.jpg"
"ahash_same","f3070f0783ffffaf","loan_030","contract","loan_030\contract.jpg"
"ahash_same","f3070f0783ffffaf","loan_031","contract","loan_031\contract.jpg"
"ahash_same","f3070f0783ffffaf","loan_032","contract","loan_032\contract.jpg"
"ahash_same","f3070f0783ffffaf","loan_033","contract","loan_033\contract.jpg"
"ahash_same","f3070f0783ffffaf","loan_034","contract","loan_034\contract.jpg"
"ahash_same","f3070f0783ffffaf","loan_035","contract","loan_035\contract.jpg"
"ahash_same","f3070f0783ffffaf","loan_036","contract","loan_036\contract.jpg"
"ahash_same","f3070f0783ffffaf","loan_037","contract","loan_037\contract.jpg"
"ahash_same","f3070f0783ffffaf","loan_038","contract","loan_038\contract.jpg"
"ahash_same","f3070f0783ffffaf","loan_040","contract","loan_040\contract.jpg"
"ahash_same","f3070f0783ffffaf","loan_041","contract","loan_041\contract.jpg"
"ahash_same","f3070f0783ffffaf","loan_042","contract","loan_042\contract.jpg"
"ahash_same","f3070f0783ffffaf","loan_043","contract","loan_043\contract.jpg"
"ahash_same","f3070f0783ffffaf","loan_044","contract","loan_044\contract.jpg"
"ahash_same","f3070f0783ffffaf","loan_045","contract","loan_045\contract.jpg"
"ahash_same","f3070f0783ffffaf","loan_046","contract","loan_046\contract.jpg"
"ahash_same","f3070f0783ffffaf","loan_047","contract","loan_047\contract.jpg"
"ahash_same","f3070f0783ffffaf","loan_048","contract","loan_048\contract.jpg"
"ahash_same","f3070f0783ffffaf","loan_049","contract","loan_049\contract.jpg"
"ahash_same","f3070f0783ffffaf","loan_050","contract","loan_050\contract.jpg"
"ahash_same","f3070f0783ffffaf","loan_051","contract","loan_051\contract.jpg"
"ahash_same","f3070f0783ffffaf","loan_052","contract","loan_052\contract.jpg"
"ahash_same","f3070f0783ffffaf","loan_053","contract","loan_053\contract.jpg"
"ahash_same","f3070f0783ffffaf","loan_054","contract","loan_054\contract.jpg"
"ahash_same","f3070f0783ffffaf","loan_055","contract","loan_055\contract.jpg"
"ahash_same","f3070f0783ffffaf","loan_056","contract","loan_056\contract.jpg"
"ahash_same","f3070f0783ffffaf","loan_058","contract","loan_058\contract.jpg"
"ahash_same","f3070f0783ffffaf","loan_059","contract","loan_059\contract.jpg"
"ahash_same","f3070f0783ffffaf","loan_060","contract","loan_060\contract.jpg"
"ahash_same","f3070f0783ffffaf","loan_061","contract","loan_061\contract.jpg"
"ahash_same","f3070f0783ffffaf","loan_062","contract","loan_062\contract.jpg"
"ahash_same","f3070f0783ffffaf","loan_063","contract","loan_063\contract.jpg"
"ahash_same","f3070f0783ffffaf","loan_064","contract","loan_064\contract.jpg"
"ahash_same","f3070f0783ffffaf","loan_065","contract","loan_065\contract.jpg"
"ahash_same","f3070f0783ffffaf","loan_067","contract","loan_067\contract.jpg"
"ahash_same","f3070f0783ffffaf","loan_068","contract","loan_068\contract.jpg"
"ahash_same","f3070f0783ffffaf","loan_069","contract","loan_069\contract.jpg"
"ahash_same","f3070f0783ffffaf","loan_070","contract","loan_070\contract.jpg"
"ahash_same","f3070f0783ffffaf","loan_071","contract","loan_071\contract.jpg"
"ahash_same","f3070f0783ffffaf","loan_072","contract","loan_072\contract.jpg"
"ahash_same","f3070f0783ffffaf","loan_073","contract","loan_073\contract.jpg"
"ahash_same","f3070f0783ffffaf","loan_074","contract","loan_074\contract.jpg"
