"loan_id","image_type","file_name","relative_path","size_bytes","size_kb","width","height","aspect_ratio","open_status","error","sha256","ahash"
"loan_001","bank_statement","bank_statement.jpg","loan_001\bank_statement.jpg","126623","123.66","800","1100","0.7273","ok","","a973b4285f55e921e6d05b84d3eee510349b519f3dc3f4a03ca752dc61479331","00b1ffffffffffff"
"loan_001","contract","contract.jpg","loan_001\contract.jpg","81044","79.14","800","1100","0.7273","ok","","af50ccdda98864f868361284adfbb9de84900c04a30cd055be2140b44f3feb8d","f3070f0783ffffaf"
"loan_001","face_signing","face_signing.jpg","loan_001\face_signing.jpg","151766","148.21","1024","1024","1","ok","","b1468c02d84a1a50491a7db04a57f0c90abae94669fb66a5a86b632b02f444d7","e3e3fffec7868080"
"loan_001","id_card_back","id_card_back.jpg","loan_001\id_card_back.jpg","17292","16.89","680","430","1.5814","ok","","fc910eaca0ec2bd733b3b860a5d43d27435073f2cbfc28e3522a1b77c68b16cb","0077777f1f1f1f7f"
"loan_001","id_card_front","id_card_front.jpg","loan_001\id_card_front.jpg","22498","21.97","680","430","1.5814","ok","","8861f54bc2c94f24da972d2a3512a52f0e1e1d812bfb37dd6c9c9ab6b3b5080b","00f61c0cc6ffffef"
"loan_002","bank_statement","bank_statement.jpg","loan_002\bank_statement.jpg","125871","122.92","800","1100","0.7273","ok","","76ccd3ea529c5da2d60c895e985e9fabd4950015bcba5e9e8c0685f5846a497c","00b1ffffffffffff"
"loan_002","contract","contract.jpg","loan_002\contract.jpg","79850","77.98","800","1100","0.7273","ok","","d52dd8d9acd6e97a0a25c0279e005ecde0a07ef2d771680a4e6a76df4f62c4c5","f3070f0783ffffaf"
"loan_002","face_signing","face_signing.jpg","loan_002\face_signing.jpg","179583","175.37","1024","1024","1","ok","","ff1cc5cfad68a2bd656f684d03ba14f2cef7af916cffa37545992290c759865d","ff67ebf991910501"
"loan_002","id_card_back","id_card_back.jpg","loan_002\id_card_back.jpg","17190","16.79","680","430","1.5814","ok","","f5b1b6b7bab7f110f7d47696907b4c559379f9dd76cc485985520e0352125921","0077777f1f1f1f7f"
"loan_002","id_card_front","id_card_front.jpg","loan_002\id_card_front.jpg","21633","21.13","680","430","1.5814","ok","","d919c7c3c6cdf4907cd507b47973c75856fb8e0f26475892ee9a1f103784f6d5","00f61c0cceffffef"
"loan_003","bank_statement","bank_statement.jpg","loan_003\bank_statement.jpg","126118","123.16","800","1100","0.7273","ok","","80ec85341ce34c23bde4a40ee8675ba61e44e04404aff414a40ad7ea85f53c8c","00b1ffffffffffff"
"loan_003","contract","contract.jpg","loan_003\contract.jpg","79807","77.94","800","1100","0.7273","ok","","a391c00838c43ae6bcbd5f70d8083474cc4c685d67e21c1d54dc7777db9ef229","f3070f0783ffffaf"
"loan_003","face_signing","face_signing.jpg","loan_003\face_signing.jpg","168131","164.19","1024","1024","1","ok","","0bd8c6644e102c6e3ccf61909d40a68e0521d7cbedf62c30fb4c3c0b92e7276c","f167e7f7d7818181"
"loan_003","id_card_back","id_card_back.jpg","loan_003\id_card_back.jpg","17280","16.88","680","430","1.5814","ok","","ac16301db5e6db2358c70aaf7befdd69092fc184088568b728e6e7300ba822f2","0077777f1f1f1f7f"
"loan_003","id_card_front","id_card_front.jpg","loan_003\id_card_front.jpg","21569","21.06","680","430","1.5814","ok","","ca53d95c31ba05b70fc41d00311a884af729158545957fdca6fa430580c5e069","00f61c0cceffffef"
"loan_004","bank_statement","bank_statement.jpg","loan_004\bank_statement.jpg","127082","124.1","800","1100","0.7273","ok","","7978edba62d7c3eb9fe9af7b71d3dc3463c4ee9c4dd6a3f965460bfaae9044a1","00b9ffffffffffff"
"loan_004","contract","contract.jpg","loan_004\contract.jpg","78743","76.9","800","1100","0.7273","ok","","2faba34e67ca96c11f17ef21d02a6595cb9b8b2966fcffe54d549764eed259be","f3070f0783ffffaf"
"loan_004","face_signing","face_signing.jpg","loan_004\face_signing.jpg","164490","160.63","1024","1024","1","ok","","4de22826b6d8ae1668f19ce3614fbf58c3b7664c70aba75ddd5d1812c5d8168c","f3f7fbf981000707"
"loan_004","id_card_back","id_card_back.jpg","loan_004\id_card_back.jpg","17268","16.86","680","430","1.5814","ok","","52bb6477479db701271b7ce9f65413d94b137b32d04b5613b30e3efeab7d12f3","0077777f1f1f1f7f"
"loan_004","id_card_front","id_card_front.jpg","loan_004\id_card_front.jpg","21176","20.68","680","430","1.5814","ok","","0ae670548993ec98d0784d0c4f7cc90e14d7c1cf0c7777181316d202613b2471","00f61c0cceffffef"
"loan_005","bank_statement","bank_statement.jpg","loan_005\bank_statement.jpg","126255","123.3","800","1100","0.7273","ok","","8acdca422d657bf8d4e8f3565f438905dee4aac2b8934415db299c328bac557e","00b1ffffffffffff"
"loan_005","contract","contract.jpg","loan_005\contract.jpg","79694","77.83","800","1100","0.7273","ok","","2ee5bfb7ec6d72961010c1a4bab55cf5cf3979e50b3b221c1d5035407c0b6daa","f3070f0783ffffa7"
"loan_005","face_signing","face_signing.jpg","loan_005\face_signing.jpg","183247","178.95","1024","1024","1","ok","","8a7160d36b7ee1c83d04912f6e4f4b78c3552fbb741e55b1f4118d0eb10e8a02","63636377f7412000"
"loan_005","id_card_back","id_card_back.jpg","loan_005\id_card_back.jpg","17212","16.81","680","430","1.5814","ok","","25199e5d892b6ce4fe8b000cae4a490c46f5d68db7e5d638344d80d08a0e1072","0077777f1f1f1f7f"
"loan_005","id_card_front","id_card_front.jpg","loan_005\id_card_front.jpg","21719","21.21","680","430","1.5814","ok","","f9b9ff17df457443dabf4c7831f3b038101c09b0382c21871457919e4af0d29e","00f61c0cceffffef"
"loan_006","bank_statement","bank_statement.jpg","loan_006\bank_statement.jpg","127433","124.45","800","1100","0.7273","ok","","97c5eb25ea3407ec9a3e46b98c1896eb27e176c00be0c82020619cf9f47cda45","00b1ffffffffffff"
"loan_006","contract","contract.jpg","loan_006\contract.jpg","79485","77.62","800","1100","0.7273","ok","","6c7181c79f6ddffd6119034dda29e4ecb058c47f761175bb62eced0503aba885","f3070f0783ffffaf"
"loan_006","face_signing","face_signing.jpg","loan_006\face_signing.jpg","149676","146.17","1024","1024","1","ok","","b715bf57196e3824042375a6c38341fd6fa4d7487f29601b13240adf72e7a6a6","8e8b82acfce49080"
"loan_006","id_card_back","id_card_back.jpg","loan_006\id_card_back.jpg","17256","16.85","680","430","1.5814","ok","","d0ba5bbbe2d05780aa58d0f58098516db6c71e87869816000de424dd35a7871c","0077777f1f1f1f7f"
"loan_006","id_card_front","id_card_front.jpg","loan_006\id_card_front.jpg","21768","21.26","680","430","1.5814","ok","","436c7fa2ecd2afaa28c371b69a6df68ca5157988830c4385c8741ca710cbc971","00f61c0cceffffef"
"loan_007","bank_statement","bank_statement.jpg","loan_007\bank_statement.jpg","126121","123.17","800","1100","0.7273","ok","","6ffc1e57c935db6a77fb2ea257629010112bcfa3387ea99db22e1ed7630b5e2e","00b1ffffffffffff"
"loan_007","contract","contract.jpg","loan_007\contract.jpg","80110","78.23","800","1100","0.7273","ok","","62ffdf7974cee961de6ed24ced2bd9ec5825f33a1d2e09e0affd6f337c956727","f3070f0783ffffaf"
"loan_007","face_signing","face_signing.jpg","loan_007\face_signing.jpg","161772","157.98","1024","1024","1","ok","","1ccd442370b60065d3996065530b602c1e4e64a6a51844280c07eb25a7a64244","7cf9c3fbed878707"
"loan_007","id_card_back","id_card_back.jpg","loan_007\id_card_back.jpg","17187","16.78","680","430","1.5814","ok","","fe11969dc91e885578142cfa8ace76e401d9ddddb9bde0103a45d5e220fc60a9","0077777f1f1f1f7f"
"loan_007","id_card_front","id_card_front.jpg","loan_007\id_card_front.jpg","22502","21.97","680","430","1.5814","ok","","5fb57e9cbd16be86bd9c3c887d18e99b9cb7b0674da9f54f6bf8fcc61af37237","00f61c0cc6ffffef"
"loan_008","bank_statement","bank_statement.jpg","loan_008\bank_statement.jpg","126644","123.68","800","1100","0.7273","ok","","aaa86035aa604afa0977d2f7d70900b395d2ef405efe03cde8544f5dea74de75","00b1ffffffffffff"
"loan_008","contract","contract.jpg","loan_008\contract.jpg","79109","77.25","800","1100","0.7273","ok","","cedb79e28c38e2503c052aab73a11560c59d02cc669b2e099535d2d960c282c8","f3070f0783ffffaf"
"loan_008","face_signing","face_signing.jpg","loan_008\face_signing.jpg","184467","180.14","1024","1024","1","ok","","84d729bf6559ed45cd9dff12dc7c560d67f03183b0f45e726f626bb7db6ebc71","808093be96633313"
"loan_008","id_card_back","id_card_back.jpg","loan_008\id_card_back.jpg","17181","16.78","680","430","1.5814","ok","","4dcfedcecef864dd390bb55f261c004225a2927cee419a97775c33549f36da71","0077777f1f1f1f7f"
"loan_008","id_card_front","id_card_front.jpg","loan_008\id_card_front.jpg","21169","20.67","680","430","1.5814","ok","","d88e16fba64cfc465ccb4f3897c5f7f8b342f9301663d0e3ab6f10c9a2bc4b08","00f61c0cceffffef"
"loan_009","bank_statement","bank_statement.jpg","loan_009\bank_statement.jpg","127609","124.62","800","1100","0.7273","ok","","0747af85d4cd91ee1fa3058f38fe5f02d99ef60086948964604eac6fd5a61463","00b1ffffffffffff"
"loan_009","contract","contract.jpg","loan_009\contract.jpg","79294","77.44","800","1100","0.7273","ok","","c546b04dc4694f60c26847969c3005d626f74818af510ca1740d84ca843b2406","f3070f0783ffffaf"
"loan_009","face_signing","face_signing.jpg","loan_009\face_signing.jpg","156625","152.95","1024","1024","1","ok","","df8e8e1c4cb9f6941b804ae13f0d592b59155f3e086b298e22dafd9a7d07a536","f0f1f0fff1808080"
"loan_009","id_card_back","id_card_back.jpg","loan_009\id_card_back.jpg","17174","16.77","680","430","1.5814","ok","","46955af161ace91fb42c870b997229e6f84a3a041e06b809d0113bab16edb5ed","0077777f1f1f1f7f"
"loan_009","id_card_front","id_card_front.jpg","loan_009\id_card_front.jpg","21956","21.44","680","430","1.5814","ok","","17e9f3cf886f953e1d0de907b9e9a6a1d9c13b98d2741c89c8874d9933e19df2","00f61c0cceffffef"
"loan_010","bank_statement","bank_statement.jpg","loan_010\bank_statement.jpg","125638","122.69","800","1100","0.7273","ok","","a67449ace9783dd3a2641cb2466a98d06a0859f434c78382188cf8a074085b98","00b9ffffffffffff"
"loan_010","contract","contract.jpg","loan_010\contract.jpg","80000","78.12","800","1100","0.7273","ok","","63233a72eeb76ccae499d3f20c8cc54c9e8b1e3ed30ee6a9c6d270635c48ecea","f3070f0783ffffaf"
"loan_010","face_signing","face_signing.jpg","loan_010\face_signing.jpg","160439","156.68","1024","1024","1","ok","","cf7ff2375efad32c55557a0cb1cfeac2785a71469d77f0ab738b0562b394c1c8","fdfbc137e7c48484"
"loan_010","id_card_back","id_card_back.jpg","loan_010\id_card_back.jpg","17186","16.78","680","430","1.5814","ok","","fe011b1903afdc28c542332a6ff9939340b0975209b483f2320c288fa690a6ae","0077777f1f1f1f7f"
"loan_010","id_card_front","id_card_front.jpg","loan_010\id_card_front.jpg","21518","21.01","680","430","1.5814","ok","","36783ac7839a96051ce419d7ae8f61957f399697ebddb8ae5a5bcecff7951ecf","00f61c0cceffffef"
"loan_011","bank_statement","bank_statement.jpg","loan_011\bank_statement.jpg","126289","123.33","800","1100","0.7273","ok","","cc09cfd44a2d5c5eead58a1f8ad7e7fd3f68780f697cf10f71314acdb3f4a66f","00b1ffffffffffff"
"loan_011","contract","contract.jpg","loan_011\contract.jpg","79756","77.89","800","1100","0.7273","ok","","7fcd09f2fdafe85db1006dc1703756d7771ff565f5a130d50148984511ed15fe","f3070f0783ffffaf"
"loan_011","face_signing","face_signing.jpg","loan_011\face_signing.jpg","200822","196.12","1024","1024","1","ok","","2400c3c1703dcf19cd693075be0ee19000a71cb61451ed473ec0140b8761142b","2161ff1f87048484"
"loan_011","id_card_back","id_card_back.jpg","loan_011\id_card_back.jpg","17273","16.87","680","430","1.5814","ok","","bc43ce06cb7a44cc14e2bf142fd66dab9551ef4e115d0ddea66e0095ab0bf90e","0077777f1f1f1f7f"
"loan_011","id_card_front","id_card_front.jpg","loan_011\id_card_front.jpg","22387","21.86","680","430","1.5814","ok","","1fb5252bd95cf140023693835350cead04d55b1dc37ee784586193e5ffa074ef","00f61c0cc6ffffef"
"loan_012","bank_statement","bank_statement.jpg","loan_012\bank_statement.jpg","127060","124.08","800","1100","0.7273","ok","","c1d4254c1bc21d02adbcf632ea324174fa3fd554647c35c98f91c2aeb607862c","00b1ffffffffffff"
"loan_012","contract","contract.jpg","loan_012\contract.jpg","79962","78.09","800","1100","0.7273","ok","","23bad0bfba11e2d6a4bd65f535079eb72a509b8dad1fed4d97b2695ea9bcd51d","f3070f0783ffffaf"
"loan_012","face_signing","face_signing.jpg","loan_012\face_signing.jpg","129660","126.62","1024","1024","1","ok","","6fd01841d3ce0a6cb09c452391c5d09d9643b5dde22d46586d27f35545b37f04","eec4d9d8de070707"
"loan_012","id_card_back","id_card_back.jpg","loan_012\id_card_back.jpg","17233","16.83","680","430","1.5814","ok","","3687ade79375a9863793901456fba29b3d1a8bf404b072daa5bf07262562848e","0077777f1f1f1f7f"
"loan_012","id_card_front","id_card_front.jpg","loan_012\id_card_front.jpg","21386","20.88","680","430","1.5814","ok","","a12d89a8fb82f1df33a3b5fbdead9b8405b1b9a7ae9d8582e9018dc51edd1c15","00f61c0cceffffef"
"loan_013","bank_statement","bank_statement.jpg","loan_013\bank_statement.jpg","125732","122.79","800","1100","0.7273","ok","","1c3da824d4780fc7b18282185dc01b7a0cc230d75bf3cf9697983f170c77e658","00b1ffffffffffff"
"loan_013","contract","contract.jpg","loan_013\contract.jpg","79127","77.27","800","1100","0.7273","ok","","799e5f2c466d1f1de1c819cecb919de243ccd0c16130ed2783cf8a8767705d2f","f3070f0783ffffaf"
"loan_013","face_signing","face_signing.jpg","loan_013\face_signing.jpg","175263","171.16","1024","1024","1","ok","","f5cd4ccb5a17353e6ad2bc8bb9aeeac65576025dffa3f7d5b27223f9dbc63025","baa0a4f7f4e08086"
"loan_013","id_card_back","id_card_back.jpg","loan_013\id_card_back.jpg","17265","16.86","680","430","1.5814","ok","","f984e969adf240c032653278b62171066bda9d2e3b69d5399667b341135aa5ba","0077777f1f1f1f7f"
"loan_013","id_card_front","id_card_front.jpg","loan_013\id_card_front.jpg","21555","21.05","680","430","1.5814","ok","","7e3d6800efb0ef3d1c338ca4ca0f223addbdc8c085d6024fbdaf54ba731cafe9","00f61c0cceffffef"
"loan_014","bank_statement","bank_statement.jpg","loan_014\bank_statement.jpg","126657","123.69","800","1100","0.7273","ok","","e08e9b0b29558c25b9ce878acc7d29f4e6dcacc3a7a3ab3d296f7c2318abf822","00b9ffffffffffff"
"loan_014","contract","contract.jpg","loan_014\contract.jpg","79436","77.57","800","1100","0.7273","ok","","78fb16f37067ecd4ce35d8ad08bb32950076029418ef59d62e029ccb97c2302c","f3070f0783ffffaf"
"loan_014","face_signing","face_signing.jpg","loan_014\face_signing.jpg","157750","154.05","1024","1024","1","ok","","ca987468c5583b53545023a560b94926b3e7a79ef824fd37b3d614038b6588f5","67e151f7f7311100"
"loan_014","id_card_back","id_card_back.jpg","loan_014\id_card_back.jpg","17230","16.83","680","430","1.5814","ok","","7018c95c75ee6004590e158c1301c3c0aaa44e9ca2df9a95cc37c7d3e85fdc45","0077777f1f1f1f7f"
"loan_014","id_card_front","id_card_front.jpg","loan_014\id_card_front.jpg","21557","21.05","680","430","1.5814","ok","","27393a797ed2210266c2455c37da1cf4a74e37126ee9e06ed9981a8000d3b720","00f61c0cceffffef"
"loan_015","bank_statement","bank_statement.jpg","loan_015\bank_statement.jpg","125570","122.63","800","1100","0.7273","ok","","e60d1f76c990985eec8e8e0b9e7859c36b7176ff50311ae3a91a4956daac6c42","00b1ffffffffffff"
"loan_015","contract","contract.jpg","loan_015\contract.jpg","79467","77.6","800","1100","0.7273","ok","","894e60bdd6132d01e34ee322bc3ad95b0e07269ec466f1312368f1303b22adb2","f3070f0783ffffaf"
"loan_015","face_signing","face_signing.jpg","loan_015\face_signing.jpg","159509","155.77","1024","1024","1","ok","","8559aec738b4992c7ebce174a327961725292583b95eeeeaaaefa09fc0644f49","f1f00ffff7810101"
"loan_015","id_card_back","id_card_back.jpg","loan_015\id_card_back.jpg","17226","16.82","680","430","1.5814","ok","","62e91a2db0569bc6cfe2a98623101464ee1c0fb67fb8603e35b454704be9d267","0077777f1f1f1f7f"
"loan_015","id_card_front","id_card_front.jpg","loan_015\id_card_front.jpg","21838","21.33","680","430","1.5814","ok","","83f8ba7d843279144c36a7685374285ba50c619018e5bca949702502672298a4","00f61c0cceffffef"
"loan_016","bank_statement","bank_statement.jpg","loan_016\bank_statement.jpg","126062","123.11","800","1100","0.7273","ok","","da8bdf528ebae7d746d7ae7f58fe763d4754c25cecd661f3f32c729cadd3326e","00b1ffffffffffff"
"loan_016","contract","contract.jpg","loan_016\contract.jpg","80231","78.35","800","1100","0.7273","ok","","fd1394838682a96d0d6ab2055d6a16536fbfba7310f4d0116e6aa67902ceb40f","f3070f0783ffffaf"
"loan_016","face_signing","face_signing.jpg","loan_016\face_signing.jpg","178959","174.76","1024","1024","1","ok","","608a4ba7f49ba59b8c9a657d170bbc660106db0ef97411a8e946b56c9b5f50f5","3923e37f4f8787c5"
"loan_016","id_card_back","id_card_back.jpg","loan_016\id_card_back.jpg","17176","16.77","680","430","1.5814","ok","","5c56d0d563edf247572af02950944a639313e3738685394fb7540d50b1d914d2","0077777f1f1f1f7f"
"loan_016","id_card_front","id_card_front.jpg","loan_016\id_card_front.jpg","21713","21.2","680","430","1.5814","ok","","bc00180527a2e7228835906e4e2bcdf80226793b68217a9539eee9eb722080d3","00f61c0cceffffef"
"loan_017","bank_statement","bank_statement.jpg","loan_017\bank_statement.jpg","126685","123.72","800","1100","0.7273","ok","","52e60565cd96adb9c28e069efe4b6c4fc2a7e090a9db2df8bf02eb127e3de440","00b1ffffffffffff"
"loan_017","contract","contract.jpg","loan_017\contract.jpg","79162","77.31","800","1100","0.7273","ok","","46a0b81d9fc9f2676b2e946b4874e15a6b90a4102d72373ef2ab93a31266fd57","f3070f0783ffffaf"
"loan_017","face_signing","face_signing.jpg","loan_017\face_signing.jpg","170612","166.61","1024","1024","1","ok","","8d60906a6983b0d478c0dad329774e92cf3d540dcba03e985ff41a6fe5c3dea1","d1f3f3fc85858187"
"loan_017","id_card_back","id_card_back.jpg","loan_017\id_card_back.jpg","17217","16.81","680","430","1.5814","ok","","3f29471c30b481802c987ef63f6e9cc956aac5b99335daaff030ab4e93ce0f93","0077777f1f1f1f7f"
"loan_017","id_card_front","id_card_front.jpg","loan_017\id_card_front.jpg","21210","20.71","680","430","1.5814","ok","","ecfec06c70bde9bb6578a0f7378758a680cdf95e7425fd8672fc2f16e946a4ca","00f61c0cceffffef"
"loan_018","bank_statement","bank_statement.jpg","loan_018\bank_statement.jpg","125712","122.77","800","1100","0.7273","ok","","2bdbd7dde96daad598b1bc54e8324e2e433191509f07441205d2019d9605d6ba","00b1ffffffffffff"
"loan_018","contract","contract.jpg","loan_018\contract.jpg","80659","78.77","800","1100","0.7273","ok","","124a3edacb7730811c10cc89b0a59f344f9fc1c0123b6e44241a0f433a2adbcc","f3070f0783ffffaf"
"loan_018","face_signing","face_signing.jpg","loan_018\face_signing.jpg","140875","137.57","1024","1024","1","ok","","369f6cac922ca29d45adb65bb5e760542a009ff04d80b7eb8bbe5cd812e2e29c","d1c1d1f3f7321010"
"loan_018","id_card_back","id_card_back.jpg","loan_018\id_card_back.jpg","17207","16.8","680","430","1.5814","ok","","78f66fc8b761ddb570c24bf6ee2e13c5c7cd2d644b815f449483634c3fd98c9a","0077777f1f1f1f7f"
"loan_018","id_card_front","id_card_front.jpg","loan_018\id_card_front.jpg","22521","21.99","680","430","1.5814","ok","","43d40dee207097a9c27371e92f85591039f975c41122813a15293a8a40c0491e","00f61c0cc6ffffef"
"loan_019","bank_statement","bank_statement.jpg","loan_019\bank_statement.jpg","126683","123.71","800","1100","0.7273","ok","","75445782b62fb5594c18f6e8574fcecfd97d0bad69b3d2aec2d75fbd33a87f6f","00b1ffffffffffff"
"loan_019","contract","contract.jpg","loan_019\contract.jpg","79236","77.38","800","1100","0.7273","ok","","3086e30dda14bba1f07084322e70ab2c80689964ecb5b437ee8a982cc7d46554","f3070f0783ffffaf"
"loan_019","face_signing","face_signing.jpg","loan_019\face_signing.jpg","148566","145.08","1024","1024","1","ok","","c7c1acdd1b43e06afa674431f9f4e1a04d7af8c022f3eb9992ea2668c6596035","f3f9f5fe01818180"
"loan_019","id_card_back","id_card_back.jpg","loan_019\id_card_back.jpg","17184","16.78","680","430","1.5814","ok","","3066e62411b8575304e1f913b870b7f4079d502f54df54ede57c9479d867560b","0077777f1f1f1f7f"
"loan_019","id_card_front","id_card_front.jpg","loan_019\id_card_front.jpg","21776","21.27","680","430","1.5814","ok","","24a8f7e24e03e0c0c99ca382eb5a8b814b1adccb7a884a6e5dcc81c82512b90c","00f61c0cceffffef"
"loan_020","bank_statement","bank_statement.jpg","loan_020\bank_statement.jpg","126786","123.81","800","1100","0.7273","ok","","5394d86c198096c1391a51fc2bffc8b5aa51cf59d8ed9655bd709244c8ab976f","00b1ffffffffffff"
"loan_020","contract","contract.jpg","loan_020\contract.jpg","80043","78.17","800","1100","0.7273","ok","","6f3ce97b89ff50abef81a8318bac488929e26294c1be2cd21fe117ee9717116b","f3070f0783ffffa7"
"loan_020","face_signing","face_signing.jpg","loan_020\face_signing.jpg","191714","187.22","1024","1024","1","ok","","19acef726430dd0c14077dd7f9ec8a0be91fd4ab10bbcffcf687d45ff6be897a","828daebfe5948484"
"loan_020","id_card_back","id_card_back.jpg","loan_020\id_card_back.jpg","17246","16.84","680","430","1.5814","ok","","f77f80dbc6a83cb40c5ff58c46701d76f4efa7a7e76056233a284677e9fc53c6","0077777f1f1f1f7f"
"loan_020","id_card_front","id_card_front.jpg","loan_020\id_card_front.jpg","21849","21.34","680","430","1.5814","ok","","be3120a5be4a0c95ae2def9a9364b0b17fb3d3deea9923496f67690a6fed7dff","00f61c0cceffffef"
"loan_021","bank_statement","bank_statement.jpg","loan_021\bank_statement.jpg","125417","122.48","800","1100","0.7273","ok","","8e223c59c4139b2121bdbcc80ba6afc43fcfc15b4678f71dc49e349dcd0afed5","00b1ffffffffffff"
"loan_021","contract","contract.jpg","loan_021\contract.jpg","79704","77.84","800","1100","0.7273","ok","","51309410ed85d96b406525d82463ad3a468684a50f34420f763b35b3b5492ca8","f3070f0783ffffaf"
"loan_021","face_signing","face_signing.jpg","loan_021\face_signing.jpg","170461","166.47","1024","1024","1","ok","","c64a20e93c9aca8d291ccbacb9a262f08294de33200610a266b9033f67e8f00c","ccd1f3fdfd80060c"
"loan_021","id_card_back","id_card_back.jpg","loan_021\id_card_back.jpg","17211","16.81","680","430","1.5814","ok","","aec77230ba3a07bf89f5681ad2aa484c51bcfe5143bafb9fe399b4af6c793507","0077777f1f1f1f7f"
"loan_021","id_card_front","id_card_front.jpg","loan_021\id_card_front.jpg","21794","21.28","680","430","1.5814","ok","","e9c92a3e06760d7a1bd7a0e92776716021d2593efa90286c01f12c9a5fe945ff","00f61c0cceffffef"
"loan_022","bank_statement","bank_statement.jpg","loan_022\bank_statement.jpg","126634","123.67","800","1100","0.7273","ok","","ed33083fcce0a5e531d4e54082bc3b53ad783bf01c726c01b97ab3bd07a9ba7d","00b1ffffffffffff"
"loan_022","contract","contract.jpg","loan_022\contract.jpg","80187","78.31","800","1100","0.7273","ok","","a52f3141f307052a4f3aa5c2d3c79770b2423145b9ca1c482e325300090d8c96","f3070f0783ffffaf"
"loan_022","face_signing","face_signing.jpg","loan_022\face_signing.jpg","133514","130.38","1024","1024","1","ok","","98ee3c36d22f943b216c28d8b4c02b11c11f8863bc824e20e9f4835a29fcbb66","fcf7a1f5c5010d8d"
"loan_022","id_card_back","id_card_back.jpg","loan_022\id_card_back.jpg","17221","16.82","680","430","1.5814","ok","","0c795ee6d1eaa83a242571d28b66bd1d8d25a6c46821186ff4f987a1c4a7c341","0077777f1f1f1f7f"
"loan_022","id_card_front","id_card_front.jpg","loan_022\id_card_front.jpg","21906","21.39","680","430","1.5814","ok","","c035d7ceb189e37da8367706ebd4e8a5864eec265e8279162b5c40633ae1416c","00f61c0cceffffef"
"loan_023","bank_statement","bank_statement.jpg","loan_023\bank_statement.jpg","126157","123.2","800","1100","0.7273","ok","","ea7d6a7d64b82a89eef52790cf1ff0e2f22fb6ed8ed92a27a722288f1837fab4","00b1ffffffffffff"
"loan_023","contract","contract.jpg","loan_023\contract.jpg","79602","77.74","800","1100","0.7273","ok","","e59c1fa1caa4076554ff4dd9c94b4359c9e976709e595b101e24ec8a5f27fa8f","f3070f0783ffffaf"
"loan_023","face_signing","face_signing.jpg","loan_023\face_signing.jpg","157487","153.8","1024","1024","1","ok","","bf499738fcee67790583daa6216949bbc917397f734bdcc7f846483394426e9f","e8e8017d01838f0f"
"loan_023","id_card_back","id_card_back.jpg","loan_023\id_card_back.jpg","17282","16.88","680","430","1.5814","ok","","01b8251d53d1e946ed9edcdf50d0286c85388e851ee98bdc111eec6c4e7e0f58","0077777f1f1f1f7f"
"loan_023","id_card_front","id_card_front.jpg","loan_023\id_card_front.jpg","21786","21.28","680","430","1.5814","ok","","52bd325bc4aa02f40ea437486d61c21859dbf84e1a353c688487b2773600a8b7","00f63c0cceffffef"
"loan_024","bank_statement","bank_statement.jpg","loan_024\bank_statement.jpg","125945","122.99","800","1100","0.7273","ok","","fcb485979082221c193dce3cbc429f6fa3764158bdb01054e4173fc1ec0b0493","00b1ffffffffffff"
"loan_024","contract","contract.jpg","loan_024\contract.jpg","79274","77.42","800","1100","0.7273","ok","","90317671119ce193ff9e0e52f60bd6f51308f879d1ca3f4a8604af45e4b1eaa2","f3070f0783ffffaf"
"loan_024","face_signing","face_signing.jpg","loan_024\face_signing.jpg","161651","157.86","1024","1024","1","ok","","97158b012f74180f9ce9cbb4bf7312d233b2bbc061387ed6be3b38e322b1905e","cf4fc7f713110101"
"loan_024","id_card_back","id_card_back.jpg","loan_024\id_card_back.jpg","17183","16.78","680","430","1.5814","ok","","89a05fdc48d25255aca13d6e26c01fd8bfec551bd9ca3f1a3f8a36aeb602ac16","0077777f1f1f1f7f"
"loan_024","id_card_front","id_card_front.jpg","loan_024\id_card_front.jpg","21361","20.86","680","430","1.5814","ok","","fb95bb9071b4a695ae839931d12e711e5abbdc19e5560414191977d1278d820a","00f61c0cceffffef"
"loan_025","bank_statement","bank_statement.jpg","loan_025\bank_statement.jpg","127269","124.29","800","1100","0.7273","ok","","5627d03d36c3bccf1fb2254dd3b7567184f7a8924142d0acfe5c335095525960","00b1ffffffffffff"
"loan_025","contract","contract.jpg","loan_025\contract.jpg","79059","77.21","800","1100","0.7273","ok","","c26567cdd1f71179fcdda16c6e0845810b2340120f432e43074b7d7c5b807338","f3070f0783ffffaf"
"loan_025","face_signing","face_signing.jpg","loan_025\face_signing.jpg","169596","165.62","1024","1024","1","ok","","1bb25d225c5a9e132fbd50a37b6aa610a14e20d5b44d161477c72d4f5f10124a","fdc1e5e7e0c08282"
"loan_025","id_card_back","id_card_back.jpg","loan_025\id_card_back.jpg","17318","16.91","680","430","1.5814","ok","","ee793691bd8fff3a7c119027a4e184d51ffbd1d4f3be05e7d599d1290ef8bc0e","0077777f1f1f1f7f"
"loan_025","id_card_front","id_card_front.jpg","loan_025\id_card_front.jpg","21432","20.93","680","430","1.5814","ok","","a0842d69b8406475adeda7ee733e6662d928d07168a3aad0c16196912970ff39","00f61c0cceffffef"
"loan_026","bank_statement","bank_statement.jpg","loan_026\bank_statement.jpg","125304","122.37","800","1100","0.7273","ok","","cbf1827fcd87f3a39ad244399c07322ba4b60d8c9f5665d65761c733237d99aa","00b1ffffffffffff"
"loan_026","contract","contract.jpg","loan_026\contract.jpg","80521","78.63","800","1100","0.7273","ok","","c69ead2447631aeebb0406292e3b9abfbf179309a1d8f8248139641516c30a7e","f3070f0783ffffaf"
"loan_026","face_signing","face_signing.jpg","loan_026\face_signing.jpg","186273","181.91","1024","1024","1","ok","","318bbffe783003258928fd833d0dc318c34e756859b9a87036c393f4508c0560","f2f9e97e6cc10300"
"loan_026","id_card_back","id_card_back.jpg","loan_026\id_card_back.jpg","17184","16.78","680","430","1.5814","ok","","03798d1f6ac6cfb26e5a3c1d14de7261ac78984c8148d46515b0c121aacac0c5","0077777f1f1f1f7f"
"loan_026","id_card_front","id_card_front.jpg","loan_026\id_card_front.jpg","22099","21.58","680","430","1.5814","ok","","f7aaf0c07eb1536020913930d08cc28a9980aa646cfe6760136f835574b63899","00f61c0cceffffef"
"loan_027","bank_statement","bank_statement.jpg","loan_027\bank_statement.jpg","126587","123.62","800","1100","0.7273","ok","","1fe8090c798684bb7d97458fff1d614fa586e173184adc99f660fde530ad91ee","00b1ffffffffffff"
"loan_027","contract","contract.jpg","loan_027\contract.jpg","79922","78.05","800","1100","0.7273","ok","","a165ee5d92c2c007140882520e97e711a984767142d0b11306f027ead04dc657","f3070f0783ffffa7"
"loan_027","face_signing","face_signing.jpg","loan_027\face_signing.jpg","156445","152.78","1024","1024","1","ok","","fc5c3451c53809942b8e35b4c8474147717e5f9e8162ee50908ce00a3544d459","07a0c8d1d781171f"
"loan_027","id_card_back","id_card_back.jpg","loan_027\id_card_back.jpg","17238","16.83","680","430","1.5814","ok","","4aa912ab34516568ceea01247652d36e0547220a17f4e37574a4408115b98098","0077777f1f1f1f7f"
"loan_027","id_card_front","id_card_front.jpg","loan_027\id_card_front.jpg","22538","22.01","680","430","1.5814","ok","","18d5109b8ddddaf140a943d8cfda6b77d5ce3426c4340f47542b2f36c218439f","00f61c0cc6ffffef"
"loan_028","bank_statement","bank_statement.jpg","loan_028\bank_statement.jpg","127053","124.08","800","1100","0.7273","ok","","2e376dd3bdbb11c857f2f74aec4d4359326acf565af5a779af54a72e89cb80d7","00b1ffffffffffff"
"loan_028","contract","contract.jpg","loan_028\contract.jpg","79716","77.85","800","1100","0.7273","ok","","7588e9ca905824363065914d6a2a0577d96650f425e650678289829b194ca058","f3070f0783ffffaf"
"loan_028","face_signing","face_signing.jpg","loan_028\face_signing.jpg","143835","140.46","1024","1024","1","ok","","f8f8c1b46216c755a75fc4714e2cf4901dbcf60a4fd397d720a61dede4de6409","a187f7f7f10180c1"
"loan_028","id_card_back","id_card_back.jpg","loan_028\id_card_back.jpg","17187","16.78","680","430","1.5814","ok","","b68aac7abdce9c991ecbd34170da60950afc27d62e4edcf7759fbba7c16ef37c","0077777f1f1f1f7f"
"loan_028","id_card_front","id_card_front.jpg","loan_028\id_card_front.jpg","21237","20.74","680","430","1.5814","ok","","5763f11fa86c72242cdbeee536d4f5b84a91a6892812b27a4d06f61a55f2ed79","00f61c0cceffffef"
"loan_029","bank_statement","bank_statement.jpg","loan_029\bank_statement.jpg","127702","124.71","800","1100","0.7273","ok","","a5d2d616cd70753d2d96fca96aebb4657546fc6ba3226687b98b01b5e3784c62","00b9ffffffffffff"
"loan_029","contract","contract.jpg","loan_029\contract.jpg","80217","78.34","800","1100","0.7273","ok","","7a8b2404d39136b3feb9b285c977b3b4983c1a4d7ec3ffa7a499f724ee805715","f3070f0783ffffaf"
"loan_029","face_signing","face_signing.jpg","loan_029\face_signing.jpg","186821","182.44","1024","1024","1","ok","","26c8f5e4237255bc0355dade269e3712027459ffebbe29960cb15a85a442078b","c3dbfbd607010000"
"loan_029","id_card_back","id_card_back.jpg","loan_029\id_card_back.jpg","17177","16.77","680","430","1.5814","ok","","c51501aa36963f8c90e95fbbf260c07178c3e0c879b9a1f1cb2d192200d765ca","0077777f1f1f1f7f"
"loan_029","id_card_front","id_card_front.jpg","loan_029\id_card_front.jpg","21602","21.1","680","430","1.5814","ok","","2dc1a8ba94feb271a45103bb61d430d27cb979a6fad8620570ee4113a1e5541f","00f61c0cceffffef"
"loan_030","bank_statement","bank_statement.jpg","loan_030\bank_statement.jpg","126095","123.14","800","1100","0.7273","ok","","bd559a01228a0e081fb882bdbd89de84edae26080ccfe14cc941b38b583b155c","00b9ffffffffffff"
"loan_030","contract","contract.jpg","loan_030\contract.jpg","80918","79.02","800","1100","0.7273","ok","","2d719d01b40de00d7d2a8b38a8846e8ad8deee639a5702998981625c7dd89f09","f3070f0783ffffaf"
"loan_030","face_signing","face_signing.jpg","loan_030\face_signing.jpg","177577","173.42","1024","1024","1","ok","","00943c45f853bf14dbc7ba8e957d2292b772566a6ed5f497dc9b2a44feeaf0ad","c6e3e5fec5848080"
"loan_030","id_card_back","id_card_back.jpg","loan_030\id_card_back.jpg","17254","16.85","680","430","1.5814","ok","","f616e7bf4636eba885c82035764a88f1532e954bcb60a3e0dcc4e329420abec3","0077777f1f1f1f7f"
"loan_030","id_card_front","id_card_front.jpg","loan_030\id_card_front.jpg","21992","21.48","680","430","1.5814","ok","","ea593ec5cfd5f388756991dc909df827d5526e99fe05c58db4a37c13289e50c1","00f61c0cceffffef"
"loan_031","bank_statement","bank_statement.jpg","loan_031\bank_statement.jpg","125320","122.38","800","1100","0.7273","ok","","4f54e701efbc7c53dd0487328bfc5572f7ad8f60c6b2a2522d585734faea81d8","00b1ffffffffffff"
"loan_031","contract","contract.jpg","loan_031\contract.jpg","79867","78","800","1100","0.7273","ok","","dbe022f60b1def1c011b89ebb6c96044a8f03873a5ad048c539ae022b1e4002d","f3070f0783ffffaf"
"loan_031","face_signing","face_signing.jpg","loan_031\face_signing.jpg","151932","148.37","1024","1024","1","ok","","b1287a7fda5dedb9f0833471d1bf2ea198b083466c3885355c9529fe85078f79","f4f5fdfd808080c0"
"loan_031","id_card_back","id_card_back.jpg","loan_031\id_card_back.jpg","17244","16.84","680","430","1.5814","ok","","9d46bc7d6e96fccb7771208b24c969f9283179955566dbb605d981cf00d0ff83","0077777f1f1f1f7f"
"loan_031","id_card_front","id_card_front.jpg","loan_031\id_card_front.jpg","21541","21.04","680","430","1.5814","ok","","360dd41b552f0a2d00699ce5c4e51b7b03bf97ce85edc94405dca08b794e16d6","00f61c0cceffffef"
"loan_032","bank_statement","bank_statement.jpg","loan_032\bank_statement.jpg","127865","124.87","800","1100","0.7273","ok","","b81452c6bb7ea7ab460984304a2e059f2b8f666170d8051bd7c265fdb660224b","00b1ffffffffffff"
"loan_032","contract","contract.jpg","loan_032\contract.jpg","79471","77.61","800","1100","0.7273","ok","","c478af7af1feb8187f914229866200215e52e191961d9430444a25a838d1de2d","f3070f0783ffffaf"
"loan_032","face_signing","face_signing.jpg","loan_032\face_signing.jpg","155807","152.16","1024","1024","1","ok","","19e87e166db60eafe57121ea3551cb5574c761ff37ad505c5b44f3550b07d7ff","f9ffdbd790940404"
"loan_032","id_card_back","id_card_back.jpg","loan_032\id_card_back.jpg","17212","16.81","680","430","1.5814","ok","","4f10196b1af5cd778333b3234f3a3bec762252da19a6eb366e3b3860424e18e2","0077777f1f1f1f7f"
"loan_032","id_card_front","id_card_front.jpg","loan_032\id_card_front.jpg","21530","21.03","680","430","1.5814","ok","","561bc7669e205548b8faf600d0b35beb0c46099ef08584a16f801091608204a7","00f61c0cceffffef"
"loan_033","bank_statement","bank_statement.jpg","loan_033\bank_statement.jpg","126945","123.97","800","1100","0.7273","ok","","be3d77b5d2db7bca921e492d6affa3c5c6f553af04d564b908dd43b3c1d732ac","00b1ffffffffffff"
"loan_033","contract","contract.jpg","loan_033\contract.jpg","79111","77.26","800","1100","0.7273","ok","","1869dc555b6c84b96ed70447ecd02ed33c214fded65efaeda7422e9afb949b21","f3070f0783ffffaf"
"loan_033","face_signing","face_signing.jpg","loan_033\face_signing.jpg","188748","184.32","1024","1024","1","ok","","c8307de2ee28f9ff77b05c250006ef83574deb42a1dc262988f9b1fe185bd676","0f03f3f39f002121"
"loan_033","id_card_back","id_card_back.jpg","loan_033\id_card_back.jpg","17248","16.84","680","430","1.5814","ok","","ea1873132b61f035c2179c81f9c6d9d96ee1dd24ff84797f6acc36c39e57e53d","0077777f1f1f1f7f"
"loan_033","id_card_front","id_card_front.jpg","loan_033\id_card_front.jpg","21564","21.06","680","430","1.5814","ok","","af6317b4c9213fe7a6f079a2c0ea996c3d8f6743709f46c30cfec0a7605d9845","00f61c0cceffffef"
"loan_034","bank_statement","bank_statement.jpg","loan_034\bank_statement.jpg","125849","122.9","800","1100","0.7273","ok","","3f935ac4765663101b146defc57a22b2b39111d260a32b0fdd2eb01f6ff751a7","00b1ffffffffffff"
"loan_034","contract","contract.jpg","loan_034\contract.jpg","79602","77.74","800","1100","0.7273","ok","","a3d6f382650a1ec605b78852d00dbab405f9dd0602be0babc065f847523ecd2b","f3070f0783ffffaf"
"loan_034","face_signing","face_signing.jpg","loan_034\face_signing.jpg","189348","184.91","1024","1024","1","ok","","08a1a39b031451d4f45b07e506d517b026da441345a98152d27d8f6cc2ad3e51","c2c2b0b6f6c4c0c0"
"loan_034","id_card_back","id_card_back.jpg","loan_034\id_card_back.jpg","17151","16.75","680","430","1.5814","ok","","7f51ce5f133cab34fdf65eb8efa64f88b5441d7c763f0a31280d6fff3d8d94b0","0077777f1f1f1f7f"
"loan_034","id_card_front","id_card_front.jpg","loan_034\id_card_front.jpg","21502","21","680","430","1.5814","ok","","ae8c8791d33cbeaa6bce4d18a223ca9c062975f0922d996cb8dd32f4c600a29d","00f61c0cceffffef"
"loan_035","bank_statement","bank_statement.jpg","loan_035\bank_statement.jpg","126293","123.33","800","1100","0.7273","ok","","f1f6e1e53bddefc14fe6d0e228c5c00a9c12e2f0e92e426a2fad45252f685021","00b1ffffffffffff"
"loan_035","contract","contract.jpg","loan_035\contract.jpg","81402","79.49","800","1100","0.7273","ok","","1daed75433a573de1f33209b2c485caf4b3afbd6666479d5edeadd4c658199f3","f3070f0783ffffaf"
"loan_035","face_signing","face_signing.jpg","loan_035\face_signing.jpg","159823","156.08","1024","1024","1","ok","","56bf207cb9c52030bd642a8985d2ca1becbfa7eae98dab616bff37c64412de5c","e1e3f7f7c1c1c1c1"
"loan_035","id_card_back","id_card_back.jpg","loan_035\id_card_back.jpg","17200","16.8","680","430","1.5814","ok","","05e7a5d608ee25df89db09e3b0e3d85f131804d0b008641304bfde2b4f3fbc40","0077777f1f1f1f7f"
"loan_035","id_card_front","id_card_front.jpg","loan_035\id_card_front.jpg","21957","21.44","680","430","1.5814","ok","","51bf16e5bfbf4b2e3963ebec822caab28eb1dfbe77486d71ebefff348ddfb628","00f61c0cceffffef"
"loan_036","bank_statement","bank_statement.jpg","loan_036\bank_statement.jpg","126530","123.56","800","1100","0.7273","ok","","cb444303e13d2f90a5f03a899a9f84f46ee680e8a3ed5e914069fa204e033de5","00b1ffffffffffff"
"loan_036","contract","contract.jpg","loan_036\contract.jpg","78950","77.1","800","1100","0.7273","ok","","6293320668d536565ad9440d53fab8b4ba8218c3391bd5c5394f71a3ae37061d","f3070f0783ffffaf"
"loan_036","face_signing","face_signing.jpg","loan_036\face_signing.jpg","164780","160.92","1024","1024","1","ok","","52d1252e1b2d0c8820a6bb8ee2af7f2e057a8b2dcecd8ea8f48e72ce1fcf5ff1","efecbbc787878707"
"loan_036","id_card_back","id_card_back.jpg","loan_036\id_card_back.jpg","17213","16.81","680","430","1.5814","ok","","5a933290f33313582fc29b3fc513358ea6d964c5c7db1387915aefd31c830ee0","0077777f1f1f1f7f"
"loan_036","id_card_front","id_card_front.jpg","loan_036\id_card_front.jpg","21604","21.1","680","430","1.5814","ok","","2c1fc7a4a781bba28beafd90e4289535123e33b6326ec0e6206c3360843cc9e7","00f61c0cceffffef"
"loan_037","bank_statement","bank_statement.jpg","loan_037\bank_statement.jpg","126240","123.28","800","1100","0.7273","ok","","e982160e4421b0dc1d050ba736f04877464cbc04e7b572b8d6e52359084ec61c","00b1ffffffffffff"
"loan_037","contract","contract.jpg","loan_037\contract.jpg","79801","77.93","800","1100","0.7273","ok","","df0d0fe4bfb28bb5f75f12b387dda6ca26bb7136485500aa3a841454a00191d3","f3070f0783ffffaf"
"loan_037","face_signing","face_signing.jpg","loan_037\face_signing.jpg","163533","159.7","1024","1024","1","ok","","a54a57a9d980a1dc0491d54a7a178f35ae4a31ffdc760df2c2ed832a259a368a","cedbfffb83010707"
"loan_037","id_card_back","id_card_back.jpg","loan_037\id_card_back.jpg","17207","16.8","680","430","1.5814","ok","","7538a27c9a4eea6bef9e60f96f9dbb10c18ea33fc7f758408e683b15f2b44aae","0077777f1f1f1f7f"
"loan_037","id_card_front","id_card_front.jpg","loan_037\id_card_front.jpg","21207","20.71","680","430","1.5814","ok","","36341cb12035e37106bc7783891755e43e4effd32c2fbcc1b10287bef3c9e22e","00f61c0cceffffef"
"loan_038","bank_statement","bank_statement.jpg","loan_038\bank_statement.jpg","126087","123.13","800","1100","0.7273","ok","","9e4ddc023f4151453148ead4b3de34750fe9986340d84af7b992d944b27efa9b","00b1ffffffffffff"
"loan_038","contract","contract.jpg","loan_038\contract.jpg","79445","77.58","800","1100","0.7273","ok","","8c23543135f98a09447dad7a744d79c95ccdc3f6934cacb04646d43b05a28aed","f3070f0783ffffaf"
"loan_038","face_signing","face_signing.jpg","loan_038\face_signing.jpg","143580","140.21","1024","1024","1","ok","","ac76595ce42d842c695cf9874b2a8a2e9e47f5673dbba1920f674da342666c2b","f8e2f6b711311382"
"loan_038","id_card_back","id_card_back.jpg","loan_038\id_card_back.jpg","17151","16.75","680","430","1.5814","ok","","0849607fef15c754d5562a24838bacc50577511cf101b6d70a50aee20a39c652","0077777f1f1f1f7f"
"loan_038","id_card_front","id_card_front.jpg","loan_038\id_card_front.jpg","21520","21.02","680","430","1.5814","ok","","48d3b4314ecc16e234688ad522bda1febfff8a168b586c028597b13db489a455","00f61c0cceffffef"
"loan_039","bank_statement","bank_statement.jpg","loan_039\bank_statement.jpg","125552","122.61","800","1100","0.7273","ok","","8c4d3fccce9bfb09bc12c67d8c6bc8c1415d321f4b759a3df6a968ac7a2c4677","00b1ffffffffffff"
"loan_039","contract","contract.jpg","loan_039\contract.jpg","79794","77.92","800","1100","0.7273","ok","","d25d32ef36745d0290646d9b4fc74c768822a14cf9812de6df34334db05081d7","f3070f0783ffffa7"
"loan_039","face_signing","face_signing.jpg","loan_039\face_signing.jpg","160380","156.62","1024","1024","1","ok","","9b1f109648b4fdc0a450b099058e76df7ddec5d30ac134879c674cfb7cd9dfbe","fbff1f9f07010000"
"loan_039","id_card_back","id_card_back.jpg","loan_039\id_card_back.jpg","17168","16.77","680","430","1.5814","ok","","135ad3d175390c8c0504399c0a0963c17bfaa1daa6fa4b1db7bfb5ea37f69855","0077777f1f1f1f7f"
"loan_039","id_card_front","id_card_front.jpg","loan_039\id_card_front.jpg","22048","21.53","680","430","1.5814","ok","","c3de091ac783837311cc40b24e3e5e91ebcc98d77f348b73d5d3947728e90ccf","00f61c0cceffffef"
"loan_040","bank_statement","bank_statement.jpg","loan_040\bank_statement.jpg","125733","122.79","800","1100","0.7273","ok","","2d4db4f9f650e21a954e2ac92c163f4fa2e3900a31f547836f2521276c805075","00b1ffffffffffff"
"loan_040","contract","contract.jpg","loan_040\contract.jpg","79839","77.97","800","1100","0.7273","ok","","f94e4dc366ba11fc8a65bd3edbd5784789ad7f90f3a2004fc5bdd0fe2d7dc84a","f3070f0783ffffaf"
"loan_040","face_signing","face_signing.jpg","loan_040\face_signing.jpg","163471","159.64","1024","1024","1","ok","","b01383b333f054254fa1109bbd09b498b06696d457a913ea692f3503c6e9239e","81c9fffff3f0b000"
"loan_040","id_card_back","id_card_back.jpg","loan_040\id_card_back.jpg","17221","16.82","680","430","1.5814","ok","","d7c062ebdfd366028196427125540b4a16e7d2f0589e84e5a6791812fe4457cf","0077777f1f1f1f7f"
"loan_040","id_card_front","id_card_front.jpg","loan_040\id_card_front.jpg","21805","21.29","680","430","1.5814","ok","","0574bd73ea965f314f019b405e46d31d56461baec84d64e0ee3eee48d2335ebc","00f61c0cceffffef"
"loan_041","bank_statement","bank_statement.jpg","loan_041\bank_statement.jpg","126253","123.29","800","1100","0.7273","ok","","be9743093402cb42accc29a624ef103c82fb1c1e3001c69f28a69b14bbc612e7","00b1ffffffffffff"
"loan_041","contract","contract.jpg","loan_041\contract.jpg","80301","78.42","800","1100","0.7273","ok","","180d975473608ce623577e0263a47296ddbfe8d3a3d16b4e7c9850146922c5c1","f3070f0783ffffaf"
"loan_041","face_signing","face_signing.jpg","loan_041\face_signing.jpg","192721","188.2","1024","1024","1","ok","","0e1bcb90fe9bfa332c0d3add06a3bf9574778ffbfbde9fa398a11e532ecf0645","c1c3f7fef4800306"
"loan_041","id_card_back","id_card_back.jpg","loan_041\id_card_back.jpg","17191","16.79","680","430","1.5814","ok","","603c8ba0b94465c1993934f1a769712face9e909c9f45c5e609e9f1e8650385a","0077777f1f1f1f7f"
"loan_041","id_card_front","id_card_front.jpg","loan_041\id_card_front.jpg","22436","21.91","680","430","1.5814","ok","","a654547fa57be1157356346ff48969bd961d2ab08312ebedf9d00438294ca3c9","00f61c0cc6ffffef"
"loan_042","bank_statement","bank_statement.jpg","loan_042\bank_statement.jpg","125943","122.99","800","1100","0.7273","ok","","6a1202ae2a554f7c4ece050d192932f613b926908bb5692f757cf30f64cdd327","00b1ffffffffffff"
"loan_042","contract","contract.jpg","loan_042\contract.jpg","79970","78.1","800","1100","0.7273","ok","","acb19620226968ee9199db4c4a3d6a1a0488ce05d7df913c27dc2b4296c61908","f3070f0783ffffaf"
"loan_042","face_signing","face_signing.jpg","loan_042\face_signing.jpg","161950","158.15","1024","1024","1","ok","","e028f56a3ee1c20aec6b15edb612e3bccec55295df4029be690a3e21a66be923","f8fc19d5c1818185"
"loan_042","id_card_back","id_card_back.jpg","loan_042\id_card_back.jpg","17275","16.87","680","430","1.5814","ok","","9933485c0cb7d29b6ef99dbaa4eafcbc64949d4a64fb4ffc1d009ecf8f3af6a9","0077777f1f1f1f7f"
"loan_042","id_card_front","id_card_front.jpg","loan_042\id_card_front.jpg","21738","21.23","680","430","1.5814","ok","","928e92bdcc2204b93615e02bfdf0af4e452241211c3a85fc4b74097a2c6988c7","00f61c0cceffffef"
"loan_043","bank_statement","bank_statement.jpg","loan_043\bank_statement.jpg","125749","122.8","800","1100","0.7273","ok","","d4125976c6db3d0956cd3b6616750680180fd4523ea083fc824bb73f4d5753e7","00b1ffffffffffff"
"loan_043","contract","contract.jpg","loan_043\contract.jpg","79227","77.37","800","1100","0.7273","ok","","a703e83ca1bf7cde6ed4cd2842bc5e361aca3907f66acf566a8944296a0337e0","f3070f0783ffffaf"
"loan_043","face_signing","face_signing.jpg","loan_043\face_signing.jpg","179741","175.53","1024","1024","1","ok","","30b1d6eff79f68974db2ece4f6923e0a927122a6a90a3be3b7a1cabbed59cf46","fbfb3fff91900000"
"loan_043","id_card_back","id_card_back.jpg","loan_043\id_card_back.jpg","17139","16.74","680","430","1.5814","ok","","5f9de916086c36aed77bd836929fa267b9c73d2b5f0b019092a970f973a45dea","0077777f1f1f1f7f"
"loan_043","id_card_front","id_card_front.jpg","loan_043\id_card_front.jpg","21757","21.25","680","430","1.5814","ok","","900b5bdd3611da30c8ce49bac66e8391c7b60a90205e5ed3cfbd0ad42bfe6ec8","00f61c0cceffffef"
"loan_044","bank_statement","bank_statement.jpg","loan_044\bank_statement.jpg","125980","123.03","800","1100","0.7273","ok","","df71fe4d5faf4b212acb35ff4a8fed736c6aa15657439dcbbc263099e53b745f","00b9ffffffffffff"
"loan_044","contract","contract.jpg","loan_044\contract.jpg","80296","78.41","800","1100","0.7273","ok","","8381646519449df628e6e082649658cba9003c908ea84ca45a675d8398e0caf4","f3070f0783ffffaf"
"loan_044","face_signing","face_signing.jpg","loan_044\face_signing.jpg","191596","187.11","1024","1024","1","ok","","9492ed85b14bbfa3fe19991cc325d4ab9be061deb37a2bb410e65b090d8ae557","f4ecddf9d703070f"
"loan_044","id_card_back","id_card_back.jpg","loan_044\id_card_back.jpg","17204","16.8","680","430","1.5814","ok","","53170b5511a25c626450d88f2742f0301c488a9158143879d72f172a76bfb123","0077777f1f1f1f7f"
"loan_044","id_card_front","id_card_front.jpg","loan_044\id_card_front.jpg","22683","22.15","680","430","1.5814","ok","","e491c44e4fa46af4e2ed40447cfce678e0a35eda304e52329ef86066126d9f05","00f61c0cc6ffffef"
"loan_045","bank_statement","bank_statement.jpg","loan_045\bank_statement.jpg","126552","123.59","800","1100","0.7273","ok","","4c79d3ddc7cf4a9247155146dd8c24f84b3df9bbeb2573893c65daf7c58fa5d4","00b9ffffffffffff"
"loan_045","contract","contract.jpg","loan_045\contract.jpg","79369","77.51","800","1100","0.7273","ok","","13dda2322b8fe58980c7249261b3db98e5638c2e4aa019c66da4bdd4d434bdaf","f3070f0783ffffaf"
"loan_045","face_signing","face_signing.jpg","loan_045\face_signing.jpg","210566","205.63","1024","1024","1","ok","","2954054c430291c0ca3949bdeb395fdbf713a568b05de034c40cbcaeb69c3258","fea3afbcf0c484c4"
"loan_045","id_card_back","id_card_back.jpg","loan_045\id_card_back.jpg","17296","16.89","680","430","1.5814","ok","","26da939c72c56ce1ab91f6206766abacc2653e1ef71e13c61b58b10ed73c6454","0077777f1f1f1f7f"
"loan_045","id_card_front","id_card_front.jpg","loan_045\id_card_front.jpg","21469","20.97","680","430","1.5814","ok","","1b7233689333afa49fbec0b216fecbf4fc8a337080432f1cb63b0cb0c2f150d4","00f61c0cceffffef"
"loan_046","bank_statement","bank_statement.jpg","loan_046\bank_statement.jpg","125605","122.66","800","1100","0.7273","ok","","e55423f5a224f1769f87ede4397ec0828f3d41577347b554b2f9c1fcad15076f","00b9ffffffffffff"
"loan_046","contract","contract.jpg","loan_046\contract.jpg","79350","77.49","800","1100","0.7273","ok","","69a19bd4a5e7de1514c167b1c20daad85277c8b50dc75cf509d835b230fef055","f3070f0783ffffaf"
"loan_046","face_signing","face_signing.jpg","loan_046\face_signing.jpg","149997","146.48","1024","1024","1","ok","","3688b40ac069024da9b4764f4985514a798b6614331c8971274c00762f05697d","f3cfcbedff840000"
"loan_046","id_card_back","id_card_back.jpg","loan_046\id_card_back.jpg","17204","16.8","680","430","1.5814","ok","","c66d05e4391b779d439fde35d63e184886862ddd4b8973986503c38de4ecc705","0077777f1f1f1f7f"
"loan_046","id_card_front","id_card_front.jpg","loan_046\id_card_front.jpg","21525","21.02","680","430","1.5814","ok","","6d28e8a07f9962a6df108f1026515e69a09c9df7cbedf133cad954204899a4d3","00f61c0cceffffef"
"loan_047","bank_statement","bank_statement.jpg","loan_047\bank_statement.jpg","125962","123.01","800","1100","0.7273","ok","","ba21bb1dee5c2ec432db5f9d7781df464604c9e23c32ddc91ca1673f95709d45","00b1ffffffffffff"
"loan_047","contract","contract.jpg","loan_047\contract.jpg","80650","78.76","800","1100","0.7273","ok","","317a83253c986be6f25e8bf5e93a2fa0ef09fe1d42e1d3caa5f99b73d78699bb","f3070f0783ffffaf"
"loan_047","face_signing","face_signing.jpg","loan_047\face_signing.jpg","151573","148.02","1024","1024","1","ok","","655b45e28f3db2c04efa2f9ec429b054ac062c6c239773eed239367ed4c5ca76","7c7b7f7f01030703"
"loan_047","id_card_back","id_card_back.jpg","loan_047\id_card_back.jpg","17223","16.82","680","430","1.5814","ok","","d9e9c6a11b7f6d7b7b16fab470382d933fd67f2bf20ada800472e605f0eb1ddc","0077777f1f1f1f7f"
"loan_047","id_card_front","id_card_front.jpg","loan_047\id_card_front.jpg","21716","21.21","680","430","1.5814","ok","","09126346e622c3f15002a1f552de5419ff1d3881383670be1cd67d069d91ec36","00f61c0cceffffef"
"loan_048","bank_statement","bank_statement.jpg","loan_048\bank_statement.jpg","125968","123.02","800","1100","0.7273","ok","","cc1bc6ae44275efa7988603e59309769b85c481fb856e36d0811196a3adfdb47","00b1ffffffffffff"
"loan_048","contract","contract.jpg","loan_048\contract.jpg","79393","77.53","800","1100","0.7273","ok","","a06ce55b073802fddd0df0a8306b54269238b711c74de0afe35ffcb52c25ab66","f3070f0783ffffaf"
"loan_048","face_signing","face_signing.jpg","loan_048\face_signing.jpg","181353","177.1","1024","1024","1","ok","","91d1bfb89fa0de68b349a1cbe5be271a7c30b49dea30ab510f310f96891bb837","c7f7f6f7f1a08080"
"loan_048","id_card_back","id_card_back.jpg","loan_048\id_card_back.jpg","17281","16.88","680","430","1.5814","ok","","adce7d7a79e9f00da73b684ad0081db9ffad0128be08d76179d62d5ddebaac9c","0077777f1f1f1f7f"
"loan_048","id_card_front","id_card_front.jpg","loan_048\id_card_front.jpg","21562","21.06","680","430","1.5814","ok","","1cc1e5b2f5c646edc79d7f54cdb97b9a6af192bba579fd8252fac8da4d8f7598","00f61c0cceffffef"
"loan_049","bank_statement","bank_statement.jpg","loan_049\bank_statement.jpg","126736","123.77","800","1100","0.7273","ok","","8dc2993b7b5a9fbfbdb71ce8de366fe0dc913d0a2d5d3e01445d467b5f032196","00b1ffffffffffff"
"loan_049","contract","contract.jpg","loan_049\contract.jpg","80912","79.02","800","1100","0.7273","ok","","35a84f0cb04c41c9a7af8050f32dddfdda8ef9e121ce367241f5a5e81cee1aed","f3070f0783ffffaf"
"loan_049","face_signing","face_signing.jpg","loan_049\face_signing.jpg","175259","171.15","1024","1024","1","ok","","3558505f16c18f6076d47639287511c95601c605393c91fe6c242f5623504ea4","39fbf0fec4818686"
"loan_049","id_card_back","id_card_back.jpg","loan_049\id_card_back.jpg","17202","16.8","680","430","1.5814","ok","","a121f781793a5842e9bcb2d53b3597f7c2b6f8f3f9836cb4ea1d4785312e69ee","0077777f1f1f1f7f"
"loan_049","id_card_front","id_card_front.jpg","loan_049\id_card_front.jpg","21806","21.29","680","430","1.5814","ok","","c53bf42b73506bceccc1ae955b9cba138bb0bc51f3a8539581ebfbf5a68213f8","00f61c0cceffffef"
"loan_050","bank_statement","bank_statement.jpg","loan_050\bank_statement.jpg","125470","122.53","800","1100","0.7273","ok","","c9d36ed289633f6c07bf29a020f08074668ac1598fde01a0adc2a9ed64b8ab50","00b1ffffffffffff"
"loan_050","contract","contract.jpg","loan_050\contract.jpg","81014","79.12","800","1100","0.7273","ok","","f24f7984ecb392224a33d4bb26940edea3d137b788905e7a73ca82662f4c043d","f3070f0783ffffaf"
"loan_050","face_signing","face_signing.jpg","loan_050\face_signing.jpg","156155","152.5","1024","1024","1","ok","","5a806bc18f36ff7d0ad6d3fdb34dd078db8e003252054e4b5adebe39585841f9","c0d1dbee4f468701"
"loan_050","id_card_back","id_card_back.jpg","loan_050\id_card_back.jpg","17214","16.81","680","430","1.5814","ok","","1579994a2ea052a8bf10a9bbfec692fdbaf5d88cfbd17fd5b83c56c1dbf9e50b","0077777f1f1f1f7f"
"loan_050","id_card_front","id_card_front.jpg","loan_050\id_card_front.jpg","22067","21.55","680","430","1.5814","ok","","16f464ba50fb2b29a96b2b9b11777e6ffad0d59600f135db2960569db272177d","00f61c0cceffffef"
"loan_051","bank_statement","bank_statement.jpg","loan_051\bank_statement.jpg","126601","123.63","800","1100","0.7273","ok","","1c4869c1d101d75b960a2b7ae989be4b2e887ed35e6ec761c726c1114e6b81fe","00b1ffffffffffff"
"loan_051","contract","contract.jpg","loan_051\contract.jpg","80407","78.52","800","1100","0.7273","ok","","603467bab18dcd4c048e48e8421d6faa9b5951a19d02a8246888bf9d9d8eed2e","f3070f0783ffffaf"
"loan_051","face_signing","face_signing.jpg","loan_051\face_signing.jpg","152127","148.56","1024","1024","1","ok","","a8da48cc6cbba4a4646ef3b0ffc930da48805c85dbb3ee77c0538725122eefd3","6fe7ffdd91111715"
"loan_051","id_card_back","id_card_back.jpg","loan_051\id_card_back.jpg","17243","16.84","680","430","1.5814","ok","","9e8b6404248a1ed53a56f3070ea2a96af31f989ed60dc9777bd18a45ae756046","0077777f1f1f1f7f"
"loan_051","id_card_front","id_card_front.jpg","loan_051\id_card_front.jpg","22013","21.5","680","430","1.5814","ok","","2413cae851089f8fbe07059e886650272a8070e7ec9b0424e97a3bd3ed942adf","00f61c0cceffffef"
"loan_052","bank_statement","bank_statement.jpg","loan_052\bank_statement.jpg","126128","123.17","800","1100","0.7273","ok","","b504061763bd72d19be3aef6932b8d86e9391c215e29b084ad0e9b1e23894602","00b1ffffffffffff"
"loan_052","contract","contract.jpg","loan_052\contract.jpg","79875","78","800","1100","0.7273","ok","","5385700e644ee3ed532b5a9e312c4e57aed83acef568cf210889ef541b18ad2c","f3070f0783ffffaf"
"loan_052","face_signing","face_signing.jpg","loan_052\face_signing.jpg","106474","103.98","1024","1024","1","ok","","0d518f90da3d46ee6e67c210ddac6d5bdf81ea5607f4cc9692786bc44b602a9b","63636357ffc00010"
"loan_052","id_card_back","id_card_back.jpg","loan_052\id_card_back.jpg","17308","16.9","680","430","1.5814","ok","","82c31410f08790cd450420c7dccdd478677bae51e0c6939ec91cd50646a7bf63","0077777f1f1f1f7f"
"loan_052","id_card_front","id_card_front.jpg","loan_052\id_card_front.jpg","21650","21.14","680","430","1.5814","ok","","df86408e45190f255a89ced5b6bf325eb775d7897d20637c435a0a0bd5672bfe","00f61c0cceffffef"
"loan_053","bank_statement","bank_statement.jpg","loan_053\bank_statement.jpg","126080","123.12","800","1100","0.7273","ok","","2e7403db9d218c290fc816ac2a0b6bd37dc2890b71353cdb2bfb7b5a9ddca00c","00b1ffffffffffff"
"loan_053","contract","contract.jpg","loan_053\contract.jpg","80901","79","800","1100","0.7273","ok","","ae6045cfa45f88e850a216534d9398e5a04fcdf8f6656c5f082c1ff4ded4ea07","f3070f0783ffffaf"
"loan_053","face_signing","face_signing.jpg","loan_053\face_signing.jpg","121484","118.64","1024","1024","1","ok","","f6a82eeebe42c876194b2601c5b6da56813e77e75693970cf8e039cb1cb990ac","61e17f1707040404"
"loan_053","id_card_back","id_card_back.jpg","loan_053\id_card_back.jpg","17182","16.78","680","430","1.5814","ok","","20a8da47a3f8116c0b0e72557909ba31c3b9b0538fb5ddbe66d83f61bbb6d4f1","0077777f1f1f1f7f"
"loan_053","id_card_front","id_card_front.jpg","loan_053\id_card_front.jpg","22708","22.18","680","430","1.5814","ok","","8e480099cca1bc650bff0604f2ad58714be28e3f5e16f956dd158343fbb72e16","00f69c8cc6ffffef"
"loan_054","bank_statement","bank_statement.jpg","loan_054\bank_statement.jpg","126378","123.42","800","1100","0.7273","ok","","a34dbc4f9e0ec02f7ded9d82ff2387d5d42d3020f38e5650194ffd5df87d00c8","00b9ffffffffffff"
"loan_054","contract","contract.jpg","loan_054\contract.jpg","80795","78.9","800","1100","0.7273","ok","","0ed5899b8785ae8367d85f298fa5a6d23d8d2579d95301e7b90afbadbe2391d6","f3070f0783ffffaf"
"loan_054","face_signing","face_signing.jpg","loan_054\face_signing.jpg","145239","141.83","1024","1024","1","ok","","e54c6bafdb0bccad23f62fad8811696f11eed54007d7fcac4a9f85aab7fdb033","61e1ff3f03040484"
"loan_054","id_card_back","id_card_back.jpg","loan_054\id_card_back.jpg","17324","16.92","680","430","1.5814","ok","","da3533b5cd17ca634cd3f1f5865f81c0f4101af2757cfe50bbd32eee5cdf0fde","0077777f1f1f1f7f"
"loan_054","id_card_front","id_card_front.jpg","loan_054\id_card_front.jpg","22236","21.71","680","430","1.5814","ok","","39f5edd4f058c8b17bf848f8225a8a0f90d784b0c062b3ce2177c495a43c25c9","00f61c0cc6ffffef"
"loan_055","bank_statement","bank_statement.jpg","loan_055\bank_statement.jpg","126334","123.37","800","1100","0.7273","ok","","80d7297fc12e6d8c106f5b11e8fee80a125923c30518c17fd48c91e36086d575","00b1ffffffffffff"
"loan_055","contract","contract.jpg","loan_055\contract.jpg","80051","78.17","800","1100","0.7273","ok","","5163b67aacb3ce12caee084ee399c4c2b51038cfbfd9730634fb441ce1fac47e","f3070f0783ffffaf"
"loan_055","face_signing","face_signing.jpg","loan_055\face_signing.jpg","72634","70.93","1024","1024","1","ok","","fe1685cced5b34a5b058f21a92dde058b0773cb664c56edb41de0017b21fcdc4","cec49998de8f0707"
"loan_055","id_card_back","id_card_back.jpg","loan_055\id_card_back.jpg","17181","16.78","680","430","1.5814","ok","","01b5ebf06722ee21383092cd6e74d693a59a5895bade00294bde915fc64a54c3","0077777f1f1f1f7f"
"loan_055","id_card_front","id_card_front.jpg","loan_055\id_card_front.jpg","21980","21.46","680","430","1.5814","ok","","74047732e80571922819c1d94e0c46be21830cc458a0d2353c80909666a195bd","00f61c0cceffffef"
"loan_056","bank_statement","bank_statement.jpg","loan_056\bank_statement.jpg","125391","122.45","800","1100","0.7273","ok","","1599a994cc669dd619cb4397c10f87a0c7ee8aa802c7a39a4b8f31b9bbe8a159","00b9ffffffffffff"
"loan_056","contract","contract.jpg","loan_056\contract.jpg","79849","77.98","800","1100","0.7273","ok","","4ec00b0987a4e75ce074d0a88f1353c31d42c90bc3b93007941ccc742337ad6f","f3070f0783ffffaf"
"loan_056","face_signing","face_signing.jpg","loan_056\face_signing.jpg","70213","68.57","1024","1024","1","ok","","6410c60f4d8ecb86da9e399105d28fb7b2e4f0b814ad47cd6efb401149aab6ea","e6c6d8d8de070707"
"loan_056","id_card_back","id_card_back.jpg","loan_056\id_card_back.jpg","17189","16.79","680","430","1.5814","ok","","5b4d63a6220c71b95eca0ab596aadcd66027a2625ea20bb08753816ed448839c","0077777f1f1f1f7f"
"loan_056","id_card_front","id_card_front.jpg","loan_056\id_card_front.jpg","21481","20.98","680","430","1.5814","ok","","948d8e1b795e9b3bb00f8ff23ca6c26011e7e9f8e13a2e01c1fa83ec6536864b","00f61c0cceffffef"
"loan_057","bank_statement","bank_statement.jpg","loan_057\bank_statement.jpg","125840","122.89","800","1100","0.7273","ok","","b6af591756f42cc27544cce1a12e103a0e4b419c47c36fe16b9a93cae14a9d54","00b1ffffffffffff"
"loan_057","contract","contract.jpg","loan_057\contract.jpg","80061","78.18","800","1100","0.7273","ok","","704aa238bdbc25b1a97ad71de96b60d38fe261a5751bca522227c59e01a5cd65","f3070f0783ffffa7"
"loan_057","face_signing","face_signing.jpg","loan_057\face_signing.jpg","100415","98.06","1024","1024","1","ok","","ddc8085595d207f8851dddd3080e8dfeeb04da3a16067c5fc9463e1e4ce4b694","3020a6b7f4e0c083"
"loan_057","id_card_back","id_card_back.jpg","loan_057\id_card_back.jpg","17282","16.88","680","430","1.5814","ok","","acb0ad9690b5b165588ba5756b86dfc336c296bc56050feb2b6d46e69288b38f","0077777f1f1f1f7f"
"loan_057","id_card_front","id_card_front.jpg","loan_057\id_card_front.jpg","22077","21.56","680","430","1.5814","ok","","3e70d05d4a22becbd6d84bab2ff2427b0e134dcd799e45c057d4d5ba8841141d","00f61c0cceffffef"
"loan_058","bank_statement","bank_statement.jpg","loan_058\bank_statement.jpg","125790","122.84","800","1100","0.7273","ok","","9fbeeb0d0c98674d6c826fa5c16a4456c6f092368c15cf2c96d6b1bac42374f4","00b1ffffffffffff"
"loan_058","contract","contract.jpg","loan_058\contract.jpg","79864","77.99","800","1100","0.7273","ok","","71f0b0da8fe989a0de32b5ab25c672f3a9559c4d25978832283aab7442fcaf45","f3070f0783ffffaf"
"loan_058","face_signing","face_signing.jpg","loan_058\face_signing.jpg","111816","109.2","1024","1024","1","ok","","ec4e4ba7c85e45f1ad6b46e101c531202cf8a3290767fc32d6b640e99c8df415","3323e77f4b878785"
"loan_058","id_card_back","id_card_back.jpg","loan_058\id_card_back.jpg","17226","16.82","680","430","1.5814","ok","","c0052e48b1232d7c399f4f9b9956a310c04517a8d2d327a23a5625a08ef3cda1","0077777f1f1f1f7f"
"loan_058","id_card_front","id_card_front.jpg","loan_058\id_card_front.jpg","21592","21.09","680","430","1.5814","ok","","f30201f883f6e0b9ba8c65d072db1bc6d2e3ee0443451e0c510a953c2307c99d","00f61c0cceffffef"
"loan_059","bank_statement","bank_statement.jpg","loan_059\bank_statement.jpg","128161","125.16","800","1100","0.7273","ok","","ab0751d823056a1789ab0c0eacd87d7afb11146e40783d079202e00f4860b40f","00b1ffffffffffff"
"loan_059","contract","contract.jpg","loan_059\contract.jpg","80274","78.39","800","1100","0.7273","ok","","def1cf378b311539bb53840b5b21affc59a4be2253c8d34703246a1958be54d5","f3070f0783ffffaf"
"loan_059","face_signing","face_signing.jpg","loan_059\face_signing.jpg","104294","101.85","1024","1024","1","ok","","ca3e60590cbec0f0fecd6f55cf34c0f3642d81c01ddc733c11ac45cc37ccad96","0123677fcf878787"
"loan_059","id_card_back","id_card_back.jpg","loan_059\id_card_back.jpg","17242","16.84","680","430","1.5814","ok","","331d81adc57d2e53e4b8ad6fb447246b0fabe56cddf8efd8d524d720cacb2a67","0077777f1f1f1f7f"
"loan_059","id_card_front","id_card_front.jpg","loan_059\id_card_front.jpg","22011","21.5","680","430","1.5814","ok","","cf109a29e3f058182470e88e1c091650fbacaa0eb1eb69b44eff29b600e4859a","00f61c0cceffffef"
"loan_060","bank_statement","bank_statement.jpg","loan_060\bank_statement.jpg","126498","123.53","800","1100","0.7273","ok","","866a6758ae5d1bc9c93563596a9d8dbe9d38573eb306282480f64877210aa6b2","00b9ffffffffffff"
"loan_060","contract","contract.jpg","loan_060\contract.jpg","79855","77.98","800","1100","0.7273","ok","","fae1d43705f1dc12a8f18f18e276578e7cd1a3b2b9299ba3a1bf72585affbb9b","f3070f0783ffffaf"
"loan_060","face_signing","face_signing.jpg","loan_060\face_signing.jpg","115242","112.54","1024","1024","1","ok","","252bf1edfc9fdcb98fc113239c85f0de7680050b4c40b5d19a97e7fe0ad5d680","c7f7f3ed0505010f"
"loan_060","id_card_back","id_card_back.jpg","loan_060\id_card_back.jpg","17235","16.83","680","430","1.5814","ok","","8fc6fd5e8a23d2e3b0a202a2e5b7b0658a65149ecb2006164d9cba730d41bf56","0077777f1f1f1f7f"
"loan_060","id_card_front","id_card_front.jpg","loan_060\id_card_front.jpg","21727","21.22","680","430","1.5814","ok","","1cb592d421e90c162ae09c5662834355b60d9c64308a9bc94bc20e030f95091e","00f61c0cceffffef"
"loan_061","bank_statement","bank_statement.jpg","loan_061\bank_statement.jpg","126126","123.17","800","1100","0.7273","ok","","8c0e76b4a0679405b5ea9d9915fc19ce206de9289c2e1586a14b8c8a63bfafe0","00b1ffffffffffff"
"loan_061","contract","contract.jpg","loan_061\contract.jpg","79745","77.88","800","1100","0.7273","ok","","424ea2edaec8deb67ee9a9fe17764a521e2eb23d7d42f6d786fbb4e73239decc","f3070f0783ffffaf"
"loan_061","face_signing","face_signing.jpg","loan_061\face_signing.jpg","147638","144.18","1024","1024","1","ok","","35a32dd95ae7a80d99921be8e594e04c2061a35bb6679e96ddb7af0a1f3ca837","27e7f3fd85858107"
"loan_061","id_card_back","id_card_back.jpg","loan_061\id_card_back.jpg","17288","16.88","680","430","1.5814","ok","","a8a6fe102914052d51009368f3bdaeaaf5f3cfdcf56679c613b226fedae6281d","0077777f1f1f1f7f"
"loan_061","id_card_front","id_card_front.jpg","loan_061\id_card_front.jpg","21447","20.94","680","430","1.5814","ok","","6396cd83e64fc8b786b88f2478635dd1f2861e553792db98b81e70fd945bf03d","00f61c0c4effffef"
"loan_062","bank_statement","bank_statement.jpg","loan_062\bank_statement.jpg","125715","122.77","800","1100","0.7273","ok","","4191717645a3f55cba2dd0a5089723cef126a39f6de4e5a1ba06966fe2372aab","00b1ffffffffffff"
"loan_062","contract","contract.jpg","loan_062\contract.jpg","80604","78.71","800","1100","0.7273","ok","","091bcf00973a70103070cffbe4c6c6e80bbce39d7b3939dde5d16a542723d639","f3070f0783ffffaf"
"loan_062","face_signing","face_signing.jpg","loan_062\face_signing.jpg","96619","94.35","1024","1024","1","ok","","11584b5bff4d885f524a13e1540c8d911ded6a6fda8eecdb17fa976b90c0fd2f","e8f8016d25830f0f"
"loan_062","id_card_back","id_card_back.jpg","loan_062\id_card_back.jpg","17197","16.79","680","430","1.5814","ok","","1fef8948d0921808fed7ab09425c4861afe9749fe5d52f6bdcfb8805ffc53df1","0077777f1f1f1f7f"
"loan_062","id_card_front","id_card_front.jpg","loan_062\id_card_front.jpg","22090","21.57","680","430","1.5814","ok","","083ef4c1912cc1188ab59258cb1e74d544bad0da57bd3be12a2e69af5b16b4fb","00f61c0cceffffef"
"loan_063","bank_statement","bank_statement.jpg","loan_063\bank_statement.jpg","126388","123.43","800","1100","0.7273","ok","","d8024aeb3a836c6b89583dd60f6aea4bb04e038d6f062755ca8b1b47fa328e8e","00b1ffffffffffff"
"loan_063","contract","contract.jpg","loan_063\contract.jpg","80068","78.19","800","1100","0.7273","ok","","68cf1f3972ef69b45ba44a270b98bfc54b4165bbcd36715f0fe62244afbaa0eb","f3070f0783ffffaf"
"loan_063","face_signing","face_signing.jpg","loan_063\face_signing.jpg","169046","165.08","1024","1024","1","ok","","f188e8a5f220ff6b44cc041bb7e6de64eb4e42722092f652f16172d6c04bee7c","fec0e7f7e0c08182"
"loan_063","id_card_back","id_card_back.jpg","loan_063\id_card_back.jpg","17243","16.84","680","430","1.5814","ok","","73dd4c74b1ca3cb262678eb5ecda2ce4399e68c966ace146cfef5668fe041d91","0077777f1f1f1f7f"
"loan_063","id_card_front","id_card_front.jpg","loan_063\id_card_front.jpg","22002","21.49","680","430","1.5814","ok","","21ffe6906cfa62afdc19abb3fa81d858fa040f6c3f44371c678511fe358ea5a5","00f61c0cceffffef"
"loan_064","bank_statement","bank_statement.jpg","loan_064\bank_statement.jpg","125914","122.96","800","1100","0.7273","ok","","314d1129f925583ecaac8293c3b72f72454e74566fcd2d90057bb8a35c3a03a9","00b1ffffffffffff"
"loan_064","contract","contract.jpg","loan_064\contract.jpg","79770","77.9","800","1100","0.7273","ok","","3434da7c0ab1d3a3e21dea2bbf3e75e7bcfb90dc0e7b766cb6888cd9c2636504","f3070f0783ffffaf"
"loan_064","face_signing","face_signing.jpg","loan_064\face_signing.jpg","94825","92.6","1024","1024","1","ok","","c3b75dbf2dd6d64e59e6259676890a22149c36e4af8633786876ecbb428ff1e6","02e7f7f701010080"
"loan_064","id_card_back","id_card_back.jpg","loan_064\id_card_back.jpg","17283","16.88","680","430","1.5814","ok","","a0f9379ef66877a8f9e72e2e46881fa35d7b63f4a7c4472ef4ec70e84a555494","0077777f1f1f1f7f"
"loan_064","id_card_front","id_card_front.jpg","loan_064\id_card_front.jpg","21430","20.93","680","430","1.5814","ok","","39dcfaab9750e7b4c80db5f4f3c8a8707eb18e84a576ef1c4e2adc002f08910d","00f61c0cceffffef"
"loan_065","bank_statement","bank_statement.jpg","loan_065\bank_statement.jpg","125803","122.85","800","1100","0.7273","ok","","7c981244fea4741075c11eb8c0e0e60bdb2cf9c845026f4c9a678dbbc114a7d7","00b1ffffffffffff"
"loan_065","contract","contract.jpg","loan_065\contract.jpg","79697","77.83","800","1100","0.7273","ok","","cc416d121052ecae3289c963ed7bc6acd6ba239dfadf9b019705ac11519abb5f","f3070f0783ffffaf"
"loan_065","face_signing","face_signing.jpg","loan_065\face_signing.jpg","83664","81.7","1024","1024","1","ok","","c04b6f1c93e8ec5b191bd3e47a8cc5408ef0a90a53ce329a56cc07233d5bff4a","01e3f3f7f7010080"
"loan_065","id_card_back","id_card_back.jpg","loan_065\id_card_back.jpg","17184","16.78","680","430","1.5814","ok","","eaf7150d112d605bc57883d821adba9102e5a09a2a360437522322846c522b89","0077777f1f1f1f7f"
"loan_065","id_card_front","id_card_front.jpg","loan_065\id_card_front.jpg","21826","21.31","680","430","1.5814","ok","","9e0c08e90e28ce0f7e19cdde9256f4d7f53dc4f2157b9c14e5b693c8cd97d73d","00f61c0cceffffef"
"loan_066","bank_statement","bank_statement.jpg","loan_066\bank_statement.jpg","126137","123.18","800","1100","0.7273","ok","","7f374be4ffa266c7033b2f03c15985d9a951d2c43c7397020da158d945143cb6","00b1ffffffffffff"
"loan_066","contract","contract.jpg","loan_066\contract.jpg","80909","79.01","800","1100","0.7273","ok","","1b3ccfde8f4ae820671a2db37fe03a889652fa7139bf21f1f636f03f26009aed","f3070f0783ffffa7"
"loan_066","face_signing","face_signing.jpg","loan_066\face_signing.jpg","134120","130.98","1024","1024","1","ok","","826aa042f5b5b9712e771ac6acfd3910e04c3c565e9a88eda4f8204e1f536a3c","31f3fff3c0c0c0c0"
"loan_066","id_card_back","id_card_back.jpg","loan_066\id_card_back.jpg","17254","16.85","680","430","1.5814","ok","","6f384f350dfdc70c74e6e8cf50d3234606ed5afb817232f701fe642628fbb532","0077777f1f1f1f7f"
"loan_066","id_card_front","id_card_front.jpg","loan_066\id_card_front.jpg","22021","21.5","680","430","1.5814","ok","","52b02def120bcae85c602960ef21478743b88ac205e36974bebd2a9fe2d08da5","00f61c0cceffffef"
"loan_067","bank_statement","bank_statement.jpg","loan_067\bank_statement.jpg","126126","123.17","800","1100","0.7273","ok","","4076db4e2129c93dc16ed22c7b417b4f67fc76277a5600616d98672570dd3083","00b1ffffffffffff"
"loan_067","contract","contract.jpg","loan_067\contract.jpg","80161","78.28","800","1100","0.7273","ok","","4182f0d33a22e70487492534d03f494478f05ca006af52e7e954e7095e3a7e38","f3070f0783ffffaf"
"loan_067","face_signing","face_signing.jpg","loan_067\face_signing.jpg","113411","110.75","1024","1024","1","ok","","6ce91d7d099c24e8bd62342823e3137fa96a91164b0446750deefd9af61dd333","21e3f7f781918181"
"loan_067","id_card_back","id_card_back.jpg","loan_067\id_card_back.jpg","17271","16.87","680","430","1.5814","ok","","46b2eeea172ed5074f641bb4f3b74eb7aeecc5a188ed0d0f4ed464e6a136f7e2","0077777f1f1f1f7f"
"loan_067","id_card_front","id_card_front.jpg","loan_067\id_card_front.jpg","22500","21.97","680","430","1.5814","ok","","19462694e624692006eaf0ab1fe99fe79eb6bedb8e51f30d69493cdd1aebce6d","00f61c0cc6ffffef"
"loan_068","bank_statement","bank_statement.jpg","loan_068\bank_statement.jpg","126201","123.24","800","1100","0.7273","ok","","80b3d4bd301191c2bab302ba410809bd69cc62e81512f88d3c59d6622a681d88","00b9ffffffffffff"
"loan_068","contract","contract.jpg","loan_068\contract.jpg","79946","78.07","800","1100","0.7273","ok","","5d491724abd1374bb40b3c638d9fd424084b882e6a30edb61a747707cca58cf8","f3070f0783ffffaf"
"loan_068","face_signing","face_signing.jpg","loan_068\face_signing.jpg","97324","95.04","1024","1024","1","ok","","282b7f290026a470f0cae680195a3d93a78458ec5aaf3ef90c98984ab6e6b686","f0fc1dddc18181c7"
"loan_068","id_card_back","id_card_back.jpg","loan_068\id_card_back.jpg","17221","16.82","680","430","1.5814","ok","","e5328849ae6aa2b60268e74b750873a92788d020de67b2331e4770e169c1f0f3","0077777f1f1f1f7f"
"loan_068","id_card_front","id_card_front.jpg","loan_068\id_card_front.jpg","21848","21.34","680","430","1.5814","ok","","8de431a25afe0ca6d0e1cc8a10333685a0b4d8707091a9411c4214381f069403","00f61c0cceffffef"
"loan_069","bank_statement","bank_statement.jpg","loan_069\bank_statement.jpg","126323","123.36","800","1100","0.7273","ok","","13f44b7fe273158e30c44243393ffa984e47fee2cb2a2eb40cb2a586ae1bc8d4","00b9ffffffffffff"
"loan_069","contract","contract.jpg","loan_069\contract.jpg","79049","77.2","800","1100","0.7273","ok","","3c4fe2862897783cfd5d32ee133adcfa183246141e89b62ccb842c653bf5ebd9","f3070f0783ffffaf"
"loan_069","face_signing","face_signing.jpg","loan_069\face_signing.jpg","102118","99.72","1024","1024","1","ok","","a8f970a3f136ee941219094b97ddd8c93706d57a5f20720b6b5e4aae992669d1","7cfc3dd583830185"
"loan_069","id_card_back","id_card_back.jpg","loan_069\id_card_back.jpg","17229","16.83","680","430","1.5814","ok","","188cfe31bce7e7ddb814aacc4c5fb21025e2e4adb6c37d79e7f13fae01a1da05","0077777f1f1f1f7f"
"loan_069","id_card_front","id_card_front.jpg","loan_069\id_card_front.jpg","21525","21.02","680","430","1.5814","ok","","4e4f9f6b65cd7450fcf0156bc093214c1db8e7c7c2ace2fab50db9951efa1b89","00f61c0cceffffef"
"loan_070","bank_statement","bank_statement.jpg","loan_070\bank_statement.jpg","126700","123.73","800","1100","0.7273","ok","","0e6bd13e19041c5a9a478f4907d87bbb1e3628b60dc6ea7504c5b34184ab1098","00b1ffffffffffff"
"loan_070","contract","contract.jpg","loan_070\contract.jpg","80894","79","800","1100","0.7273","ok","","73a42deead18404f7c1f30787349a3a0746045975ac77c2108bc74d7c8097cbd","f3070f0783ffffaf"
"loan_070","face_signing","face_signing.jpg","loan_070\face_signing.jpg","110332","107.75","1024","1024","1","ok","","6e9b04ae60c474980c231690844e71cee4e207da0ec83e59c89aad9d3917ebad","fbfffff990808000"
"loan_070","id_card_back","id_card_back.jpg","loan_070\id_card_back.jpg","17175","16.77","680","430","1.5814","ok","","a1189bce42b0c7ac9dc47dcb4d0eb0e4a964ba702d9ed66a7650092bae075ea8","0077777f1f1f1f7f"
"loan_070","id_card_front","id_card_front.jpg","loan_070\id_card_front.jpg","22724","22.19","680","430","1.5814","ok","","9a24b02b05b9883dc5aed3641fc8499dc5313add854f63ed3ee89854b5b1fe61","00f69c8cc6ffffef"
"loan_071","bank_statement","bank_statement.jpg","loan_071\bank_statement.jpg","125836","122.89","800","1100","0.7273","ok","","a8a99535221e5203d7cb5944dea21ed56c1365c7278e84bb9ad682157c02452f","00b1ffffffffffff"
"loan_071","contract","contract.jpg","loan_071\contract.jpg","79901","78.03","800","1100","0.7273","ok","","9eeffc7421cd226a3513e8a0f688aefabacfd2718eafb33b70ef1b8e2aff8bc0","f3070f0783ffffaf"
"loan_071","face_signing","face_signing.jpg","loan_071\face_signing.jpg","119306","116.51","1024","1024","1","ok","","d29f5e6fe33e4b4dd9b0b9c4118870776c5d7c79da26e91f13463dde5dc1ef09","f93fffff91100000"
"loan_071","id_card_back","id_card_back.jpg","loan_071\id_card_back.jpg","17140","16.74","680","430","1.5814","ok","","80ff329fd667e25e36d5b770d4ed8bcdd256823f9bd4f433bcfc8732aae8b329","0077777f1f1f1f7f"
"loan_071","id_card_front","id_card_front.jpg","loan_071\id_card_front.jpg","21654","21.15","680","430","1.5814","ok","","f470e9f811b7a35f539fc5f12409343bfb53d1e40add6fe53c5dc45d33cbfd74","00f61c0c4effffef"
"loan_072","bank_statement","bank_statement.jpg","loan_072\bank_statement.jpg","126176","123.22","800","1100","0.7273","ok","","1b1e553ed1369e701d8899acb0a9076a8cd168b055bde761dbbbb3aaf336cfd6","00b1ffffffffffff"
"loan_072","contract","contract.jpg","loan_072\contract.jpg","80447","78.56","800","1100","0.7273","ok","","fd413e49a6b2bbb8d9d51e9896c13861adc90a53c0948dcb7e981d8a7b38868e","f3070f0783ffffaf"
"loan_072","face_signing","face_signing.jpg","loan_072\face_signing.jpg","127462","124.47","1024","1024","1","ok","","e4141441df20e7eb501dea5fa1a814069aab28769b1c1553637619a119d10755","bbb1bfb6f0c68484"
"loan_072","id_card_back","id_card_back.jpg","loan_072\id_card_back.jpg","17205","16.8","680","430","1.5814","ok","","c47da07eb9b8d2efa619ab8bbfec3794cf4ff8868e82dbf25aa101cd135df821","0077777f1f1f1f7f"
"loan_072","id_card_front","id_card_front.jpg","loan_072\id_card_front.jpg","21865","21.35","680","430","1.5814","ok","","733489eb1cd2dc539f8a862d434072f0edcb221fa06778c1f768753548cbc644","00f61c0cceffffef"
"loan_073","bank_statement","bank_statement.jpg","loan_073\bank_statement.jpg","127024","124.05","800","1100","0.7273","ok","","47200ffa3003459b2fc85095e137c5e0d03af940b3ac80ae669d01e5f27a79b0","00b1ffffffffffff"
"loan_073","contract","contract.jpg","loan_073\contract.jpg","80440","78.55","800","1100","0.7273","ok","","7ca68104528d72d006d9921df4a19864671d159df2c7dd98ebf0237920351616","f3070f0783ffffaf"
"loan_073","face_signing","face_signing.jpg","loan_073\face_signing.jpg","151226","147.68","1024","1024","1","ok","","fa3c5cad915dcc4aaa291edebb185477f9ce4bcc74cf9ce40b7eaab23b408735","7f636f7e74448484"
"loan_073","id_card_back","id_card_back.jpg","loan_073\id_card_back.jpg","17289","16.88","680","430","1.5814","ok","","e4cafdb7f9618cdf9afeed2deee40f0305b74967082edaf1f025b429e8e3bf86","0077777f1f1f1f7f"
"loan_073","id_card_front","id_card_front.jpg","loan_073\id_card_front.jpg","21475","20.97","680","430","1.5814","ok","","ef1e94da2950f77a09bf8a494f2a77a4d6bf6a0d092a5ee24b4dddb77e4f0292","00f61c0cceffffef"
"loan_074","bank_statement","bank_statement.jpg","loan_074\bank_statement.jpg","125838","122.89","800","1100","0.7273","ok","","d6fde355bc4b10f25e02a457e00e198627625918bc9852c439d5bfc3b5d20a78","00b1ffffffffffff"
"loan_074","contract","contract.jpg","loan_074\contract.jpg","80506","78.62","800","1100","0.7273","ok","","276f5ee8b004192da830fe988bacecfb7cd3e245d2fba6dcd567fca4e001b160","f3070f0783ffffaf"
"loan_074","face_signing","face_signing.jpg","loan_074\face_signing.jpg","109129","106.57","1024","1024","1","ok","","0f8a2cdc486bd48fd7bcc2133f5b471c4aba7ec7ff9774c0d450c471c385694d","d0d9cbef4fc68701"
"loan_074","id_card_back","id_card_back.jpg","loan_074\id_card_back.jpg","17216","16.81","680","430","1.5814","ok","","d44484d9ca3e3639b32b4ed7dad2be7e8a4a838477882fa972ed42cf0f68daa0","0077777f1f1f1f7f"
"loan_074","id_card_front","id_card_front.jpg","loan_074\id_card_front.jpg","21711","21.2","680","430","1.5814","ok","","936d950da4878b194867acb45831e1e80f172a9911e802fd86a64491f793c135","00f61c0cceffffef"
