loan_id,image_type,path,relative_path,size_bytes,width,height,status,error,split,predicted_type,confidence
loan_001,bank_statement,D:\GitHub\jinchuang\23-多模态技术与数据治理赛道-基于多模态大模型的金融影像智能相似度检测模型\基于多模态大模型的金融影像智能相似度检测模型\loan_001\bank_statement.jpg,loan_001\bank_statement.jpg,126623,800,1100,ok,,train,bank_statement,0.99781185
loan_001,contract,D:\GitHub\jinchuang\23-多模态技术与数据治理赛道-基于多模态大模型的金融影像智能相似度检测模型\基于多模态大模型的金融影像智能相似度检测模型\loan_001\contract.jpg,loan_001\contract.jpg,81044,800,1100,ok,,train,contract,0.9971928
loan_001,face_signing,D:\GitHub\jinchuang\23-多模态技术与数据治理赛道-基于多模态大模型的金融影像智能相似度检测模型\基于多模态大模型的金融影像智能相似度检测模型\loan_001\face_signing.jpg,loan_001\face_signing.jpg,151766,1024,1024,ok,,train,face_signing,0.99877125
loan_001,id_card_back,D:\GitHub\jinchuang\23-多模态技术与数据治理赛道-基于多模态大模型的金融影像智能相似度检测模型\基于多模态大模型的金融影像智能相似度检测模型\loan_001\id_card_back.jpg,loan_001\id_card_back.jpg,17292,680,430,ok,,train,id_card_back,0.9975684
loan_001,id_card_front,D:\GitHub\jinchuang\23-多模态技术与数据治理赛道-基于多模态大模型的金融影像智能相似度检测模型\基于多模态大模型的金融影像智能相似度检测模型\loan_001\id_card_front.jpg,loan_001\id_card_front.jpg,22498,680,430,ok,,train,id_card_front,0.99680614
loan_002,bank_statement,D:\GitHub\jinchuang\23-多模态技术与数据治理赛道-基于多模态大模型的金融影像智能相似度检测模型\基于多模态大模型的金融影像智能相似度检测模型\loan_002\bank_statement.jpg,loan_002\bank_statement.jpg,125871,800,1100,ok,,val,bank_statement,0.99726033
loan_002,contract,D:\GitHub\jinchuang\23-多模态技术与数据治理赛道-基于多模态大模型的金融影像智能相似度检测模型\基于多模态大模型的金融影像智能相似度检测模型\loan_002\contract.jpg,loan_002\contract.jpg,79850,800,1100,ok,,val,contract,0.9975407
loan_002,face_signing,D:\GitHub\jinchuang\23-多模态技术与数据治理赛道-基于多模态大模型的金融影像智能相似度检测模型\基于多模态大模型的金融影像智能相似度检测模型\loan_002\face_signing.jpg,loan_002\face_signing.jpg,179583,1024,1024,ok,,val,face_signing,0.9987564
loan_002,id_card_back,D:\GitHub\jinchuang\23-多模态技术与数据治理赛道-基于多模态大模型的金融影像智能相似度检测模型\基于多模态大模型的金融影像智能相似度检测模型\loan_002\id_card_back.jpg,loan_002\id_card_back.jpg,17190,680,430,ok,,val,id_card_back,0.9971727
loan_002,id_card_front,D:\GitHub\jinchuang\23-多模态技术与数据治理赛道-基于多模态大模型的金融影像智能相似度检测模型\基于多模态大模型的金融影像智能相似度检测模型\loan_002\id_card_front.jpg,loan_002\id_card_front.jpg,21633,680,430,ok,,val,id_card_front,0.9975731
loan_003,bank_statement,D:\GitHub\jinchuang\23-多模态技术与数据治理赛道-基于多模态大模型的金融影像智能相似度检测模型\基于多模态大模型的金融影像智能相似度检测模型\loan_003\bank_statement.jpg,loan_003\bank_statement.jpg,126118,800,1100,ok,,train,bank_statement,0.9982077
loan_003,contract,D:\GitHub\jinchuang\23-多模态技术与数据治理赛道-基于多模态大模型的金融影像智能相似度检测模型\基于多模态大模型的金融影像智能相似度检测模型\loan_003\contract.jpg,loan_003\contract.jpg,79807,800,1100,ok,,train,contract,0.99719787
loan_003,face_signing,D:\GitHub\jinchuang\23-多模态技术与数据治理赛道-基于多模态大模型的金融影像智能相似度检测模型\基于多模态大模型的金融影像智能相似度检测模型\loan_003\face_signing.jpg,loan_003\face_signing.jpg,168131,1024,1024,ok,,train,face_signing,0.99718827
loan_003,id_card_back,D:\GitHub\jinchuang\23-多模态技术与数据治理赛道-基于多模态大模型的金融影像智能相似度检测模型\基于多模态大模型的金融影像智能相似度检测模型\loan_003\id_card_back.jpg,loan_003\id_card_back.jpg,17280,680,430,ok,,train,id_card_back,0.9975358
loan_003,id_card_front,D:\GitHub\jinchuang\23-多模态技术与数据治理赛道-基于多模态大模型的金融影像智能相似度检测模型\基于多模态大模型的金融影像智能相似度检测模型\loan_003\id_card_front.jpg,loan_003\id_card_front.jpg,21569,680,430,ok,,train,id_card_front,0.99752146
loan_004,bank_statement,D:\GitHub\jinchuang\23-多模态技术与数据治理赛道-基于多模态大模型的金融影像智能相似度检测模型\基于多模态大模型的金融影像智能相似度检测模型\loan_004\bank_statement.jpg,loan_004\bank_statement.jpg,127082,800,1100,ok,,test,bank_statement,0.99803656
loan_004,contract,D:\GitHub\jinchuang\23-多模态技术与数据治理赛道-基于多模态大模型的金融影像智能相似度检测模型\基于多模态大模型的金融影像智能相似度检测模型\loan_004\contract.jpg,loan_004\contract.jpg,78743,800,1100,ok,,test,contract,0.99723524
loan_004,face_signing,D:\GitHub\jinchuang\23-多模态技术与数据治理赛道-基于多模态大模型的金融影像智能相似度检测模型\基于多模态大模型的金融影像智能相似度检测模型\loan_004\face_signing.jpg,loan_004\face_signing.jpg,164490,1024,1024,ok,,test,face_signing,0.99921703
loan_004,id_card_back,D:\GitHub\jinchuang\23-多模态技术与数据治理赛道-基于多模态大模型的金融影像智能相似度检测模型\基于多模态大模型的金融影像智能相似度检测模型\loan_004\id_card_back.jpg,loan_004\id_card_back.jpg,17268,680,430,ok,,test,id_card_back,0.99771047
loan_004,id_card_front,D:\GitHub\jinchuang\23-多模态技术与数据治理赛道-基于多模态大模型的金融影像智能相似度检测模型\基于多模态大模型的金融影像智能相似度检测模型\loan_004\id_card_front.jpg,loan_004\id_card_front.jpg,21176,680,430,ok,,test,id_card_front,0.9975062
loan_005,bank_statement,D:\GitHub\jinchuang\23-多模态技术与数据治理赛道-基于多模态大模型的金融影像智能相似度检测模型\基于多模态大模型的金融影像智能相似度检测模型\loan_005\bank_statement.jpg,loan_005\bank_statement.jpg,126255,800,1100,ok,,test,bank_statement,0.9976673
loan_005,contract,D:\GitHub\jinchuang\23-多模态技术与数据治理赛道-基于多模态大模型的金融影像智能相似度检测模型\基于多模态大模型的金融影像智能相似度检测模型\loan_005\contract.jpg,loan_005\contract.jpg,79694,800,1100,ok,,test,contract,0.9969945
loan_005,face_signing,D:\GitHub\jinchuang\23-多模态技术与数据治理赛道-基于多模态大模型的金融影像智能相似度检测模型\基于多模态大模型的金融影像智能相似度检测模型\loan_005\face_signing.jpg,loan_005\face_signing.jpg,183247,1024,1024,ok,,test,face_signing,0.99815035
loan_005,id_card_back,D:\GitHub\jinchuang\23-多模态技术与数据治理赛道-基于多模态大模型的金融影像智能相似度检测模型\基于多模态大模型的金融影像智能相似度检测模型\loan_005\id_card_back.jpg,loan_005\id_card_back.jpg,17212,680,430,ok,,test,id_card_back,0.9968166
loan_005,id_card_front,D:\GitHub\jinchuang\23-多模态技术与数据治理赛道-基于多模态大模型的金融影像智能相似度检测模型\基于多模态大模型的金融影像智能相似度检测模型\loan_005\id_card_front.jpg,loan_005\id_card_front.jpg,21719,680,430,ok,,test,id_card_front,0.9966646
loan_006,bank_statement,D:\GitHub\jinchuang\23-多模态技术与数据治理赛道-基于多模态大模型的金融影像智能相似度检测模型\基于多模态大模型的金融影像智能相似度检测模型\loan_006\bank_statement.jpg,loan_006\bank_statement.jpg,127433,800,1100,ok,,val,bank_statement,0.99787366
loan_006,contract,D:\GitHub\jinchuang\23-多模态技术与数据治理赛道-基于多模态大模型的金融影像智能相似度检测模型\基于多模态大模型的金融影像智能相似度检测模型\loan_006\contract.jpg,loan_006\contract.jpg,79485,800,1100,ok,,val,contract,0.9969644
loan_006,face_signing,D:\GitHub\jinchuang\23-多模态技术与数据治理赛道-基于多模态大模型的金融影像智能相似度检测模型\基于多模态大模型的金融影像智能相似度检测模型\loan_006\face_signing.jpg,loan_006\face_signing.jpg,149676,1024,1024,ok,,val,face_signing,0.99767226
loan_006,id_card_back,D:\GitHub\jinchuang\23-多模态技术与数据治理赛道-基于多模态大模型的金融影像智能相似度检测模型\基于多模态大模型的金融影像智能相似度检测模型\loan_006\id_card_back.jpg,loan_006\id_card_back.jpg,17256,680,430,ok,,val,id_card_back,0.9974377
loan_006,id_card_front,D:\GitHub\jinchuang\23-多模态技术与数据治理赛道-基于多模态大模型的金融影像智能相似度检测模型\基于多模态大模型的金融影像智能相似度检测模型\loan_006\id_card_front.jpg,loan_006\id_card_front.jpg,21768,680,430,ok,,val,id_card_front,0.9972682
loan_007,bank_statement,D:\GitHub\jinchuang\23-多模态技术与数据治理赛道-基于多模态大模型的金融影像智能相似度检测模型\基于多模态大模型的金融影像智能相似度检测模型\loan_007\bank_statement.jpg,loan_007\bank_statement.jpg,126121,800,1100,ok,,train,bank_statement,0.9982503
loan_007,contract,D:\GitHub\jinchuang\23-多模态技术与数据治理赛道-基于多模态大模型的金融影像智能相似度检测模型\基于多模态大模型的金融影像智能相似度检测模型\loan_007\contract.jpg,loan_007\contract.jpg,80110,800,1100,ok,,train,contract,0.99723476
loan_007,face_signing,D:\GitHub\jinchuang\23-多模态技术与数据治理赛道-基于多模态大模型的金融影像智能相似度检测模型\基于多模态大模型的金融影像智能相似度检测模型\loan_007\face_signing.jpg,loan_007\face_signing.jpg,161772,1024,1024,ok,,train,face_signing,0.9989974
loan_007,id_card_back,D:\GitHub\jinchuang\23-多模态技术与数据治理赛道-基于多模态大模型的金融影像智能相似度检测模型\基于多模态大模型的金融影像智能相似度检测模型\loan_007\id_card_back.jpg,loan_007\id_card_back.jpg,17187,680,430,ok,,train,id_card_back,0.99767464
loan_007,id_card_front,D:\GitHub\jinchuang\23-多模态技术与数据治理赛道-基于多模态大模型的金融影像智能相似度检测模型\基于多模态大模型的金融影像智能相似度检测模型\loan_007\id_card_front.jpg,loan_007\id_card_front.jpg,22502,680,430,ok,,train,id_card_front,0.99694246
loan_008,bank_statement,D:\GitHub\jinchuang\23-多模态技术与数据治理赛道-基于多模态大模型的金融影像智能相似度检测模型\基于多模态大模型的金融影像智能相似度检测模型\loan_008\bank_statement.jpg,loan_008\bank_statement.jpg,126644,800,1100,ok,,train,bank_statement,0.9971693
loan_008,contract,D:\GitHub\jinchuang\23-多模态技术与数据治理赛道-基于多模态大模型的金融影像智能相似度检测模型\基于多模态大模型的金融影像智能相似度检测模型\loan_008\contract.jpg,loan_008\contract.jpg,79109,800,1100,ok,,train,contract,0.9965197
loan_008,face_signing,D:\GitHub\jinchuang\23-多模态技术与数据治理赛道-基于多模态大模型的金融影像智能相似度检测模型\基于多模态大模型的金融影像智能相似度检测模型\loan_008\face_signing.jpg,loan_008\face_signing.jpg,184467,1024,1024,ok,,train,face_signing,0.99785006
loan_008,id_card_back,D:\GitHub\jinchuang\23-多模态技术与数据治理赛道-基于多模态大模型的金融影像智能相似度检测模型\基于多模态大模型的金融影像智能相似度检测模型\loan_008\id_card_back.jpg,loan_008\id_card_back.jpg,17181,680,430,ok,,train,id_card_back,0.99778736
loan_008,id_card_front,D:\GitHub\jinchuang\23-多模态技术与数据治理赛道-基于多模态大模型的金融影像智能相似度检测模型\基于多模态大模型的金融影像智能相似度检测模型\loan_008\id_card_front.jpg,loan_008\id_card_front.jpg,21169,680,430,ok,,train,id_card_front,0.997656
loan_009,bank_statement,D:\GitHub\jinchuang\23-多模态技术与数据治理赛道-基于多模态大模型的金融影像智能相似度检测模型\基于多模态大模型的金融影像智能相似度检测模型\loan_009\bank_statement.jpg,loan_009\bank_statement.jpg,127609,800,1100,ok,,train,bank_statement,0.997971
loan_009,contract,D:\GitHub\jinchuang\23-多模态技术与数据治理赛道-基于多模态大模型的金融影像智能相似度检测模型\基于多模态大模型的金融影像智能相似度检测模型\loan_009\contract.jpg,loan_009\contract.jpg,79294,800,1100,ok,,train,contract,0.9972614
loan_009,face_signing,D:\GitHub\jinchuang\23-多模态技术与数据治理赛道-基于多模态大模型的金融影像智能相似度检测模型\基于多模态大模型的金融影像智能相似度检测模型\loan_009\face_signing.jpg,loan_009\face_signing.jpg,156625,1024,1024,ok,,train,face_signing,0.99886775
loan_009,id_card_back,D:\GitHub\jinchuang\23-多模态技术与数据治理赛道-基于多模态大模型的金融影像智能相似度检测模型\基于多模态大模型的金融影像智能相似度检测模型\loan_009\id_card_back.jpg,loan_009\id_card_back.jpg,17174,680,430,ok,,train,id_card_back,0.9974654
loan_009,id_card_front,D:\GitHub\jinchuang\23-多模态技术与数据治理赛道-基于多模态大模型的金融影像智能相似度检测模型\基于多模态大模型的金融影像智能相似度检测模型\loan_009\id_card_front.jpg,loan_009\id_card_front.jpg,21956,680,430,ok,,train,id_card_front,0.9963361
loan_010,bank_statement,D:\GitHub\jinchuang\23-多模态技术与数据治理赛道-基于多模态大模型的金融影像智能相似度检测模型\基于多模态大模型的金融影像智能相似度检测模型\loan_010\bank_statement.jpg,loan_010\bank_statement.jpg,125638,800,1100,ok,,train,bank_statement,0.99723995
loan_010,contract,D:\GitHub\jinchuang\23-多模态技术与数据治理赛道-基于多模态大模型的金融影像智能相似度检测模型\基于多模态大模型的金融影像智能相似度检测模型\loan_010\contract.jpg,loan_010\contract.jpg,80000,800,1100,ok,,train,contract,0.9967514
loan_010,face_signing,D:\GitHub\jinchuang\23-多模态技术与数据治理赛道-基于多模态大模型的金融影像智能相似度检测模型\基于多模态大模型的金融影像智能相似度检测模型\loan_010\face_signing.jpg,loan_010\face_signing.jpg,160439,1024,1024,ok,,train,face_signing,0.99901617
loan_010,id_card_back,D:\GitHub\jinchuang\23-多模态技术与数据治理赛道-基于多模态大模型的金融影像智能相似度检测模型\基于多模态大模型的金融影像智能相似度检测模型\loan_010\id_card_back.jpg,loan_010\id_card_back.jpg,17186,680,430,ok,,train,id_card_back,0.997701
loan_010,id_card_front,D:\GitHub\jinchuang\23-多模态技术与数据治理赛道-基于多模态大模型的金融影像智能相似度检测模型\基于多模态大模型的金融影像智能相似度检测模型\loan_010\id_card_front.jpg,loan_010\id_card_front.jpg,21518,680,430,ok,,train,id_card_front,0.9969469
loan_011,bank_statement,D:\GitHub\jinchuang\23-多模态技术与数据治理赛道-基于多模态大模型的金融影像智能相似度检测模型\基于多模态大模型的金融影像智能相似度检测模型\loan_011\bank_statement.jpg,loan_011\bank_statement.jpg,126289,800,1100,ok,,train,bank_statement,0.9978168
loan_011,contract,D:\GitHub\jinchuang\23-多模态技术与数据治理赛道-基于多模态大模型的金融影像智能相似度检测模型\基于多模态大模型的金融影像智能相似度检测模型\loan_011\contract.jpg,loan_011\contract.jpg,79756,800,1100,ok,,train,contract,0.99722373
loan_011,face_signing,D:\GitHub\jinchuang\23-多模态技术与数据治理赛道-基于多模态大模型的金融影像智能相似度检测模型\基于多模态大模型的金融影像智能相似度检测模型\loan_011\face_signing.jpg,loan_011\face_signing.jpg,200822,1024,1024,ok,,train,face_signing,0.99818486
loan_011,id_card_back,D:\GitHub\jinchuang\23-多模态技术与数据治理赛道-基于多模态大模型的金融影像智能相似度检测模型\基于多模态大模型的金融影像智能相似度检测模型\loan_011\id_card_back.jpg,loan_011\id_card_back.jpg,17273,680,430,ok,,train,id_card_back,0.9976083
loan_011,id_card_front,D:\GitHub\jinchuang\23-多模态技术与数据治理赛道-基于多模态大模型的金融影像智能相似度检测模型\基于多模态大模型的金融影像智能相似度检测模型\loan_011\id_card_front.jpg,loan_011\id_card_front.jpg,22387,680,430,ok,,train,id_card_front,0.9962424
loan_012,bank_statement,D:\GitHub\jinchuang\23-多模态技术与数据治理赛道-基于多模态大模型的金融影像智能相似度检测模型\基于多模态大模型的金融影像智能相似度检测模型\loan_012\bank_statement.jpg,loan_012\bank_statement.jpg,127060,800,1100,ok,,test,bank_statement,0.99784064
loan_012,contract,D:\GitHub\jinchuang\23-多模态技术与数据治理赛道-基于多模态大模型的金融影像智能相似度检测模型\基于多模态大模型的金融影像智能相似度检测模型\loan_012\contract.jpg,loan_012\contract.jpg,79962,800,1100,ok,,test,contract,0.99734193
loan_012,face_signing,D:\GitHub\jinchuang\23-多模态技术与数据治理赛道-基于多模态大模型的金融影像智能相似度检测模型\基于多模态大模型的金融影像智能相似度检测模型\loan_012\face_signing.jpg,loan_012\face_signing.jpg,129660,1024,1024,ok,,test,face_signing,0.99814975
loan_012,id_card_back,D:\GitHub\jinchuang\23-多模态技术与数据治理赛道-基于多模态大模型的金融影像智能相似度检测模型\基于多模态大模型的金融影像智能相似度检测模型\loan_012\id_card_back.jpg,loan_012\id_card_back.jpg,17233,680,430,ok,,test,id_card_back,0.9974426
loan_012,id_card_front,D:\GitHub\jinchuang\23-多模态技术与数据治理赛道-基于多模态大模型的金融影像智能相似度检测模型\基于多模态大模型的金融影像智能相似度检测模型\loan_012\id_card_front.jpg,loan_012\id_card_front.jpg,21386,680,430,ok,,test,id_card_front,0.9976285
loan_013,bank_statement,D:\GitHub\jinchuang\23-多模态技术与数据治理赛道-基于多模态大模型的金融影像智能相似度检测模型\基于多模态大模型的金融影像智能相似度检测模型\loan_013\bank_statement.jpg,loan_013\bank_statement.jpg,125732,800,1100,ok,,val,bank_statement,0.99714065
loan_013,contract,D:\GitHub\jinchuang\23-多模态技术与数据治理赛道-基于多模态大模型的金融影像智能相似度检测模型\基于多模态大模型的金融影像智能相似度检测模型\loan_013\contract.jpg,loan_013\contract.jpg,79127,800,1100,ok,,val,contract,0.99725705
loan_013,face_signing,D:\GitHub\jinchuang\23-多模态技术与数据治理赛道-基于多模态大模型的金融影像智能相似度检测模型\基于多模态大模型的金融影像智能相似度检测模型\loan_013\face_signing.jpg,loan_013\face_signing.jpg,175263,1024,1024,ok,,val,face_signing,0.9967362
loan_013,id_card_back,D:\GitHub\jinchuang\23-多模态技术与数据治理赛道-基于多模态大模型的金融影像智能相似度检测模型\基于多模态大模型的金融影像智能相似度检测模型\loan_013\id_card_back.jpg,loan_013\id_card_back.jpg,17265,680,430,ok,,val,id_card_back,0.9979442
loan_013,id_card_front,D:\GitHub\jinchuang\23-多模态技术与数据治理赛道-基于多模态大模型的金融影像智能相似度检测模型\基于多模态大模型的金融影像智能相似度检测模型\loan_013\id_card_front.jpg,loan_013\id_card_front.jpg,21555,680,430,ok,,val,id_card_front,0.9971106
loan_014,bank_statement,D:\GitHub\jinchuang\23-多模态技术与数据治理赛道-基于多模态大模型的金融影像智能相似度检测模型\基于多模态大模型的金融影像智能相似度检测模型\loan_014\bank_statement.jpg,loan_014\bank_statement.jpg,126657,800,1100,ok,,test,bank_statement,0.9979225
loan_014,contract,D:\GitHub\jinchuang\23-多模态技术与数据治理赛道-基于多模态大模型的金融影像智能相似度检测模型\基于多模态大模型的金融影像智能相似度检测模型\loan_014\contract.jpg,loan_014\contract.jpg,79436,800,1100,ok,,test,contract,0.99723274
loan_014,face_signing,D:\GitHub\jinchuang\23-多模态技术与数据治理赛道-基于多模态大模型的金融影像智能相似度检测模型\基于多模态大模型的金融影像智能相似度检测模型\loan_014\face_signing.jpg,loan_014\face_signing.jpg,157750,1024,1024,ok,,test,face_signing,0.99736494
loan_014,id_card_back,D:\GitHub\jinchuang\23-多模态技术与数据治理赛道-基于多模态大模型的金融影像智能相似度检测模型\基于多模态大模型的金融影像智能相似度检测模型\loan_014\id_card_back.jpg,loan_014\id_card_back.jpg,17230,680,430,ok,,test,id_card_back,0.99776495
loan_014,id_card_front,D:\GitHub\jinchuang\23-多模态技术与数据治理赛道-基于多模态大模型的金融影像智能相似度检测模型\基于多模态大模型的金融影像智能相似度检测模型\loan_014\id_card_front.jpg,loan_014\id_card_front.jpg,21557,680,430,ok,,test,id_card_front,0.9974043
loan_015,bank_statement,D:\GitHub\jinchuang\23-多模态技术与数据治理赛道-基于多模态大模型的金融影像智能相似度检测模型\基于多模态大模型的金融影像智能相似度检测模型\loan_015\bank_statement.jpg,loan_015\bank_statement.jpg,125570,800,1100,ok,,test,bank_statement,0.99748355
loan_015,contract,D:\GitHub\jinchuang\23-多模态技术与数据治理赛道-基于多模态大模型的金融影像智能相似度检测模型\基于多模态大模型的金融影像智能相似度检测模型\loan_015\contract.jpg,loan_015\contract.jpg,79467,800,1100,ok,,test,contract,0.99720407
loan_015,face_signing,D:\GitHub\jinchuang\23-多模态技术与数据治理赛道-基于多模态大模型的金融影像智能相似度检测模型\基于多模态大模型的金融影像智能相似度检测模型\loan_015\face_signing.jpg,loan_015\face_signing.jpg,159509,1024,1024,ok,,test,face_signing,0.99884135
loan_015,id_card_back,D:\GitHub\jinchuang\23-多模态技术与数据治理赛道-基于多模态大模型的金融影像智能相似度检测模型\基于多模态大模型的金融影像智能相似度检测模型\loan_015\id_card_back.jpg,loan_015\id_card_back.jpg,17226,680,430,ok,,test,id_card_back,0.9978915
loan_015,id_card_front,D:\GitHub\jinchuang\23-多模态技术与数据治理赛道-基于多模态大模型的金融影像智能相似度检测模型\基于多模态大模型的金融影像智能相似度检测模型\loan_015\id_card_front.jpg,loan_015\id_card_front.jpg,21838,680,430,ok,,test,id_card_front,0.9977285
loan_016,bank_statement,D:\GitHub\jinchuang\23-多模态技术与数据治理赛道-基于多模态大模型的金融影像智能相似度检测模型\基于多模态大模型的金融影像智能相似度检测模型\loan_016\bank_statement.jpg,loan_016\bank_statement.jpg,126062,800,1100,ok,,train,bank_statement,0.9976688
loan_016,contract,D:\GitHub\jinchuang\23-多模态技术与数据治理赛道-基于多模态大模型的金融影像智能相似度检测模型\基于多模态大模型的金融影像智能相似度检测模型\loan_016\contract.jpg,loan_016\contract.jpg,80231,800,1100,ok,,train,contract,0.99778193
loan_016,face_signing,D:\GitHub\jinchuang\23-多模态技术与数据治理赛道-基于多模态大模型的金融影像智能相似度检测模型\基于多模态大模型的金融影像智能相似度检测模型\loan_016\face_signing.jpg,loan_016\face_signing.jpg,178959,1024,1024,ok,,train,face_signing,0.99858224
loan_016,id_card_back,D:\GitHub\jinchuang\23-多模态技术与数据治理赛道-基于多模态大模型的金融影像智能相似度检测模型\基于多模态大模型的金融影像智能相似度检测模型\loan_016\id_card_back.jpg,loan_016\id_card_back.jpg,17176,680,430,ok,,train,id_card_back,0.9975649
loan_016,id_card_front,D:\GitHub\jinchuang\23-多模态技术与数据治理赛道-基于多模态大模型的金融影像智能相似度检测模型\基于多模态大模型的金融影像智能相似度检测模型\loan_016\id_card_front.jpg,loan_016\id_card_front.jpg,21713,680,430,ok,,train,id_card_front,0.99636096
loan_017,bank_statement,D:\GitHub\jinchuang\23-多模态技术与数据治理赛道-基于多模态大模型的金融影像智能相似度检测模型\基于多模态大模型的金融影像智能相似度检测模型\loan_017\bank_statement.jpg,loan_017\bank_statement.jpg,126685,800,1100,ok,,train,bank_statement,0.99805117
loan_017,contract,D:\GitHub\jinchuang\23-多模态技术与数据治理赛道-基于多模态大模型的金融影像智能相似度检测模型\基于多模态大模型的金融影像智能相似度检测模型\loan_017\contract.jpg,loan_017\contract.jpg,79162,800,1100,ok,,train,contract,0.99706215
loan_017,face_signing,D:\GitHub\jinchuang\23-多模态技术与数据治理赛道-基于多模态大模型的金融影像智能相似度检测模型\基于多模态大模型的金融影像智能相似度检测模型\loan_017\face_signing.jpg,loan_017\face_signing.jpg,170612,1024,1024,ok,,train,face_signing,0.9980051
loan_017,id_card_back,D:\GitHub\jinchuang\23-多模态技术与数据治理赛道-基于多模态大模型的金融影像智能相似度检测模型\基于多模态大模型的金融影像智能相似度检测模型\loan_017\id_card_back.jpg,loan_017\id_card_back.jpg,17217,680,430,ok,,train,id_card_back,0.9974437
loan_017,id_card_front,D:\GitHub\jinchuang\23-多模态技术与数据治理赛道-基于多模态大模型的金融影像智能相似度检测模型\基于多模态大模型的金融影像智能相似度检测模型\loan_017\id_card_front.jpg,loan_017\id_card_front.jpg,21210,680,430,ok,,train,id_card_front,0.9979247
loan_018,bank_statement,D:\GitHub\jinchuang\23-多模态技术与数据治理赛道-基于多模态大模型的金融影像智能相似度检测模型\基于多模态大模型的金融影像智能相似度检测模型\loan_018\bank_statement.jpg,loan_018\bank_statement.jpg,125712,800,1100,ok,,test,bank_statement,0.9976502
loan_018,contract,D:\GitHub\jinchuang\23-多模态技术与数据治理赛道-基于多模态大模型的金融影像智能相似度检测模型\基于多模态大模型的金融影像智能相似度检测模型\loan_018\contract.jpg,loan_018\contract.jpg,80659,800,1100,ok,,test,contract,0.99711585
loan_018,face_signing,D:\GitHub\jinchuang\23-多模态技术与数据治理赛道-基于多模态大模型的金融影像智能相似度检测模型\基于多模态大模型的金融影像智能相似度检测模型\loan_018\face_signing.jpg,loan_018\face_signing.jpg,140875,1024,1024,ok,,test,face_signing,0.9983619
loan_018,id_card_back,D:\GitHub\jinchuang\23-多模态技术与数据治理赛道-基于多模态大模型的金融影像智能相似度检测模型\基于多模态大模型的金融影像智能相似度检测模型\loan_018\id_card_back.jpg,loan_018\id_card_back.jpg,17207,680,430,ok,,test,id_card_back,0.9976363
loan_018,id_card_front,D:\GitHub\jinchuang\23-多模态技术与数据治理赛道-基于多模态大模型的金融影像智能相似度检测模型\基于多模态大模型的金融影像智能相似度检测模型\loan_018\id_card_front.jpg,loan_018\id_card_front.jpg,22521,680,430,ok,,test,id_card_front,0.9971136
loan_019,bank_statement,D:\GitHub\jinchuang\23-多模态技术与数据治理赛道-基于多模态大模型的金融影像智能相似度检测模型\基于多模态大模型的金融影像智能相似度检测模型\loan_019\bank_statement.jpg,loan_019\bank_statement.jpg,126683,800,1100,ok,,train,bank_statement,0.99817777
loan_019,contract,D:\GitHub\jinchuang\23-多模态技术与数据治理赛道-基于多模态大模型的金融影像智能相似度检测模型\基于多模态大模型的金融影像智能相似度检测模型\loan_019\contract.jpg,loan_019\contract.jpg,79236,800,1100,ok,,train,contract,0.99722314
loan_019,face_signing,D:\GitHub\jinchuang\23-多模态技术与数据治理赛道-基于多模态大模型的金融影像智能相似度检测模型\基于多模态大模型的金融影像智能相似度检测模型\loan_019\face_signing.jpg,loan_019\face_signing.jpg,148566,1024,1024,ok,,train,face_signing,0.99855345
loan_019,id_card_back,D:\GitHub\jinchuang\23-多模态技术与数据治理赛道-基于多模态大模型的金融影像智能相似度检测模型\基于多模态大模型的金融影像智能相似度检测模型\loan_019\id_card_back.jpg,loan_019\id_card_back.jpg,17184,680,430,ok,,train,id_card_back,0.997943
loan_019,id_card_front,D:\GitHub\jinchuang\23-多模态技术与数据治理赛道-基于多模态大模型的金融影像智能相似度检测模型\基于多模态大模型的金融影像智能相似度检测模型\loan_019\id_card_front.jpg,loan_019\id_card_front.jpg,21776,680,430,ok,,train,id_card_front,0.9964084
loan_020,bank_statement,D:\GitHub\jinchuang\23-多模态技术与数据治理赛道-基于多模态大模型的金融影像智能相似度检测模型\基于多模态大模型的金融影像智能相似度检测模型\loan_020\bank_statement.jpg,loan_020\bank_statement.jpg,126786,800,1100,ok,,train,bank_statement,0.9980433
loan_020,contract,D:\GitHub\jinchuang\23-多模态技术与数据治理赛道-基于多模态大模型的金融影像智能相似度检测模型\基于多模态大模型的金融影像智能相似度检测模型\loan_020\contract.jpg,loan_020\contract.jpg,80043,800,1100,ok,,train,contract,0.997015
loan_020,face_signing,D:\GitHub\jinchuang\23-多模态技术与数据治理赛道-基于多模态大模型的金融影像智能相似度检测模型\基于多模态大模型的金融影像智能相似度检测模型\loan_020\face_signing.jpg,loan_020\face_signing.jpg,191714,1024,1024,ok,,train,face_signing,0.9984485
loan_020,id_card_back,D:\GitHub\jinchuang\23-多模态技术与数据治理赛道-基于多模态大模型的金融影像智能相似度检测模型\基于多模态大模型的金融影像智能相似度检测模型\loan_020\id_card_back.jpg,loan_020\id_card_back.jpg,17246,680,430,ok,,train,id_card_back,0.997569
loan_020,id_card_front,D:\GitHub\jinchuang\23-多模态技术与数据治理赛道-基于多模态大模型的金融影像智能相似度检测模型\基于多模态大模型的金融影像智能相似度检测模型\loan_020\id_card_front.jpg,loan_020\id_card_front.jpg,21849,680,430,ok,,train,id_card_front,0.9965947
loan_021,bank_statement,D:\GitHub\jinchuang\23-多模态技术与数据治理赛道-基于多模态大模型的金融影像智能相似度检测模型\基于多模态大模型的金融影像智能相似度检测模型\loan_021\bank_statement.jpg,loan_021\bank_statement.jpg,125417,800,1100,ok,,train,bank_statement,0.9980737
loan_021,contract,D:\GitHub\jinchuang\23-多模态技术与数据治理赛道-基于多模态大模型的金融影像智能相似度检测模型\基于多模态大模型的金融影像智能相似度检测模型\loan_021\contract.jpg,loan_021\contract.jpg,79704,800,1100,ok,,train,contract,0.9968458
loan_021,face_signing,D:\GitHub\jinchuang\23-多模态技术与数据治理赛道-基于多模态大模型的金融影像智能相似度检测模型\基于多模态大模型的金融影像智能相似度检测模型\loan_021\face_signing.jpg,loan_021\face_signing.jpg,170461,1024,1024,ok,,train,face_signing,0.9981949
loan_021,id_card_back,D:\GitHub\jinchuang\23-多模态技术与数据治理赛道-基于多模态大模型的金融影像智能相似度检测模型\基于多模态大模型的金融影像智能相似度检测模型\loan_021\id_card_back.jpg,loan_021\id_card_back.jpg,17211,680,430,ok,,train,id_card_back,0.9975091
loan_021,id_card_front,D:\GitHub\jinchuang\23-多模态技术与数据治理赛道-基于多模态大模型的金融影像智能相似度检测模型\基于多模态大模型的金融影像智能相似度检测模型\loan_021\id_card_front.jpg,loan_021\id_card_front.jpg,21794,680,430,ok,,train,id_card_front,0.9975025
loan_022,bank_statement,D:\GitHub\jinchuang\23-多模态技术与数据治理赛道-基于多模态大模型的金融影像智能相似度检测模型\基于多模态大模型的金融影像智能相似度检测模型\loan_022\bank_statement.jpg,loan_022\bank_statement.jpg,126634,800,1100,ok,,train,bank_statement,0.9978003
loan_022,contract,D:\GitHub\jinchuang\23-多模态技术与数据治理赛道-基于多模态大模型的金融影像智能相似度检测模型\基于多模态大模型的金融影像智能相似度检测模型\loan_022\contract.jpg,loan_022\contract.jpg,80187,800,1100,ok,,train,contract,0.9975925
loan_022,face_signing,D:\GitHub\jinchuang\23-多模态技术与数据治理赛道-基于多模态大模型的金融影像智能相似度检测模型\基于多模态大模型的金融影像智能相似度检测模型\loan_022\face_signing.jpg,loan_022\face_signing.jpg,133514,1024,1024,ok,,train,face_signing,0.9982541
loan_022,id_card_back,D:\GitHub\jinchuang\23-多模态技术与数据治理赛道-基于多模态大模型的金融影像智能相似度检测模型\基于多模态大模型的金融影像智能相似度检测模型\loan_022\id_card_back.jpg,loan_022\id_card_back.jpg,17221,680,430,ok,,train,id_card_back,0.99731845
loan_022,id_card_front,D:\GitHub\jinchuang\23-多模态技术与数据治理赛道-基于多模态大模型的金融影像智能相似度检测模型\基于多模态大模型的金融影像智能相似度检测模型\loan_022\id_card_front.jpg,loan_022\id_card_front.jpg,21906,680,430,ok,,train,id_card_front,0.99645364
loan_023,bank_statement,D:\GitHub\jinchuang\23-多模态技术与数据治理赛道-基于多模态大模型的金融影像智能相似度检测模型\基于多模态大模型的金融影像智能相似度检测模型\loan_023\bank_statement.jpg,loan_023\bank_statement.jpg,126157,800,1100,ok,,train,bank_statement,0.9983882
loan_023,contract,D:\GitHub\jinchuang\23-多模态技术与数据治理赛道-基于多模态大模型的金融影像智能相似度检测模型\基于多模态大模型的金融影像智能相似度检测模型\loan_023\contract.jpg,loan_023\contract.jpg,79602,800,1100,ok,,train,contract,0.99702424
loan_023,face_signing,D:\GitHub\jinchuang\23-多模态技术与数据治理赛道-基于多模态大模型的金融影像智能相似度检测模型\基于多模态大模型的金融影像智能相似度检测模型\loan_023\face_signing.jpg,loan_023\face_signing.jpg,157487,1024,1024,ok,,train,face_signing,0.99775606
loan_023,id_card_back,D:\GitHub\jinchuang\23-多模态技术与数据治理赛道-基于多模态大模型的金融影像智能相似度检测模型\基于多模态大模型的金融影像智能相似度检测模型\loan_023\id_card_back.jpg,loan_023\id_card_back.jpg,17282,680,430,ok,,train,id_card_back,0.99732995
loan_023,id_card_front,D:\GitHub\jinchuang\23-多模态技术与数据治理赛道-基于多模态大模型的金融影像智能相似度检测模型\基于多模态大模型的金融影像智能相似度检测模型\loan_023\id_card_front.jpg,loan_023\id_card_front.jpg,21786,680,430,ok,,train,id_card_front,0.99694246
loan_024,bank_statement,D:\GitHub\jinchuang\23-多模态技术与数据治理赛道-基于多模态大模型的金融影像智能相似度检测模型\基于多模态大模型的金融影像智能相似度检测模型\loan_024\bank_statement.jpg,loan_024\bank_statement.jpg,125945,800,1100,ok,,train,bank_statement,0.9979329
loan_024,contract,D:\GitHub\jinchuang\23-多模态技术与数据治理赛道-基于多模态大模型的金融影像智能相似度检测模型\基于多模态大模型的金融影像智能相似度检测模型\loan_024\contract.jpg,loan_024\contract.jpg,79274,800,1100,ok,,train,contract,0.9974367
loan_024,face_signing,D:\GitHub\jinchuang\23-多模态技术与数据治理赛道-基于多模态大模型的金融影像智能相似度检测模型\基于多模态大模型的金融影像智能相似度检测模型\loan_024\face_signing.jpg,loan_024\face_signing.jpg,161651,1024,1024,ok,,train,face_signing,0.99834824
loan_024,id_card_back,D:\GitHub\jinchuang\23-多模态技术与数据治理赛道-基于多模态大模型的金融影像智能相似度检测模型\基于多模态大模型的金融影像智能相似度检测模型\loan_024\id_card_back.jpg,loan_024\id_card_back.jpg,17183,680,430,ok,,train,id_card_back,0.99745375
loan_024,id_card_front,D:\GitHub\jinchuang\23-多模态技术与数据治理赛道-基于多模态大模型的金融影像智能相似度检测模型\基于多模态大模型的金融影像智能相似度检测模型\loan_024\id_card_front.jpg,loan_024\id_card_front.jpg,21361,680,430,ok,,train,id_card_front,0.996705
loan_025,bank_statement,D:\GitHub\jinchuang\23-多模态技术与数据治理赛道-基于多模态大模型的金融影像智能相似度检测模型\基于多模态大模型的金融影像智能相似度检测模型\loan_025\bank_statement.jpg,loan_025\bank_statement.jpg,127269,800,1100,ok,,train,bank_statement,0.99796116
loan_025,contract,D:\GitHub\jinchuang\23-多模态技术与数据治理赛道-基于多模态大模型的金融影像智能相似度检测模型\基于多模态大模型的金融影像智能相似度检测模型\loan_025\contract.jpg,loan_025\contract.jpg,79059,800,1100,ok,,train,contract,0.997133
loan_025,face_signing,D:\GitHub\jinchuang\23-多模态技术与数据治理赛道-基于多模态大模型的金融影像智能相似度检测模型\基于多模态大模型的金融影像智能相似度检测模型\loan_025\face_signing.jpg,loan_025\face_signing.jpg,169596,1024,1024,ok,,train,face_signing,0.99763453
loan_025,id_card_back,D:\GitHub\jinchuang\23-多模态技术与数据治理赛道-基于多模态大模型的金融影像智能相似度检测模型\基于多模态大模型的金融影像智能相似度检测模型\loan_025\id_card_back.jpg,loan_025\id_card_back.jpg,17318,680,430,ok,,train,id_card_back,0.99760383
loan_025,id_card_front,D:\GitHub\jinchuang\23-多模态技术与数据治理赛道-基于多模态大模型的金融影像智能相似度检测模型\基于多模态大模型的金融影像智能相似度检测模型\loan_025\id_card_front.jpg,loan_025\id_card_front.jpg,21432,680,430,ok,,train,id_card_front,0.99657106
loan_026,bank_statement,D:\GitHub\jinchuang\23-多模态技术与数据治理赛道-基于多模态大模型的金融影像智能相似度检测模型\基于多模态大模型的金融影像智能相似度检测模型\loan_026\bank_statement.jpg,loan_026\bank_statement.jpg,125304,800,1100,ok,,train,bank_statement,0.9979401
loan_026,contract,D:\GitHub\jinchuang\23-多模态技术与数据治理赛道-基于多模态大模型的金融影像智能相似度检测模型\基于多模态大模型的金融影像智能相似度检测模型\loan_026\contract.jpg,loan_026\contract.jpg,80521,800,1100,ok,,train,contract,0.99763155
loan_026,face_signing,D:\GitHub\jinchuang\23-多模态技术与数据治理赛道-基于多模态大模型的金融影像智能相似度检测模型\基于多模态大模型的金融影像智能相似度检测模型\loan_026\face_signing.jpg,loan_026\face_signing.jpg,186273,1024,1024,ok,,train,face_signing,0.99930954
loan_026,id_card_back,D:\GitHub\jinchuang\23-多模态技术与数据治理赛道-基于多模态大模型的金融影像智能相似度检测模型\基于多模态大模型的金融影像智能相似度检测模型\loan_026\id_card_back.jpg,loan_026\id_card_back.jpg,17184,680,430,ok,,train,id_card_back,0.99766964
loan_026,id_card_front,D:\GitHub\jinchuang\23-多模态技术与数据治理赛道-基于多模态大模型的金融影像智能相似度检测模型\基于多模态大模型的金融影像智能相似度检测模型\loan_026\id_card_front.jpg,loan_026\id_card_front.jpg,22099,680,430,ok,,train,id_card_front,0.99721634
loan_027,bank_statement,D:\GitHub\jinchuang\23-多模态技术与数据治理赛道-基于多模态大模型的金融影像智能相似度检测模型\基于多模态大模型的金融影像智能相似度检测模型\loan_027\bank_statement.jpg,loan_027\bank_statement.jpg,126587,800,1100,ok,,train,bank_statement,0.99794596
loan_027,contract,D:\GitHub\jinchuang\23-多模态技术与数据治理赛道-基于多模态大模型的金融影像智能相似度检测模型\基于多模态大模型的金融影像智能相似度检测模型\loan_027\contract.jpg,loan_027\contract.jpg,79922,800,1100,ok,,train,contract,0.9971252
loan_027,face_signing,D:\GitHub\jinchuang\23-多模态技术与数据治理赛道-基于多模态大模型的金融影像智能相似度检测模型\基于多模态大模型的金融影像智能相似度检测模型\loan_027\face_signing.jpg,loan_027\face_signing.jpg,156445,1024,1024,ok,,train,face_signing,0.9965301
loan_027,id_card_back,D:\GitHub\jinchuang\23-多模态技术与数据治理赛道-基于多模态大模型的金融影像智能相似度检测模型\基于多模态大模型的金融影像智能相似度检测模型\loan_027\id_card_back.jpg,loan_027\id_card_back.jpg,17238,680,430,ok,,train,id_card_back,0.9970421
loan_027,id_card_front,D:\GitHub\jinchuang\23-多模态技术与数据治理赛道-基于多模态大模型的金融影像智能相似度检测模型\基于多模态大模型的金融影像智能相似度检测模型\loan_027\id_card_front.jpg,loan_027\id_card_front.jpg,22538,680,430,ok,,train,id_card_front,0.99760216
loan_028,bank_statement,D:\GitHub\jinchuang\23-多模态技术与数据治理赛道-基于多模态大模型的金融影像智能相似度检测模型\基于多模态大模型的金融影像智能相似度检测模型\loan_028\bank_statement.jpg,loan_028\bank_statement.jpg,127053,800,1100,ok,,train,bank_statement,0.99826247
loan_028,contract,D:\GitHub\jinchuang\23-多模态技术与数据治理赛道-基于多模态大模型的金融影像智能相似度检测模型\基于多模态大模型的金融影像智能相似度检测模型\loan_028\contract.jpg,loan_028\contract.jpg,79716,800,1100,ok,,train,contract,0.9970202
loan_028,face_signing,D:\GitHub\jinchuang\23-多模态技术与数据治理赛道-基于多模态大模型的金融影像智能相似度检测模型\基于多模态大模型的金融影像智能相似度检测模型\loan_028\face_signing.jpg,loan_028\face_signing.jpg,143835,1024,1024,ok,,train,face_signing,0.9985826
loan_028,id_card_back,D:\GitHub\jinchuang\23-多模态技术与数据治理赛道-基于多模态大模型的金融影像智能相似度检测模型\基于多模态大模型的金融影像智能相似度检测模型\loan_028\id_card_back.jpg,loan_028\id_card_back.jpg,17187,680,430,ok,,train,id_card_back,0.9974637
loan_028,id_card_front,D:\GitHub\jinchuang\23-多模态技术与数据治理赛道-基于多模态大模型的金融影像智能相似度检测模型\基于多模态大模型的金融影像智能相似度检测模型\loan_028\id_card_front.jpg,loan_028\id_card_front.jpg,21237,680,430,ok,,train,id_card_front,0.9980439
loan_029,bank_statement,D:\GitHub\jinchuang\23-多模态技术与数据治理赛道-基于多模态大模型的金融影像智能相似度检测模型\基于多模态大模型的金融影像智能相似度检测模型\loan_029\bank_statement.jpg,loan_029\bank_statement.jpg,127702,800,1100,ok,,test,bank_statement,0.9982097
loan_029,contract,D:\GitHub\jinchuang\23-多模态技术与数据治理赛道-基于多模态大模型的金融影像智能相似度检测模型\基于多模态大模型的金融影像智能相似度检测模型\loan_029\contract.jpg,loan_029\contract.jpg,80217,800,1100,ok,,test,contract,0.9971765
loan_029,face_signing,D:\GitHub\jinchuang\23-多模态技术与数据治理赛道-基于多模态大模型的金融影像智能相似度检测模型\基于多模态大模型的金融影像智能相似度检测模型\loan_029\face_signing.jpg,loan_029\face_signing.jpg,186821,1024,1024,ok,,test,face_signing,0.99850625
loan_029,id_card_back,D:\GitHub\jinchuang\23-多模态技术与数据治理赛道-基于多模态大模型的金融影像智能相似度检测模型\基于多模态大模型的金融影像智能相似度检测模型\loan_029\id_card_back.jpg,loan_029\id_card_back.jpg,17177,680,430,ok,,test,id_card_back,0.9977812
loan_029,id_card_front,D:\GitHub\jinchuang\23-多模态技术与数据治理赛道-基于多模态大模型的金融影像智能相似度检测模型\基于多模态大模型的金融影像智能相似度检测模型\loan_029\id_card_front.jpg,loan_029\id_card_front.jpg,21602,680,430,ok,,test,id_card_front,0.99745995
loan_030,bank_statement,D:\GitHub\jinchuang\23-多模态技术与数据治理赛道-基于多模态大模型的金融影像智能相似度检测模型\基于多模态大模型的金融影像智能相似度检测模型\loan_030\bank_statement.jpg,loan_030\bank_statement.jpg,126095,800,1100,ok,,train,bank_statement,0.99740416
loan_030,contract,D:\GitHub\jinchuang\23-多模态技术与数据治理赛道-基于多模态大模型的金融影像智能相似度检测模型\基于多模态大模型的金融影像智能相似度检测模型\loan_030\contract.jpg,loan_030\contract.jpg,80918,800,1100,ok,,train,contract,0.99766076
loan_030,face_signing,D:\GitHub\jinchuang\23-多模态技术与数据治理赛道-基于多模态大模型的金融影像智能相似度检测模型\基于多模态大模型的金融影像智能相似度检测模型\loan_030\face_signing.jpg,loan_030\face_signing.jpg,177577,1024,1024,ok,,train,face_signing,0.99836665
loan_030,id_card_back,D:\GitHub\jinchuang\23-多模态技术与数据治理赛道-基于多模态大模型的金融影像智能相似度检测模型\基于多模态大模型的金融影像智能相似度检测模型\loan_030\id_card_back.jpg,loan_030\id_card_back.jpg,17254,680,430,ok,,train,id_card_back,0.9975677
loan_030,id_card_front,D:\GitHub\jinchuang\23-多模态技术与数据治理赛道-基于多模态大模型的金融影像智能相似度检测模型\基于多模态大模型的金融影像智能相似度检测模型\loan_030\id_card_front.jpg,loan_030\id_card_front.jpg,21992,680,430,ok,,train,id_card_front,0.9970456
loan_031,bank_statement,D:\GitHub\jinchuang\23-多模态技术与数据治理赛道-基于多模态大模型的金融影像智能相似度检测模型\基于多模态大模型的金融影像智能相似度检测模型\loan_031\bank_statement.jpg,loan_031\bank_statement.jpg,125320,800,1100,ok,,train,bank_statement,0.997246
loan_031,contract,D:\GitHub\jinchuang\23-多模态技术与数据治理赛道-基于多模态大模型的金融影像智能相似度检测模型\基于多模态大模型的金融影像智能相似度检测模型\loan_031\contract.jpg,loan_031\contract.jpg,79867,800,1100,ok,,train,contract,0.9967493
loan_031,face_signing,D:\GitHub\jinchuang\23-多模态技术与数据治理赛道-基于多模态大模型的金融影像智能相似度检测模型\基于多模态大模型的金融影像智能相似度检测模型\loan_031\face_signing.jpg,loan_031\face_signing.jpg,151932,1024,1024,ok,,train,face_signing,0.99840015
loan_031,id_card_back,D:\GitHub\jinchuang\23-多模态技术与数据治理赛道-基于多模态大模型的金融影像智能相似度检测模型\基于多模态大模型的金融影像智能相似度检测模型\loan_031\id_card_back.jpg,loan_031\id_card_back.jpg,17244,680,430,ok,,train,id_card_back,0.99763024
loan_031,id_card_front,D:\GitHub\jinchuang\23-多模态技术与数据治理赛道-基于多模态大模型的金融影像智能相似度检测模型\基于多模态大模型的金融影像智能相似度检测模型\loan_031\id_card_front.jpg,loan_031\id_card_front.jpg,21541,680,430,ok,,train,id_card_front,0.99717987
loan_032,bank_statement,D:\GitHub\jinchuang\23-多模态技术与数据治理赛道-基于多模态大模型的金融影像智能相似度检测模型\基于多模态大模型的金融影像智能相似度检测模型\loan_032\bank_statement.jpg,loan_032\bank_statement.jpg,127865,800,1100,ok,,test,bank_statement,0.998444
loan_032,contract,D:\GitHub\jinchuang\23-多模态技术与数据治理赛道-基于多模态大模型的金融影像智能相似度检测模型\基于多模态大模型的金融影像智能相似度检测模型\loan_032\contract.jpg,loan_032\contract.jpg,79471,800,1100,ok,,test,contract,0.9971022
loan_032,face_signing,D:\GitHub\jinchuang\23-多模态技术与数据治理赛道-基于多模态大模型的金融影像智能相似度检测模型\基于多模态大模型的金融影像智能相似度检测模型\loan_032\face_signing.jpg,loan_032\face_signing.jpg,155807,1024,1024,ok,,test,face_signing,0.9977715
loan_032,id_card_back,D:\GitHub\jinchuang\23-多模态技术与数据治理赛道-基于多模态大模型的金融影像智能相似度检测模型\基于多模态大模型的金融影像智能相似度检测模型\loan_032\id_card_back.jpg,loan_032\id_card_back.jpg,17212,680,430,ok,,test,id_card_back,0.99746275
loan_032,id_card_front,D:\GitHub\jinchuang\23-多模态技术与数据治理赛道-基于多模态大模型的金融影像智能相似度检测模型\基于多模态大模型的金融影像智能相似度检测模型\loan_032\id_card_front.jpg,loan_032\id_card_front.jpg,21530,680,430,ok,,test,id_card_front,0.99765414
loan_033,bank_statement,D:\GitHub\jinchuang\23-多模态技术与数据治理赛道-基于多模态大模型的金融影像智能相似度检测模型\基于多模态大模型的金融影像智能相似度检测模型\loan_033\bank_statement.jpg,loan_033\bank_statement.jpg,126945,800,1100,ok,,val,bank_statement,0.99818736
loan_033,contract,D:\GitHub\jinchuang\23-多模态技术与数据治理赛道-基于多模态大模型的金融影像智能相似度检测模型\基于多模态大模型的金融影像智能相似度检测模型\loan_033\contract.jpg,loan_033\contract.jpg,79111,800,1100,ok,,val,contract,0.99717724
loan_033,face_signing,D:\GitHub\jinchuang\23-多模态技术与数据治理赛道-基于多模态大模型的金融影像智能相似度检测模型\基于多模态大模型的金融影像智能相似度检测模型\loan_033\face_signing.jpg,loan_033\face_signing.jpg,188748,1024,1024,ok,,val,face_signing,0.9986896
loan_033,id_card_back,D:\GitHub\jinchuang\23-多模态技术与数据治理赛道-基于多模态大模型的金融影像智能相似度检测模型\基于多模态大模型的金融影像智能相似度检测模型\loan_033\id_card_back.jpg,loan_033\id_card_back.jpg,17248,680,430,ok,,val,id_card_back,0.997378
loan_033,id_card_front,D:\GitHub\jinchuang\23-多模态技术与数据治理赛道-基于多模态大模型的金融影像智能相似度检测模型\基于多模态大模型的金融影像智能相似度检测模型\loan_033\id_card_front.jpg,loan_033\id_card_front.jpg,21564,680,430,ok,,val,id_card_front,0.99628973
loan_034,bank_statement,D:\GitHub\jinchuang\23-多模态技术与数据治理赛道-基于多模态大模型的金融影像智能相似度检测模型\基于多模态大模型的金融影像智能相似度检测模型\loan_034\bank_statement.jpg,loan_034\bank_statement.jpg,125849,800,1100,ok,,train,bank_statement,0.9965215
loan_034,contract,D:\GitHub\jinchuang\23-多模态技术与数据治理赛道-基于多模态大模型的金融影像智能相似度检测模型\基于多模态大模型的金融影像智能相似度检测模型\loan_034\contract.jpg,loan_034\contract.jpg,79602,800,1100,ok,,train,contract,0.997207
loan_034,face_signing,D:\GitHub\jinchuang\23-多模态技术与数据治理赛道-基于多模态大模型的金融影像智能相似度检测模型\基于多模态大模型的金融影像智能相似度检测模型\loan_034\face_signing.jpg,loan_034\face_signing.jpg,189348,1024,1024,ok,,train,face_signing,0.9973738
loan_034,id_card_back,D:\GitHub\jinchuang\23-多模态技术与数据治理赛道-基于多模态大模型的金融影像智能相似度检测模型\基于多模态大模型的金融影像智能相似度检测模型\loan_034\id_card_back.jpg,loan_034\id_card_back.jpg,17151,680,430,ok,,train,id_card_back,0.997489
loan_034,id_card_front,D:\GitHub\jinchuang\23-多模态技术与数据治理赛道-基于多模态大模型的金融影像智能相似度检测模型\基于多模态大模型的金融影像智能相似度检测模型\loan_034\id_card_front.jpg,loan_034\id_card_front.jpg,21502,680,430,ok,,train,id_card_front,0.99734074
loan_035,bank_statement,D:\GitHub\jinchuang\23-多模态技术与数据治理赛道-基于多模态大模型的金融影像智能相似度检测模型\基于多模态大模型的金融影像智能相似度检测模型\loan_035\bank_statement.jpg,loan_035\bank_statement.jpg,126293,800,1100,ok,,train,bank_statement,0.99815685
loan_035,contract,D:\GitHub\jinchuang\23-多模态技术与数据治理赛道-基于多模态大模型的金融影像智能相似度检测模型\基于多模态大模型的金融影像智能相似度检测模型\loan_035\contract.jpg,loan_035\contract.jpg,81402,800,1100,ok,,train,contract,0.9970034
loan_035,face_signing,D:\GitHub\jinchuang\23-多模态技术与数据治理赛道-基于多模态大模型的金融影像智能相似度检测模型\基于多模态大模型的金融影像智能相似度检测模型\loan_035\face_signing.jpg,loan_035\face_signing.jpg,159823,1024,1024,ok,,train,face_signing,0.9989434
loan_035,id_card_back,D:\GitHub\jinchuang\23-多模态技术与数据治理赛道-基于多模态大模型的金融影像智能相似度检测模型\基于多模态大模型的金融影像智能相似度检测模型\loan_035\id_card_back.jpg,loan_035\id_card_back.jpg,17200,680,430,ok,,train,id_card_back,0.99755317
loan_035,id_card_front,D:\GitHub\jinchuang\23-多模态技术与数据治理赛道-基于多模态大模型的金融影像智能相似度检测模型\基于多模态大模型的金融影像智能相似度检测模型\loan_035\id_card_front.jpg,loan_035\id_card_front.jpg,21957,680,430,ok,,train,id_card_front,0.9975891
loan_036,bank_statement,D:\GitHub\jinchuang\23-多模态技术与数据治理赛道-基于多模态大模型的金融影像智能相似度检测模型\基于多模态大模型的金融影像智能相似度检测模型\loan_036\bank_statement.jpg,loan_036\bank_statement.jpg,126530,800,1100,ok,,test,bank_statement,0.99775714
loan_036,contract,D:\GitHub\jinchuang\23-多模态技术与数据治理赛道-基于多模态大模型的金融影像智能相似度检测模型\基于多模态大模型的金融影像智能相似度检测模型\loan_036\contract.jpg,loan_036\contract.jpg,78950,800,1100,ok,,test,contract,0.9971802
loan_036,face_signing,D:\GitHub\jinchuang\23-多模态技术与数据治理赛道-基于多模态大模型的金融影像智能相似度检测模型\基于多模态大模型的金融影像智能相似度检测模型\loan_036\face_signing.jpg,loan_036\face_signing.jpg,164780,1024,1024,ok,,test,face_signing,0.9980525
loan_036,id_card_back,D:\GitHub\jinchuang\23-多模态技术与数据治理赛道-基于多模态大模型的金融影像智能相似度检测模型\基于多模态大模型的金融影像智能相似度检测模型\loan_036\id_card_back.jpg,loan_036\id_card_back.jpg,17213,680,430,ok,,test,id_card_back,0.9974578
loan_036,id_card_front,D:\GitHub\jinchuang\23-多模态技术与数据治理赛道-基于多模态大模型的金融影像智能相似度检测模型\基于多模态大模型的金融影像智能相似度检测模型\loan_036\id_card_front.jpg,loan_036\id_card_front.jpg,21604,680,430,ok,,test,id_card_front,0.9974759
loan_037,bank_statement,D:\GitHub\jinchuang\23-多模态技术与数据治理赛道-基于多模态大模型的金融影像智能相似度检测模型\基于多模态大模型的金融影像智能相似度检测模型\loan_037\bank_statement.jpg,loan_037\bank_statement.jpg,126240,800,1100,ok,,train,bank_statement,0.9967824
loan_037,contract,D:\GitHub\jinchuang\23-多模态技术与数据治理赛道-基于多模态大模型的金融影像智能相似度检测模型\基于多模态大模型的金融影像智能相似度检测模型\loan_037\contract.jpg,loan_037\contract.jpg,79801,800,1100,ok,,train,contract,0.99642366
loan_037,face_signing,D:\GitHub\jinchuang\23-多模态技术与数据治理赛道-基于多模态大模型的金融影像智能相似度检测模型\基于多模态大模型的金融影像智能相似度检测模型\loan_037\face_signing.jpg,loan_037\face_signing.jpg,163533,1024,1024,ok,,train,face_signing,0.998283
loan_037,id_card_back,D:\GitHub\jinchuang\23-多模态技术与数据治理赛道-基于多模态大模型的金融影像智能相似度检测模型\基于多模态大模型的金融影像智能相似度检测模型\loan_037\id_card_back.jpg,loan_037\id_card_back.jpg,17207,680,430,ok,,train,id_card_back,0.99760854
loan_037,id_card_front,D:\GitHub\jinchuang\23-多模态技术与数据治理赛道-基于多模态大模型的金融影像智能相似度检测模型\基于多模态大模型的金融影像智能相似度检测模型\loan_037\id_card_front.jpg,loan_037\id_card_front.jpg,21207,680,430,ok,,train,id_card_front,0.99787545
loan_038,bank_statement,D:\GitHub\jinchuang\23-多模态技术与数据治理赛道-基于多模态大模型的金融影像智能相似度检测模型\基于多模态大模型的金融影像智能相似度检测模型\loan_038\bank_statement.jpg,loan_038\bank_statement.jpg,126087,800,1100,ok,,train,bank_statement,0.99774253
loan_038,contract,D:\GitHub\jinchuang\23-多模态技术与数据治理赛道-基于多模态大模型的金融影像智能相似度检测模型\基于多模态大模型的金融影像智能相似度检测模型\loan_038\contract.jpg,loan_038\contract.jpg,79445,800,1100,ok,,train,contract,0.99766856
loan_038,face_signing,D:\GitHub\jinchuang\23-多模态技术与数据治理赛道-基于多模态大模型的金融影像智能相似度检测模型\基于多模态大模型的金融影像智能相似度检测模型\loan_038\face_signing.jpg,loan_038\face_signing.jpg,143580,1024,1024,ok,,train,face_signing,0.9980926
loan_038,id_card_back,D:\GitHub\jinchuang\23-多模态技术与数据治理赛道-基于多模态大模型的金融影像智能相似度检测模型\基于多模态大模型的金融影像智能相似度检测模型\loan_038\id_card_back.jpg,loan_038\id_card_back.jpg,17151,680,430,ok,,train,id_card_back,0.9975048
loan_038,id_card_front,D:\GitHub\jinchuang\23-多模态技术与数据治理赛道-基于多模态大模型的金融影像智能相似度检测模型\基于多模态大模型的金融影像智能相似度检测模型\loan_038\id_card_front.jpg,loan_038\id_card_front.jpg,21520,680,430,ok,,train,id_card_front,0.99700457
loan_039,bank_statement,D:\GitHub\jinchuang\23-多模态技术与数据治理赛道-基于多模态大模型的金融影像智能相似度检测模型\基于多模态大模型的金融影像智能相似度检测模型\loan_039\bank_statement.jpg,loan_039\bank_statement.jpg,125552,800,1100,ok,,val,bank_statement,0.99759334
loan_039,contract,D:\GitHub\jinchuang\23-多模态技术与数据治理赛道-基于多模态大模型的金融影像智能相似度检测模型\基于多模态大模型的金融影像智能相似度检测模型\loan_039\contract.jpg,loan_039\contract.jpg,79794,800,1100,ok,,val,contract,0.99687827
loan_039,face_signing,D:\GitHub\jinchuang\23-多模态技术与数据治理赛道-基于多模态大模型的金融影像智能相似度检测模型\基于多模态大模型的金融影像智能相似度检测模型\loan_039\face_signing.jpg,loan_039\face_signing.jpg,160380,1024,1024,ok,,val,face_signing,0.99536574
loan_039,id_card_back,D:\GitHub\jinchuang\23-多模态技术与数据治理赛道-基于多模态大模型的金融影像智能相似度检测模型\基于多模态大模型的金融影像智能相似度检测模型\loan_039\id_card_back.jpg,loan_039\id_card_back.jpg,17168,680,430,ok,,val,id_card_back,0.9975078
loan_039,id_card_front,D:\GitHub\jinchuang\23-多模态技术与数据治理赛道-基于多模态大模型的金融影像智能相似度检测模型\基于多模态大模型的金融影像智能相似度检测模型\loan_039\id_card_front.jpg,loan_039\id_card_front.jpg,22048,680,430,ok,,val,id_card_front,0.99644816
loan_040,bank_statement,D:\GitHub\jinchuang\23-多模态技术与数据治理赛道-基于多模态大模型的金融影像智能相似度检测模型\基于多模态大模型的金融影像智能相似度检测模型\loan_040\bank_statement.jpg,loan_040\bank_statement.jpg,125733,800,1100,ok,,train,bank_statement,0.9971474
loan_040,contract,D:\GitHub\jinchuang\23-多模态技术与数据治理赛道-基于多模态大模型的金融影像智能相似度检测模型\基于多模态大模型的金融影像智能相似度检测模型\loan_040\contract.jpg,loan_040\contract.jpg,79839,800,1100,ok,,train,contract,0.9969694
loan_040,face_signing,D:\GitHub\jinchuang\23-多模态技术与数据治理赛道-基于多模态大模型的金融影像智能相似度检测模型\基于多模态大模型的金融影像智能相似度检测模型\loan_040\face_signing.jpg,loan_040\face_signing.jpg,163471,1024,1024,ok,,train,face_signing,0.9987436
loan_040,id_card_back,D:\GitHub\jinchuang\23-多模态技术与数据治理赛道-基于多模态大模型的金融影像智能相似度检测模型\基于多模态大模型的金融影像智能相似度检测模型\loan_040\id_card_back.jpg,loan_040\id_card_back.jpg,17221,680,430,ok,,train,id_card_back,0.99688727
loan_040,id_card_front,D:\GitHub\jinchuang\23-多模态技术与数据治理赛道-基于多模态大模型的金融影像智能相似度检测模型\基于多模态大模型的金融影像智能相似度检测模型\loan_040\id_card_front.jpg,loan_040\id_card_front.jpg,21805,680,430,ok,,train,id_card_front,0.9970594
loan_041,bank_statement,D:\GitHub\jinchuang\23-多模态技术与数据治理赛道-基于多模态大模型的金融影像智能相似度检测模型\基于多模态大模型的金融影像智能相似度检测模型\loan_041\bank_statement.jpg,loan_041\bank_statement.jpg,126253,800,1100,ok,,train,bank_statement,0.9978746
loan_041,contract,D:\GitHub\jinchuang\23-多模态技术与数据治理赛道-基于多模态大模型的金融影像智能相似度检测模型\基于多模态大模型的金融影像智能相似度检测模型\loan_041\contract.jpg,loan_041\contract.jpg,80301,800,1100,ok,,train,contract,0.99683493
loan_041,face_signing,D:\GitHub\jinchuang\23-多模态技术与数据治理赛道-基于多模态大模型的金融影像智能相似度检测模型\基于多模态大模型的金融影像智能相似度检测模型\loan_041\face_signing.jpg,loan_041\face_signing.jpg,192721,1024,1024,ok,,train,face_signing,0.9982668
loan_041,id_card_back,D:\GitHub\jinchuang\23-多模态技术与数据治理赛道-基于多模态大模型的金融影像智能相似度检测模型\基于多模态大模型的金融影像智能相似度检测模型\loan_041\id_card_back.jpg,loan_041\id_card_back.jpg,17191,680,430,ok,,train,id_card_back,0.99774396
loan_041,id_card_front,D:\GitHub\jinchuang\23-多模态技术与数据治理赛道-基于多模态大模型的金融影像智能相似度检测模型\基于多模态大模型的金融影像智能相似度检测模型\loan_041\id_card_front.jpg,loan_041\id_card_front.jpg,22436,680,430,ok,,train,id_card_front,0.997549
loan_042,bank_statement,D:\GitHub\jinchuang\23-多模态技术与数据治理赛道-基于多模态大模型的金融影像智能相似度检测模型\基于多模态大模型的金融影像智能相似度检测模型\loan_042\bank_statement.jpg,loan_042\bank_statement.jpg,125943,800,1100,ok,,val,bank_statement,0.99774384
loan_042,contract,D:\GitHub\jinchuang\23-多模态技术与数据治理赛道-基于多模态大模型的金融影像智能相似度检测模型\基于多模态大模型的金融影像智能相似度检测模型\loan_042\contract.jpg,loan_042\contract.jpg,79970,800,1100,ok,,val,contract,0.99738806
loan_042,face_signing,D:\GitHub\jinchuang\23-多模态技术与数据治理赛道-基于多模态大模型的金融影像智能相似度检测模型\基于多模态大模型的金融影像智能相似度检测模型\loan_042\face_signing.jpg,loan_042\face_signing.jpg,161950,1024,1024,ok,,val,face_signing,0.9985165
loan_042,id_card_back,D:\GitHub\jinchuang\23-多模态技术与数据治理赛道-基于多模态大模型的金融影像智能相似度检测模型\基于多模态大模型的金融影像智能相似度检测模型\loan_042\id_card_back.jpg,loan_042\id_card_back.jpg,17275,680,430,ok,,val,id_card_back,0.99738306
loan_042,id_card_front,D:\GitHub\jinchuang\23-多模态技术与数据治理赛道-基于多模态大模型的金融影像智能相似度检测模型\基于多模态大模型的金融影像智能相似度检测模型\loan_042\id_card_front.jpg,loan_042\id_card_front.jpg,21738,680,430,ok,,val,id_card_front,0.9971564
loan_043,bank_statement,D:\GitHub\jinchuang\23-多模态技术与数据治理赛道-基于多模态大模型的金融影像智能相似度检测模型\基于多模态大模型的金融影像智能相似度检测模型\loan_043\bank_statement.jpg,loan_043\bank_statement.jpg,125749,800,1100,ok,,train,bank_statement,0.9983352
loan_043,contract,D:\GitHub\jinchuang\23-多模态技术与数据治理赛道-基于多模态大模型的金融影像智能相似度检测模型\基于多模态大模型的金融影像智能相似度检测模型\loan_043\contract.jpg,loan_043\contract.jpg,79227,800,1100,ok,,train,contract,0.9972614
loan_043,face_signing,D:\GitHub\jinchuang\23-多模态技术与数据治理赛道-基于多模态大模型的金融影像智能相似度检测模型\基于多模态大模型的金融影像智能相似度检测模型\loan_043\face_signing.jpg,loan_043\face_signing.jpg,179741,1024,1024,ok,,train,face_signing,0.9985056
loan_043,id_card_back,D:\GitHub\jinchuang\23-多模态技术与数据治理赛道-基于多模态大模型的金融影像智能相似度检测模型\基于多模态大模型的金融影像智能相似度检测模型\loan_043\id_card_back.jpg,loan_043\id_card_back.jpg,17139,680,430,ok,,train,id_card_back,0.99763227
loan_043,id_card_front,D:\GitHub\jinchuang\23-多模态技术与数据治理赛道-基于多模态大模型的金融影像智能相似度检测模型\基于多模态大模型的金融影像智能相似度检测模型\loan_043\id_card_front.jpg,loan_043\id_card_front.jpg,21757,680,430,ok,,train,id_card_front,0.9964444
loan_044,bank_statement,D:\GitHub\jinchuang\23-多模态技术与数据治理赛道-基于多模态大模型的金融影像智能相似度检测模型\基于多模态大模型的金融影像智能相似度检测模型\loan_044\bank_statement.jpg,loan_044\bank_statement.jpg,125980,800,1100,ok,,train,bank_statement,0.99783057
loan_044,contract,D:\GitHub\jinchuang\23-多模态技术与数据治理赛道-基于多模态大模型的金融影像智能相似度检测模型\基于多模态大模型的金融影像智能相似度检测模型\loan_044\contract.jpg,loan_044\contract.jpg,80296,800,1100,ok,,train,contract,0.9972518
loan_044,face_signing,D:\GitHub\jinchuang\23-多模态技术与数据治理赛道-基于多模态大模型的金融影像智能相似度检测模型\基于多模态大模型的金融影像智能相似度检测模型\loan_044\face_signing.jpg,loan_044\face_signing.jpg,191596,1024,1024,ok,,train,face_signing,0.99859196
loan_044,id_card_back,D:\GitHub\jinchuang\23-多模态技术与数据治理赛道-基于多模态大模型的金融影像智能相似度检测模型\基于多模态大模型的金融影像智能相似度检测模型\loan_044\id_card_back.jpg,loan_044\id_card_back.jpg,17204,680,430,ok,,train,id_card_back,0.99798155
loan_044,id_card_front,D:\GitHub\jinchuang\23-多模态技术与数据治理赛道-基于多模态大模型的金融影像智能相似度检测模型\基于多模态大模型的金融影像智能相似度检测模型\loan_044\id_card_front.jpg,loan_044\id_card_front.jpg,22683,680,430,ok,,train,id_card_front,0.9963433
loan_045,bank_statement,D:\GitHub\jinchuang\23-多模态技术与数据治理赛道-基于多模态大模型的金融影像智能相似度检测模型\基于多模态大模型的金融影像智能相似度检测模型\loan_045\bank_statement.jpg,loan_045\bank_statement.jpg,126552,800,1100,ok,,val,bank_statement,0.99812967
loan_045,contract,D:\GitHub\jinchuang\23-多模态技术与数据治理赛道-基于多模态大模型的金融影像智能相似度检测模型\基于多模态大模型的金融影像智能相似度检测模型\loan_045\contract.jpg,loan_045\contract.jpg,79369,800,1100,ok,,val,contract,0.99708396
loan_045,face_signing,D:\GitHub\jinchuang\23-多模态技术与数据治理赛道-基于多模态大模型的金融影像智能相似度检测模型\基于多模态大模型的金融影像智能相似度检测模型\loan_045\face_signing.jpg,loan_045\face_signing.jpg,210566,1024,1024,ok,,val,face_signing,0.99884737
loan_045,id_card_back,D:\GitHub\jinchuang\23-多模态技术与数据治理赛道-基于多模态大模型的金融影像智能相似度检测模型\基于多模态大模型的金融影像智能相似度检测模型\loan_045\id_card_back.jpg,loan_045\id_card_back.jpg,17296,680,430,ok,,val,id_card_back,0.99780816
loan_045,id_card_front,D:\GitHub\jinchuang\23-多模态技术与数据治理赛道-基于多模态大模型的金融影像智能相似度检测模型\基于多模态大模型的金融影像智能相似度检测模型\loan_045\id_card_front.jpg,loan_045\id_card_front.jpg,21469,680,430,ok,,val,id_card_front,0.9965522
loan_046,bank_statement,D:\GitHub\jinchuang\23-多模态技术与数据治理赛道-基于多模态大模型的金融影像智能相似度检测模型\基于多模态大模型的金融影像智能相似度检测模型\loan_046\bank_statement.jpg,loan_046\bank_statement.jpg,125605,800,1100,ok,,val,bank_statement,0.99798834
loan_046,contract,D:\GitHub\jinchuang\23-多模态技术与数据治理赛道-基于多模态大模型的金融影像智能相似度检测模型\基于多模态大模型的金融影像智能相似度检测模型\loan_046\contract.jpg,loan_046\contract.jpg,79350,800,1100,ok,,val,contract,0.99716944
loan_046,face_signing,D:\GitHub\jinchuang\23-多模态技术与数据治理赛道-基于多模态大模型的金融影像智能相似度检测模型\基于多模态大模型的金融影像智能相似度检测模型\loan_046\face_signing.jpg,loan_046\face_signing.jpg,149997,1024,1024,ok,,val,face_signing,0.99759066
loan_046,id_card_back,D:\GitHub\jinchuang\23-多模态技术与数据治理赛道-基于多模态大模型的金融影像智能相似度检测模型\基于多模态大模型的金融影像智能相似度检测模型\loan_046\id_card_back.jpg,loan_046\id_card_back.jpg,17204,680,430,ok,,val,id_card_back,0.99694556
loan_046,id_card_front,D:\GitHub\jinchuang\23-多模态技术与数据治理赛道-基于多模态大模型的金融影像智能相似度检测模型\基于多模态大模型的金融影像智能相似度检测模型\loan_046\id_card_front.jpg,loan_046\id_card_front.jpg,21525,680,430,ok,,val,id_card_front,0.9962231
loan_047,bank_statement,D:\GitHub\jinchuang\23-多模态技术与数据治理赛道-基于多模态大模型的金融影像智能相似度检测模型\基于多模态大模型的金融影像智能相似度检测模型\loan_047\bank_statement.jpg,loan_047\bank_statement.jpg,125962,800,1100,ok,,train,bank_statement,0.9977379
loan_047,contract,D:\GitHub\jinchuang\23-多模态技术与数据治理赛道-基于多模态大模型的金融影像智能相似度检测模型\基于多模态大模型的金融影像智能相似度检测模型\loan_047\contract.jpg,loan_047\contract.jpg,80650,800,1100,ok,,train,contract,0.9971316
loan_047,face_signing,D:\GitHub\jinchuang\23-多模态技术与数据治理赛道-基于多模态大模型的金融影像智能相似度检测模型\基于多模态大模型的金融影像智能相似度检测模型\loan_047\face_signing.jpg,loan_047\face_signing.jpg,151573,1024,1024,ok,,train,face_signing,0.9973471
loan_047,id_card_back,D:\GitHub\jinchuang\23-多模态技术与数据治理赛道-基于多模态大模型的金融影像智能相似度检测模型\基于多模态大模型的金融影像智能相似度检测模型\loan_047\id_card_back.jpg,loan_047\id_card_back.jpg,17223,680,430,ok,,train,id_card_back,0.9975829
loan_047,id_card_front,D:\GitHub\jinchuang\23-多模态技术与数据治理赛道-基于多模态大模型的金融影像智能相似度检测模型\基于多模态大模型的金融影像智能相似度检测模型\loan_047\id_card_front.jpg,loan_047\id_card_front.jpg,21716,680,430,ok,,train,id_card_front,0.99726784
loan_048,bank_statement,D:\GitHub\jinchuang\23-多模态技术与数据治理赛道-基于多模态大模型的金融影像智能相似度检测模型\基于多模态大模型的金融影像智能相似度检测模型\loan_048\bank_statement.jpg,loan_048\bank_statement.jpg,125968,800,1100,ok,,train,bank_statement,0.9976221
loan_048,contract,D:\GitHub\jinchuang\23-多模态技术与数据治理赛道-基于多模态大模型的金融影像智能相似度检测模型\基于多模态大模型的金融影像智能相似度检测模型\loan_048\contract.jpg,loan_048\contract.jpg,79393,800,1100,ok,,train,contract,0.99712116
loan_048,face_signing,D:\GitHub\jinchuang\23-多模态技术与数据治理赛道-基于多模态大模型的金融影像智能相似度检测模型\基于多模态大模型的金融影像智能相似度检测模型\loan_048\face_signing.jpg,loan_048\face_signing.jpg,181353,1024,1024,ok,,train,face_signing,0.99833566
loan_048,id_card_back,D:\GitHub\jinchuang\23-多模态技术与数据治理赛道-基于多模态大模型的金融影像智能相似度检测模型\基于多模态大模型的金融影像智能相似度检测模型\loan_048\id_card_back.jpg,loan_048\id_card_back.jpg,17281,680,430,ok,,train,id_card_back,0.99702615
loan_048,id_card_front,D:\GitHub\jinchuang\23-多模态技术与数据治理赛道-基于多模态大模型的金融影像智能相似度检测模型\基于多模态大模型的金融影像智能相似度检测模型\loan_048\id_card_front.jpg,loan_048\id_card_front.jpg,21562,680,430,ok,,train,id_card_front,0.9974802
loan_049,bank_statement,D:\GitHub\jinchuang\23-多模态技术与数据治理赛道-基于多模态大模型的金融影像智能相似度检测模型\基于多模态大模型的金融影像智能相似度检测模型\loan_049\bank_statement.jpg,loan_049\bank_statement.jpg,126736,800,1100,ok,,train,bank_statement,0.9982059
loan_049,contract,D:\GitHub\jinchuang\23-多模态技术与数据治理赛道-基于多模态大模型的金融影像智能相似度检测模型\基于多模态大模型的金融影像智能相似度检测模型\loan_049\contract.jpg,loan_049\contract.jpg,80912,800,1100,ok,,train,contract,0.99758637
loan_049,face_signing,D:\GitHub\jinchuang\23-多模态技术与数据治理赛道-基于多模态大模型的金融影像智能相似度检测模型\基于多模态大模型的金融影像智能相似度检测模型\loan_049\face_signing.jpg,loan_049\face_signing.jpg,175259,1024,1024,ok,,train,face_signing,0.9958448
loan_049,id_card_back,D:\GitHub\jinchuang\23-多模态技术与数据治理赛道-基于多模态大模型的金融影像智能相似度检测模型\基于多模态大模型的金融影像智能相似度检测模型\loan_049\id_card_back.jpg,loan_049\id_card_back.jpg,17202,680,430,ok,,train,id_card_back,0.9977558
loan_049,id_card_front,D:\GitHub\jinchuang\23-多模态技术与数据治理赛道-基于多模态大模型的金融影像智能相似度检测模型\基于多模态大模型的金融影像智能相似度检测模型\loan_049\id_card_front.jpg,loan_049\id_card_front.jpg,21806,680,430,ok,,train,id_card_front,0.99695647
loan_050,bank_statement,D:\GitHub\jinchuang\23-多模态技术与数据治理赛道-基于多模态大模型的金融影像智能相似度检测模型\基于多模态大模型的金融影像智能相似度检测模型\loan_050\bank_statement.jpg,loan_050\bank_statement.jpg,125470,800,1100,ok,,train,bank_statement,0.9981358
loan_050,contract,D:\GitHub\jinchuang\23-多模态技术与数据治理赛道-基于多模态大模型的金融影像智能相似度检测模型\基于多模态大模型的金融影像智能相似度检测模型\loan_050\contract.jpg,loan_050\contract.jpg,81014,800,1100,ok,,train,contract,0.9968953
loan_050,face_signing,D:\GitHub\jinchuang\23-多模态技术与数据治理赛道-基于多模态大模型的金融影像智能相似度检测模型\基于多模态大模型的金融影像智能相似度检测模型\loan_050\face_signing.jpg,loan_050\face_signing.jpg,156155,1024,1024,ok,,train,face_signing,0.9985216
loan_050,id_card_back,D:\GitHub\jinchuang\23-多模态技术与数据治理赛道-基于多模态大模型的金融影像智能相似度检测模型\基于多模态大模型的金融影像智能相似度检测模型\loan_050\id_card_back.jpg,loan_050\id_card_back.jpg,17214,680,430,ok,,train,id_card_back,0.99747974
loan_050,id_card_front,D:\GitHub\jinchuang\23-多模态技术与数据治理赛道-基于多模态大模型的金融影像智能相似度检测模型\基于多模态大模型的金融影像智能相似度检测模型\loan_050\id_card_front.jpg,loan_050\id_card_front.jpg,22067,680,430,ok,,train,id_card_front,0.9968238
loan_051,bank_statement,D:\GitHub\jinchuang\23-多模态技术与数据治理赛道-基于多模态大模型的金融影像智能相似度检测模型\基于多模态大模型的金融影像智能相似度检测模型\loan_051\bank_statement.jpg,loan_051\bank_statement.jpg,126601,800,1100,ok,,train,bank_statement,0.9972921
loan_051,contract,D:\GitHub\jinchuang\23-多模态技术与数据治理赛道-基于多模态大模型的金融影像智能相似度检测模型\基于多模态大模型的金融影像智能相似度检测模型\loan_051\contract.jpg,loan_051\contract.jpg,80407,800,1100,ok,,train,contract,0.9971468
loan_051,face_signing,D:\GitHub\jinchuang\23-多模态技术与数据治理赛道-基于多模态大模型的金融影像智能相似度检测模型\基于多模态大模型的金融影像智能相似度检测模型\loan_051\face_signing.jpg,loan_051\face_signing.jpg,152127,1024,1024,ok,,train,face_signing,0.9988667
loan_051,id_card_back,D:\GitHub\jinchuang\23-多模态技术与数据治理赛道-基于多模态大模型的金融影像智能相似度检测模型\基于多模态大模型的金融影像智能相似度检测模型\loan_051\id_card_back.jpg,loan_051\id_card_back.jpg,17243,680,430,ok,,train,id_card_back,0.99724764
loan_051,id_card_front,D:\GitHub\jinchuang\23-多模态技术与数据治理赛道-基于多模态大模型的金融影像智能相似度检测模型\基于多模态大模型的金融影像智能相似度检测模型\loan_051\id_card_front.jpg,loan_051\id_card_front.jpg,22013,680,430,ok,,train,id_card_front,0.9972492
loan_052,bank_statement,D:\GitHub\jinchuang\23-多模态技术与数据治理赛道-基于多模态大模型的金融影像智能相似度检测模型\基于多模态大模型的金融影像智能相似度检测模型\loan_052\bank_statement.jpg,loan_052\bank_statement.jpg,126128,800,1100,ok,,train,bank_statement,0.99634993
loan_052,contract,D:\GitHub\jinchuang\23-多模态技术与数据治理赛道-基于多模态大模型的金融影像智能相似度检测模型\基于多模态大模型的金融影像智能相似度检测模型\loan_052\contract.jpg,loan_052\contract.jpg,79875,800,1100,ok,,train,contract,0.9969704
loan_052,face_signing,D:\GitHub\jinchuang\23-多模态技术与数据治理赛道-基于多模态大模型的金融影像智能相似度检测模型\基于多模态大模型的金融影像智能相似度检测模型\loan_052\face_signing.jpg,loan_052\face_signing.jpg,106474,1024,1024,ok,,train,face_signing,0.99693054
loan_052,id_card_back,D:\GitHub\jinchuang\23-多模态技术与数据治理赛道-基于多模态大模型的金融影像智能相似度检测模型\基于多模态大模型的金融影像智能相似度检测模型\loan_052\id_card_back.jpg,loan_052\id_card_back.jpg,17308,680,430,ok,,train,id_card_back,0.9976082
loan_052,id_card_front,D:\GitHub\jinchuang\23-多模态技术与数据治理赛道-基于多模态大模型的金融影像智能相似度检测模型\基于多模态大模型的金融影像智能相似度检测模型\loan_052\id_card_front.jpg,loan_052\id_card_front.jpg,21650,680,430,ok,,train,id_card_front,0.9978961
loan_053,bank_statement,D:\GitHub\jinchuang\23-多模态技术与数据治理赛道-基于多模态大模型的金融影像智能相似度检测模型\基于多模态大模型的金融影像智能相似度检测模型\loan_053\bank_statement.jpg,loan_053\bank_statement.jpg,126080,800,1100,ok,,train,bank_statement,0.99699235
loan_053,contract,D:\GitHub\jinchuang\23-多模态技术与数据治理赛道-基于多模态大模型的金融影像智能相似度检测模型\基于多模态大模型的金融影像智能相似度检测模型\loan_053\contract.jpg,loan_053\contract.jpg,80901,800,1100,ok,,train,contract,0.99724174
loan_053,face_signing,D:\GitHub\jinchuang\23-多模态技术与数据治理赛道-基于多模态大模型的金融影像智能相似度检测模型\基于多模态大模型的金融影像智能相似度检测模型\loan_053\face_signing.jpg,loan_053\face_signing.jpg,121484,1024,1024,ok,,train,face_signing,0.9978623
loan_053,id_card_back,D:\GitHub\jinchuang\23-多模态技术与数据治理赛道-基于多模态大模型的金融影像智能相似度检测模型\基于多模态大模型的金融影像智能相似度检测模型\loan_053\id_card_back.jpg,loan_053\id_card_back.jpg,17182,680,430,ok,,train,id_card_back,0.99779487
loan_053,id_card_front,D:\GitHub\jinchuang\23-多模态技术与数据治理赛道-基于多模态大模型的金融影像智能相似度检测模型\基于多模态大模型的金融影像智能相似度检测模型\loan_053\id_card_front.jpg,loan_053\id_card_front.jpg,22708,680,430,ok,,train,id_card_front,0.99708694
loan_054,bank_statement,D:\GitHub\jinchuang\23-多模态技术与数据治理赛道-基于多模态大模型的金融影像智能相似度检测模型\基于多模态大模型的金融影像智能相似度检测模型\loan_054\bank_statement.jpg,loan_054\bank_statement.jpg,126378,800,1100,ok,,train,bank_statement,0.99723
loan_054,contract,D:\GitHub\jinchuang\23-多模态技术与数据治理赛道-基于多模态大模型的金融影像智能相似度检测模型\基于多模态大模型的金融影像智能相似度检测模型\loan_054\contract.jpg,loan_054\contract.jpg,80795,800,1100,ok,,train,contract,0.99710757
loan_054,face_signing,D:\GitHub\jinchuang\23-多模态技术与数据治理赛道-基于多模态大模型的金融影像智能相似度检测模型\基于多模态大模型的金融影像智能相似度检测模型\loan_054\face_signing.jpg,loan_054\face_signing.jpg,145239,1024,1024,ok,,train,face_signing,0.99804974
loan_054,id_card_back,D:\GitHub\jinchuang\23-多模态技术与数据治理赛道-基于多模态大模型的金融影像智能相似度检测模型\基于多模态大模型的金融影像智能相似度检测模型\loan_054\id_card_back.jpg,loan_054\id_card_back.jpg,17324,680,430,ok,,train,id_card_back,0.9972331
loan_054,id_card_front,D:\GitHub\jinchuang\23-多模态技术与数据治理赛道-基于多模态大模型的金融影像智能相似度检测模型\基于多模态大模型的金融影像智能相似度检测模型\loan_054\id_card_front.jpg,loan_054\id_card_front.jpg,22236,680,430,ok,,train,id_card_front,0.9973355
loan_055,bank_statement,D:\GitHub\jinchuang\23-多模态技术与数据治理赛道-基于多模态大模型的金融影像智能相似度检测模型\基于多模态大模型的金融影像智能相似度检测模型\loan_055\bank_statement.jpg,loan_055\bank_statement.jpg,126334,800,1100,ok,,test,bank_statement,0.99772877
loan_055,contract,D:\GitHub\jinchuang\23-多模态技术与数据治理赛道-基于多模态大模型的金融影像智能相似度检测模型\基于多模态大模型的金融影像智能相似度检测模型\loan_055\contract.jpg,loan_055\contract.jpg,80051,800,1100,ok,,test,contract,0.99754274
loan_055,face_signing,D:\GitHub\jinchuang\23-多模态技术与数据治理赛道-基于多模态大模型的金融影像智能相似度检测模型\基于多模态大模型的金融影像智能相似度检测模型\loan_055\face_signing.jpg,loan_055\face_signing.jpg,72634,1024,1024,ok,,test,face_signing,0.99717426
loan_055,id_card_back,D:\GitHub\jinchuang\23-多模态技术与数据治理赛道-基于多模态大模型的金融影像智能相似度检测模型\基于多模态大模型的金融影像智能相似度检测模型\loan_055\id_card_back.jpg,loan_055\id_card_back.jpg,17181,680,430,ok,,test,id_card_back,0.99712914
loan_055,id_card_front,D:\GitHub\jinchuang\23-多模态技术与数据治理赛道-基于多模态大模型的金融影像智能相似度检测模型\基于多模态大模型的金融影像智能相似度检测模型\loan_055\id_card_front.jpg,loan_055\id_card_front.jpg,21980,680,430,ok,,test,id_card_front,0.9970427
loan_056,bank_statement,D:\GitHub\jinchuang\23-多模态技术与数据治理赛道-基于多模态大模型的金融影像智能相似度检测模型\基于多模态大模型的金融影像智能相似度检测模型\loan_056\bank_statement.jpg,loan_056\bank_statement.jpg,125391,800,1100,ok,,train,bank_statement,0.99776673
loan_056,contract,D:\GitHub\jinchuang\23-多模态技术与数据治理赛道-基于多模态大模型的金融影像智能相似度检测模型\基于多模态大模型的金融影像智能相似度检测模型\loan_056\contract.jpg,loan_056\contract.jpg,79849,800,1100,ok,,train,contract,0.9976399
loan_056,face_signing,D:\GitHub\jinchuang\23-多模态技术与数据治理赛道-基于多模态大模型的金融影像智能相似度检测模型\基于多模态大模型的金融影像智能相似度检测模型\loan_056\face_signing.jpg,loan_056\face_signing.jpg,70213,1024,1024,ok,,train,face_signing,0.9971437
loan_056,id_card_back,D:\GitHub\jinchuang\23-多模态技术与数据治理赛道-基于多模态大模型的金融影像智能相似度检测模型\基于多模态大模型的金融影像智能相似度检测模型\loan_056\id_card_back.jpg,loan_056\id_card_back.jpg,17189,680,430,ok,,train,id_card_back,0.9974147
loan_056,id_card_front,D:\GitHub\jinchuang\23-多模态技术与数据治理赛道-基于多模态大模型的金融影像智能相似度检测模型\基于多模态大模型的金融影像智能相似度检测模型\loan_056\id_card_front.jpg,loan_056\id_card_front.jpg,21481,680,430,ok,,train,id_card_front,0.99677724
loan_057,bank_statement,D:\GitHub\jinchuang\23-多模态技术与数据治理赛道-基于多模态大模型的金融影像智能相似度检测模型\基于多模态大模型的金融影像智能相似度检测模型\loan_057\bank_statement.jpg,loan_057\bank_statement.jpg,125840,800,1100,ok,,train,bank_statement,0.99819857
loan_057,contract,D:\GitHub\jinchuang\23-多模态技术与数据治理赛道-基于多模态大模型的金融影像智能相似度检测模型\基于多模态大模型的金融影像智能相似度检测模型\loan_057\contract.jpg,loan_057\contract.jpg,80061,800,1100,ok,,train,contract,0.99676704
loan_057,face_signing,D:\GitHub\jinchuang\23-多模态技术与数据治理赛道-基于多模态大模型的金融影像智能相似度检测模型\基于多模态大模型的金融影像智能相似度检测模型\loan_057\face_signing.jpg,loan_057\face_signing.jpg,100415,1024,1024,ok,,train,face_signing,0.9971
loan_057,id_card_back,D:\GitHub\jinchuang\23-多模态技术与数据治理赛道-基于多模态大模型的金融影像智能相似度检测模型\基于多模态大模型的金融影像智能相似度检测模型\loan_057\id_card_back.jpg,loan_057\id_card_back.jpg,17282,680,430,ok,,train,id_card_back,0.99770004
loan_057,id_card_front,D:\GitHub\jinchuang\23-多模态技术与数据治理赛道-基于多模态大模型的金融影像智能相似度检测模型\基于多模态大模型的金融影像智能相似度检测模型\loan_057\id_card_front.jpg,loan_057\id_card_front.jpg,22077,680,430,ok,,train,id_card_front,0.9966562
loan_058,bank_statement,D:\GitHub\jinchuang\23-多模态技术与数据治理赛道-基于多模态大模型的金融影像智能相似度检测模型\基于多模态大模型的金融影像智能相似度检测模型\loan_058\bank_statement.jpg,loan_058\bank_statement.jpg,125790,800,1100,ok,,train,bank_statement,0.99829656
loan_058,contract,D:\GitHub\jinchuang\23-多模态技术与数据治理赛道-基于多模态大模型的金融影像智能相似度检测模型\基于多模态大模型的金融影像智能相似度检测模型\loan_058\contract.jpg,loan_058\contract.jpg,79864,800,1100,ok,,train,contract,0.99719644
loan_058,face_signing,D:\GitHub\jinchuang\23-多模态技术与数据治理赛道-基于多模态大模型的金融影像智能相似度检测模型\基于多模态大模型的金融影像智能相似度检测模型\loan_058\face_signing.jpg,loan_058\face_signing.jpg,111816,1024,1024,ok,,train,face_signing,0.9980995
loan_058,id_card_back,D:\GitHub\jinchuang\23-多模态技术与数据治理赛道-基于多模态大模型的金融影像智能相似度检测模型\基于多模态大模型的金融影像智能相似度检测模型\loan_058\id_card_back.jpg,loan_058\id_card_back.jpg,17226,680,430,ok,,train,id_card_back,0.9976547
loan_058,id_card_front,D:\GitHub\jinchuang\23-多模态技术与数据治理赛道-基于多模态大模型的金融影像智能相似度检测模型\基于多模态大模型的金融影像智能相似度检测模型\loan_058\id_card_front.jpg,loan_058\id_card_front.jpg,21592,680,430,ok,,train,id_card_front,0.9980363
loan_059,bank_statement,D:\GitHub\jinchuang\23-多模态技术与数据治理赛道-基于多模态大模型的金融影像智能相似度检测模型\基于多模态大模型的金融影像智能相似度检测模型\loan_059\bank_statement.jpg,loan_059\bank_statement.jpg,128161,800,1100,ok,,train,bank_statement,0.99816257
loan_059,contract,D:\GitHub\jinchuang\23-多模态技术与数据治理赛道-基于多模态大模型的金融影像智能相似度检测模型\基于多模态大模型的金融影像智能相似度检测模型\loan_059\contract.jpg,loan_059\contract.jpg,80274,800,1100,ok,,train,contract,0.99717087
loan_059,face_signing,D:\GitHub\jinchuang\23-多模态技术与数据治理赛道-基于多模态大模型的金融影像智能相似度检测模型\基于多模态大模型的金融影像智能相似度检测模型\loan_059\face_signing.jpg,loan_059\face_signing.jpg,104294,1024,1024,ok,,train,face_signing,0.99844426
loan_059,id_card_back,D:\GitHub\jinchuang\23-多模态技术与数据治理赛道-基于多模态大模型的金融影像智能相似度检测模型\基于多模态大模型的金融影像智能相似度检测模型\loan_059\id_card_back.jpg,loan_059\id_card_back.jpg,17242,680,430,ok,,train,id_card_back,0.99785477
loan_059,id_card_front,D:\GitHub\jinchuang\23-多模态技术与数据治理赛道-基于多模态大模型的金融影像智能相似度检测模型\基于多模态大模型的金融影像智能相似度检测模型\loan_059\id_card_front.jpg,loan_059\id_card_front.jpg,22011,680,430,ok,,train,id_card_front,0.99701524
loan_060,bank_statement,D:\GitHub\jinchuang\23-多模态技术与数据治理赛道-基于多模态大模型的金融影像智能相似度检测模型\基于多模态大模型的金融影像智能相似度检测模型\loan_060\bank_statement.jpg,loan_060\bank_statement.jpg,126498,800,1100,ok,,train,bank_statement,0.9979303
loan_060,contract,D:\GitHub\jinchuang\23-多模态技术与数据治理赛道-基于多模态大模型的金融影像智能相似度检测模型\基于多模态大模型的金融影像智能相似度检测模型\loan_060\contract.jpg,loan_060\contract.jpg,79855,800,1100,ok,,train,contract,0.9974602
loan_060,face_signing,D:\GitHub\jinchuang\23-多模态技术与数据治理赛道-基于多模态大模型的金融影像智能相似度检测模型\基于多模态大模型的金融影像智能相似度检测模型\loan_060\face_signing.jpg,loan_060\face_signing.jpg,115242,1024,1024,ok,,train,face_signing,0.9986008
loan_060,id_card_back,D:\GitHub\jinchuang\23-多模态技术与数据治理赛道-基于多模态大模型的金融影像智能相似度检测模型\基于多模态大模型的金融影像智能相似度检测模型\loan_060\id_card_back.jpg,loan_060\id_card_back.jpg,17235,680,430,ok,,train,id_card_back,0.997561
loan_060,id_card_front,D:\GitHub\jinchuang\23-多模态技术与数据治理赛道-基于多模态大模型的金融影像智能相似度检测模型\基于多模态大模型的金融影像智能相似度检测模型\loan_060\id_card_front.jpg,loan_060\id_card_front.jpg,21727,680,430,ok,,train,id_card_front,0.99692243
loan_061,bank_statement,D:\GitHub\jinchuang\23-多模态技术与数据治理赛道-基于多模态大模型的金融影像智能相似度检测模型\基于多模态大模型的金融影像智能相似度检测模型\loan_061\bank_statement.jpg,loan_061\bank_statement.jpg,126126,800,1100,ok,,train,bank_statement,0.9961132
loan_061,contract,D:\GitHub\jinchuang\23-多模态技术与数据治理赛道-基于多模态大模型的金融影像智能相似度检测模型\基于多模态大模型的金融影像智能相似度检测模型\loan_061\contract.jpg,loan_061\contract.jpg,79745,800,1100,ok,,train,contract,0.99724966
loan_061,face_signing,D:\GitHub\jinchuang\23-多模态技术与数据治理赛道-基于多模态大模型的金融影像智能相似度检测模型\基于多模态大模型的金融影像智能相似度检测模型\loan_061\face_signing.jpg,loan_061\face_signing.jpg,147638,1024,1024,ok,,train,face_signing,0.99752015
loan_061,id_card_back,D:\GitHub\jinchuang\23-多模态技术与数据治理赛道-基于多模态大模型的金融影像智能相似度检测模型\基于多模态大模型的金融影像智能相似度检测模型\loan_061\id_card_back.jpg,loan_061\id_card_back.jpg,17288,680,430,ok,,train,id_card_back,0.99769837
loan_061,id_card_front,D:\GitHub\jinchuang\23-多模态技术与数据治理赛道-基于多模态大模型的金融影像智能相似度检测模型\基于多模态大模型的金融影像智能相似度检测模型\loan_061\id_card_front.jpg,loan_061\id_card_front.jpg,21447,680,430,ok,,train,id_card_front,0.99653673
loan_062,bank_statement,D:\GitHub\jinchuang\23-多模态技术与数据治理赛道-基于多模态大模型的金融影像智能相似度检测模型\基于多模态大模型的金融影像智能相似度检测模型\loan_062\bank_statement.jpg,loan_062\bank_statement.jpg,125715,800,1100,ok,,train,bank_statement,0.99737275
loan_062,contract,D:\GitHub\jinchuang\23-多模态技术与数据治理赛道-基于多模态大模型的金融影像智能相似度检测模型\基于多模态大模型的金融影像智能相似度检测模型\loan_062\contract.jpg,loan_062\contract.jpg,80604,800,1100,ok,,train,contract,0.99697363
loan_062,face_signing,D:\GitHub\jinchuang\23-多模态技术与数据治理赛道-基于多模态大模型的金融影像智能相似度检测模型\基于多模态大模型的金融影像智能相似度检测模型\loan_062\face_signing.jpg,loan_062\face_signing.jpg,96619,1024,1024,ok,,train,face_signing,0.9969014
loan_062,id_card_back,D:\GitHub\jinchuang\23-多模态技术与数据治理赛道-基于多模态大模型的金融影像智能相似度检测模型\基于多模态大模型的金融影像智能相似度检测模型\loan_062\id_card_back.jpg,loan_062\id_card_back.jpg,17197,680,430,ok,,train,id_card_back,0.9976139
loan_062,id_card_front,D:\GitHub\jinchuang\23-多模态技术与数据治理赛道-基于多模态大模型的金融影像智能相似度检测模型\基于多模态大模型的金融影像智能相似度检测模型\loan_062\id_card_front.jpg,loan_062\id_card_front.jpg,22090,680,430,ok,,train,id_card_front,0.9963432
loan_063,bank_statement,D:\GitHub\jinchuang\23-多模态技术与数据治理赛道-基于多模态大模型的金融影像智能相似度检测模型\基于多模态大模型的金融影像智能相似度检测模型\loan_063\bank_statement.jpg,loan_063\bank_statement.jpg,126388,800,1100,ok,,train,bank_statement,0.9972103
loan_063,contract,D:\GitHub\jinchuang\23-多模态技术与数据治理赛道-基于多模态大模型的金融影像智能相似度检测模型\基于多模态大模型的金融影像智能相似度检测模型\loan_063\contract.jpg,loan_063\contract.jpg,80068,800,1100,ok,,train,contract,0.9971757
loan_063,face_signing,D:\GitHub\jinchuang\23-多模态技术与数据治理赛道-基于多模态大模型的金融影像智能相似度检测模型\基于多模态大模型的金融影像智能相似度检测模型\loan_063\face_signing.jpg,loan_063\face_signing.jpg,169046,1024,1024,ok,,train,face_signing,0.99841225
loan_063,id_card_back,D:\GitHub\jinchuang\23-多模态技术与数据治理赛道-基于多模态大模型的金融影像智能相似度检测模型\基于多模态大模型的金融影像智能相似度检测模型\loan_063\id_card_back.jpg,loan_063\id_card_back.jpg,17243,680,430,ok,,train,id_card_back,0.9974179
loan_063,id_card_front,D:\GitHub\jinchuang\23-多模态技术与数据治理赛道-基于多模态大模型的金融影像智能相似度检测模型\基于多模态大模型的金融影像智能相似度检测模型\loan_063\id_card_front.jpg,loan_063\id_card_front.jpg,22002,680,430,ok,,train,id_card_front,0.99722016
loan_064,bank_statement,D:\GitHub\jinchuang\23-多模态技术与数据治理赛道-基于多模态大模型的金融影像智能相似度检测模型\基于多模态大模型的金融影像智能相似度检测模型\loan_064\bank_statement.jpg,loan_064\bank_statement.jpg,125914,800,1100,ok,,train,bank_statement,0.9972535
loan_064,contract,D:\GitHub\jinchuang\23-多模态技术与数据治理赛道-基于多模态大模型的金融影像智能相似度检测模型\基于多模态大模型的金融影像智能相似度检测模型\loan_064\contract.jpg,loan_064\contract.jpg,79770,800,1100,ok,,train,contract,0.99674004
loan_064,face_signing,D:\GitHub\jinchuang\23-多模态技术与数据治理赛道-基于多模态大模型的金融影像智能相似度检测模型\基于多模态大模型的金融影像智能相似度检测模型\loan_064\face_signing.jpg,loan_064\face_signing.jpg,94825,1024,1024,ok,,train,face_signing,0.9988794
loan_064,id_card_back,D:\GitHub\jinchuang\23-多模态技术与数据治理赛道-基于多模态大模型的金融影像智能相似度检测模型\基于多模态大模型的金融影像智能相似度检测模型\loan_064\id_card_back.jpg,loan_064\id_card_back.jpg,17283,680,430,ok,,train,id_card_back,0.9975177
loan_064,id_card_front,D:\GitHub\jinchuang\23-多模态技术与数据治理赛道-基于多模态大模型的金融影像智能相似度检测模型\基于多模态大模型的金融影像智能相似度检测模型\loan_064\id_card_front.jpg,loan_064\id_card_front.jpg,21430,680,430,ok,,train,id_card_front,0.99686736
loan_065,bank_statement,D:\GitHub\jinchuang\23-多模态技术与数据治理赛道-基于多模态大模型的金融影像智能相似度检测模型\基于多模态大模型的金融影像智能相似度检测模型\loan_065\bank_statement.jpg,loan_065\bank_statement.jpg,125803,800,1100,ok,,train,bank_statement,0.99809116
loan_065,contract,D:\GitHub\jinchuang\23-多模态技术与数据治理赛道-基于多模态大模型的金融影像智能相似度检测模型\基于多模态大模型的金融影像智能相似度检测模型\loan_065\contract.jpg,loan_065\contract.jpg,79697,800,1100,ok,,train,contract,0.9969837
loan_065,face_signing,D:\GitHub\jinchuang\23-多模态技术与数据治理赛道-基于多模态大模型的金融影像智能相似度检测模型\基于多模态大模型的金融影像智能相似度检测模型\loan_065\face_signing.jpg,loan_065\face_signing.jpg,83664,1024,1024,ok,,train,face_signing,0.99868006
loan_065,id_card_back,D:\GitHub\jinchuang\23-多模态技术与数据治理赛道-基于多模态大模型的金融影像智能相似度检测模型\基于多模态大模型的金融影像智能相似度检测模型\loan_065\id_card_back.jpg,loan_065\id_card_back.jpg,17184,680,430,ok,,train,id_card_back,0.9975206
loan_065,id_card_front,D:\GitHub\jinchuang\23-多模态技术与数据治理赛道-基于多模态大模型的金融影像智能相似度检测模型\基于多模态大模型的金融影像智能相似度检测模型\loan_065\id_card_front.jpg,loan_065\id_card_front.jpg,21826,680,430,ok,,train,id_card_front,0.99568826
loan_066,bank_statement,D:\GitHub\jinchuang\23-多模态技术与数据治理赛道-基于多模态大模型的金融影像智能相似度检测模型\基于多模态大模型的金融影像智能相似度检测模型\loan_066\bank_statement.jpg,loan_066\bank_statement.jpg,126137,800,1100,ok,,train,bank_statement,0.9979286
loan_066,contract,D:\GitHub\jinchuang\23-多模态技术与数据治理赛道-基于多模态大模型的金融影像智能相似度检测模型\基于多模态大模型的金融影像智能相似度检测模型\loan_066\contract.jpg,loan_066\contract.jpg,80909,800,1100,ok,,train,contract,0.99728537
loan_066,face_signing,D:\GitHub\jinchuang\23-多模态技术与数据治理赛道-基于多模态大模型的金融影像智能相似度检测模型\基于多模态大模型的金融影像智能相似度检测模型\loan_066\face_signing.jpg,loan_066\face_signing.jpg,134120,1024,1024,ok,,train,face_signing,0.9984486
loan_066,id_card_back,D:\GitHub\jinchuang\23-多模态技术与数据治理赛道-基于多模态大模型的金融影像智能相似度检测模型\基于多模态大模型的金融影像智能相似度检测模型\loan_066\id_card_back.jpg,loan_066\id_card_back.jpg,17254,680,430,ok,,train,id_card_back,0.9974016
loan_066,id_card_front,D:\GitHub\jinchuang\23-多模态技术与数据治理赛道-基于多模态大模型的金融影像智能相似度检测模型\基于多模态大模型的金融影像智能相似度检测模型\loan_066\id_card_front.jpg,loan_066\id_card_front.jpg,22021,680,430,ok,,train,id_card_front,0.9968225
loan_067,bank_statement,D:\GitHub\jinchuang\23-多模态技术与数据治理赛道-基于多模态大模型的金融影像智能相似度检测模型\基于多模态大模型的金融影像智能相似度检测模型\loan_067\bank_statement.jpg,loan_067\bank_statement.jpg,126126,800,1100,ok,,train,bank_statement,0.9969489
loan_067,contract,D:\GitHub\jinchuang\23-多模态技术与数据治理赛道-基于多模态大模型的金融影像智能相似度检测模型\基于多模态大模型的金融影像智能相似度检测模型\loan_067\contract.jpg,loan_067\contract.jpg,80161,800,1100,ok,,train,contract,0.9976343
loan_067,face_signing,D:\GitHub\jinchuang\23-多模态技术与数据治理赛道-基于多模态大模型的金融影像智能相似度检测模型\基于多模态大模型的金融影像智能相似度检测模型\loan_067\face_signing.jpg,loan_067\face_signing.jpg,113411,1024,1024,ok,,train,face_signing,0.9986003
loan_067,id_card_back,D:\GitHub\jinchuang\23-多模态技术与数据治理赛道-基于多模态大模型的金融影像智能相似度检测模型\基于多模态大模型的金融影像智能相似度检测模型\loan_067\id_card_back.jpg,loan_067\id_card_back.jpg,17271,680,430,ok,,train,id_card_back,0.99775106
loan_067,id_card_front,D:\GitHub\jinchuang\23-多模态技术与数据治理赛道-基于多模态大模型的金融影像智能相似度检测模型\基于多模态大模型的金融影像智能相似度检测模型\loan_067\id_card_front.jpg,loan_067\id_card_front.jpg,22500,680,430,ok,,train,id_card_front,0.99700457
loan_068,bank_statement,D:\GitHub\jinchuang\23-多模态技术与数据治理赛道-基于多模态大模型的金融影像智能相似度检测模型\基于多模态大模型的金融影像智能相似度检测模型\loan_068\bank_statement.jpg,loan_068\bank_statement.jpg,126201,800,1100,ok,,val,bank_statement,0.99755377
loan_068,contract,D:\GitHub\jinchuang\23-多模态技术与数据治理赛道-基于多模态大模型的金融影像智能相似度检测模型\基于多模态大模型的金融影像智能相似度检测模型\loan_068\contract.jpg,loan_068\contract.jpg,79946,800,1100,ok,,val,contract,0.9971661
loan_068,face_signing,D:\GitHub\jinchuang\23-多模态技术与数据治理赛道-基于多模态大模型的金融影像智能相似度检测模型\基于多模态大模型的金融影像智能相似度检测模型\loan_068\face_signing.jpg,loan_068\face_signing.jpg,97324,1024,1024,ok,,val,face_signing,0.9977843
loan_068,id_card_back,D:\GitHub\jinchuang\23-多模态技术与数据治理赛道-基于多模态大模型的金融影像智能相似度检测模型\基于多模态大模型的金融影像智能相似度检测模型\loan_068\id_card_back.jpg,loan_068\id_card_back.jpg,17221,680,430,ok,,val,id_card_back,0.9973647
loan_068,id_card_front,D:\GitHub\jinchuang\23-多模态技术与数据治理赛道-基于多模态大模型的金融影像智能相似度检测模型\基于多模态大模型的金融影像智能相似度检测模型\loan_068\id_card_front.jpg,loan_068\id_card_front.jpg,21848,680,430,ok,,val,id_card_front,0.99729115
loan_069,bank_statement,D:\GitHub\jinchuang\23-多模态技术与数据治理赛道-基于多模态大模型的金融影像智能相似度检测模型\基于多模态大模型的金融影像智能相似度检测模型\loan_069\bank_statement.jpg,loan_069\bank_statement.jpg,126323,800,1100,ok,,train,bank_statement,0.9980236
loan_069,contract,D:\GitHub\jinchuang\23-多模态技术与数据治理赛道-基于多模态大模型的金融影像智能相似度检测模型\基于多模态大模型的金融影像智能相似度检测模型\loan_069\contract.jpg,loan_069\contract.jpg,79049,800,1100,ok,,train,contract,0.9970693
loan_069,face_signing,D:\GitHub\jinchuang\23-多模态技术与数据治理赛道-基于多模态大模型的金融影像智能相似度检测模型\基于多模态大模型的金融影像智能相似度检测模型\loan_069\face_signing.jpg,loan_069\face_signing.jpg,102118,1024,1024,ok,,train,face_signing,0.9981468
loan_069,id_card_back,D:\GitHub\jinchuang\23-多模态技术与数据治理赛道-基于多模态大模型的金融影像智能相似度检测模型\基于多模态大模型的金融影像智能相似度检测模型\loan_069\id_card_back.jpg,loan_069\id_card_back.jpg,17229,680,430,ok,,train,id_card_back,0.99785954
loan_069,id_card_front,D:\GitHub\jinchuang\23-多模态技术与数据治理赛道-基于多模态大模型的金融影像智能相似度检测模型\基于多模态大模型的金融影像智能相似度检测模型\loan_069\id_card_front.jpg,loan_069\id_card_front.jpg,21525,680,430,ok,,train,id_card_front,0.9975528
loan_070,bank_statement,D:\GitHub\jinchuang\23-多模态技术与数据治理赛道-基于多模态大模型的金融影像智能相似度检测模型\基于多模态大模型的金融影像智能相似度检测模型\loan_070\bank_statement.jpg,loan_070\bank_statement.jpg,126700,800,1100,ok,,train,bank_statement,0.9972293
loan_070,contract,D:\GitHub\jinchuang\23-多模态技术与数据治理赛道-基于多模态大模型的金融影像智能相似度检测模型\基于多模态大模型的金融影像智能相似度检测模型\loan_070\contract.jpg,loan_070\contract.jpg,80894,800,1100,ok,,train,contract,0.9973206
loan_070,face_signing,D:\GitHub\jinchuang\23-多模态技术与数据治理赛道-基于多模态大模型的金融影像智能相似度检测模型\基于多模态大模型的金融影像智能相似度检测模型\loan_070\face_signing.jpg,loan_070\face_signing.jpg,110332,1024,1024,ok,,train,face_signing,0.99838126
loan_070,id_card_back,D:\GitHub\jinchuang\23-多模态技术与数据治理赛道-基于多模态大模型的金融影像智能相似度检测模型\基于多模态大模型的金融影像智能相似度检测模型\loan_070\id_card_back.jpg,loan_070\id_card_back.jpg,17175,680,430,ok,,train,id_card_back,0.99746144
loan_070,id_card_front,D:\GitHub\jinchuang\23-多模态技术与数据治理赛道-基于多模态大模型的金融影像智能相似度检测模型\基于多模态大模型的金融影像智能相似度检测模型\loan_070\id_card_front.jpg,loan_070\id_card_front.jpg,22724,680,430,ok,,train,id_card_front,0.99696976
loan_071,bank_statement,D:\GitHub\jinchuang\23-多模态技术与数据治理赛道-基于多模态大模型的金融影像智能相似度检测模型\基于多模态大模型的金融影像智能相似度检测模型\loan_071\bank_statement.jpg,loan_071\bank_statement.jpg,125836,800,1100,ok,,train,bank_statement,0.99814856
loan_071,contract,D:\GitHub\jinchuang\23-多模态技术与数据治理赛道-基于多模态大模型的金融影像智能相似度检测模型\基于多模态大模型的金融影像智能相似度检测模型\loan_071\contract.jpg,loan_071\contract.jpg,79901,800,1100,ok,,train,contract,0.9973803
loan_071,face_signing,D:\GitHub\jinchuang\23-多模态技术与数据治理赛道-基于多模态大模型的金融影像智能相似度检测模型\基于多模态大模型的金融影像智能相似度检测模型\loan_071\face_signing.jpg,loan_071\face_signing.jpg,119306,1024,1024,ok,,train,face_signing,0.99866843
loan_071,id_card_back,D:\GitHub\jinchuang\23-多模态技术与数据治理赛道-基于多模态大模型的金融影像智能相似度检测模型\基于多模态大模型的金融影像智能相似度检测模型\loan_071\id_card_back.jpg,loan_071\id_card_back.jpg,17140,680,430,ok,,train,id_card_back,0.9977598
loan_071,id_card_front,D:\GitHub\jinchuang\23-多模态技术与数据治理赛道-基于多模态大模型的金融影像智能相似度检测模型\基于多模态大模型的金融影像智能相似度检测模型\loan_071\id_card_front.jpg,loan_071\id_card_front.jpg,21654,680,430,ok,,train,id_card_front,0.9973627
loan_072,bank_statement,D:\GitHub\jinchuang\23-多模态技术与数据治理赛道-基于多模态大模型的金融影像智能相似度检测模型\基于多模态大模型的金融影像智能相似度检测模型\loan_072\bank_statement.jpg,loan_072\bank_statement.jpg,126176,800,1100,ok,,val,bank_statement,0.99810874
loan_072,contract,D:\GitHub\jinchuang\23-多模态技术与数据治理赛道-基于多模态大模型的金融影像智能相似度检测模型\基于多模态大模型的金融影像智能相似度检测模型\loan_072\contract.jpg,loan_072\contract.jpg,80447,800,1100,ok,,val,contract,0.9968753
loan_072,face_signing,D:\GitHub\jinchuang\23-多模态技术与数据治理赛道-基于多模态大模型的金融影像智能相似度检测模型\基于多模态大模型的金融影像智能相似度检测模型\loan_072\face_signing.jpg,loan_072\face_signing.jpg,127462,1024,1024,ok,,val,face_signing,0.9987326
loan_072,id_card_back,D:\GitHub\jinchuang\23-多模态技术与数据治理赛道-基于多模态大模型的金融影像智能相似度检测模型\基于多模态大模型的金融影像智能相似度检测模型\loan_072\id_card_back.jpg,loan_072\id_card_back.jpg,17205,680,430,ok,,val,id_card_back,0.997221
loan_072,id_card_front,D:\GitHub\jinchuang\23-多模态技术与数据治理赛道-基于多模态大模型的金融影像智能相似度检测模型\基于多模态大模型的金融影像智能相似度检测模型\loan_072\id_card_front.jpg,loan_072\id_card_front.jpg,21865,680,430,ok,,val,id_card_front,0.99682605
loan_073,bank_statement,D:\GitHub\jinchuang\23-多模态技术与数据治理赛道-基于多模态大模型的金融影像智能相似度检测模型\基于多模态大模型的金融影像智能相似度检测模型\loan_073\bank_statement.jpg,loan_073\bank_statement.jpg,127024,800,1100,ok,,test,bank_statement,0.9979578
loan_073,contract,D:\GitHub\jinchuang\23-多模态技术与数据治理赛道-基于多模态大模型的金融影像智能相似度检测模型\基于多模态大模型的金融影像智能相似度检测模型\loan_073\contract.jpg,loan_073\contract.jpg,80440,800,1100,ok,,test,contract,0.9971269
loan_073,face_signing,D:\GitHub\jinchuang\23-多模态技术与数据治理赛道-基于多模态大模型的金融影像智能相似度检测模型\基于多模态大模型的金融影像智能相似度检测模型\loan_073\face_signing.jpg,loan_073\face_signing.jpg,151226,1024,1024,ok,,test,face_signing,0.99842715
loan_073,id_card_back,D:\GitHub\jinchuang\23-多模态技术与数据治理赛道-基于多模态大模型的金融影像智能相似度检测模型\基于多模态大模型的金融影像智能相似度检测模型\loan_073\id_card_back.jpg,loan_073\id_card_back.jpg,17289,680,430,ok,,test,id_card_back,0.99725866
loan_073,id_card_front,D:\GitHub\jinchuang\23-多模态技术与数据治理赛道-基于多模态大模型的金融影像智能相似度检测模型\基于多模态大模型的金融影像智能相似度检测模型\loan_073\id_card_front.jpg,loan_073\id_card_front.jpg,21475,680,430,ok,,test,id_card_front,0.9967258
loan_074,bank_statement,D:\GitHub\jinchuang\23-多模态技术与数据治理赛道-基于多模态大模型的金融影像智能相似度检测模型\基于多模态大模型的金融影像智能相似度检测模型\loan_074\bank_statement.jpg,loan_074\bank_statement.jpg,125838,800,1100,ok,,val,bank_statement,0.997329
loan_074,contract,D:\GitHub\jinchuang\23-多模态技术与数据治理赛道-基于多模态大模型的金融影像智能相似度检测模型\基于多模态大模型的金融影像智能相似度检测模型\loan_074\contract.jpg,loan_074\contract.jpg,80506,800,1100,ok,,val,contract,0.99755174
loan_074,face_signing,D:\GitHub\jinchuang\23-多模态技术与数据治理赛道-基于多模态大模型的金融影像智能相似度检测模型\基于多模态大模型的金融影像智能相似度检测模型\loan_074\face_signing.jpg,loan_074\face_signing.jpg,109129,1024,1024,ok,,val,face_signing,0.99872464
loan_074,id_card_back,D:\GitHub\jinchuang\23-多模态技术与数据治理赛道-基于多模态大模型的金融影像智能相似度检测模型\基于多模态大模型的金融影像智能相似度检测模型\loan_074\id_card_back.jpg,loan_074\id_card_back.jpg,17216,680,430,ok,,val,id_card_back,0.9978986
loan_074,id_card_front,D:\GitHub\jinchuang\23-多模态技术与数据治理赛道-基于多模态大模型的金融影像智能相似度检测模型\基于多模态大模型的金融影像智能相似度检测模型\loan_074\id_card_front.jpg,loan_074\id_card_front.jpg,21711,680,430,ok,,val,id_card_front,0.9960563
