query_loan_id,match_loan_id,stage1_similarity_probability,stage1_decision_source,visual_override_reason,query_path,match_path
loan_0077,loan_4050,0.5831956699208459,probability,,D:\GitHub\jinchuang\data\loan_0077\face_signing.jpg,D:\GitHub\jinchuang\data\loan_4050\face_signing.jpg
loan_0086,loan_0996,0.44476253248005077,probability,,D:\GitHub\jinchuang\data\loan_0086\face_signing.jpg,D:\GitHub\jinchuang\data\loan_0996\face_signing.jpg
loan_0095,loan_2199,0.409132222160321,visual_override,strong_mirror_evidence,D:\GitHub\jinchuang\data\loan_0095\face_signing.jpg,D:\GitHub\jinchuang\data\loan_2199\face_signing.jpg
loan_0101,loan_1906,0.4761822716926252,probability,,D:\GitHub\jinchuang\data\loan_0101\face_signing.jpg,D:\GitHub\jinchuang\data\loan_1906\face_signing.jpg
loan_0110,loan_1786,0.4998611749159201,probability,,D:\GitHub\jinchuang\data\loan_0110\face_signing.jpg,D:\GitHub\jinchuang\data\loan_1786\face_signing.jpg
loan_0132,loan_0297,0.5420439053359505,probability,,D:\GitHub\jinchuang\data\loan_0132\face_signing.jpg,D:\GitHub\jinchuang\data\loan_0297\face_signing.jpg
loan_0154,loan_1984,0.5487537470035109,probability,,D:\GitHub\jinchuang\data\loan_0154\face_signing.jpg,D:\GitHub\jinchuang\data\loan_1984\face_signing.jpg
loan_0169,loan_0844,0.6245924572362305,probability,,D:\GitHub\jinchuang\data\loan_0169\face_signing.jpg,D:\GitHub\jinchuang\data\loan_0844\face_signing.jpg
loan_0185,loan_1948,0.5569684563624752,probability,,D:\GitHub\jinchuang\data\loan_0185\face_signing.jpg,D:\GitHub\jinchuang\data\loan_1948\face_signing.jpg
loan_0187,loan_0788,0.49504176596439464,probability,,D:\GitHub\jinchuang\data\loan_0187\face_signing.jpg,D:\GitHub\jinchuang\data\loan_0788\face_signing.jpg
loan_0205,loan_1613,0.48154012000845525,probability,,D:\GitHub\jinchuang\data\loan_0205\face_signing.jpg,D:\GitHub\jinchuang\data\loan_1613\face_signing.jpg
loan_0219,loan_2148,0.6729961693573496,probability,,D:\GitHub\jinchuang\data\loan_0219\face_signing.jpg,D:\GitHub\jinchuang\data\loan_2148\face_signing.jpg
loan_0226,loan_0920,0.5664257334968101,probability,,D:\GitHub\jinchuang\data\loan_0226\face_signing.jpg,D:\GitHub\jinchuang\data\loan_0920\face_signing.jpg
loan_0234,loan_1792,0.421394733573444,probability,,D:\GitHub\jinchuang\data\loan_0234\face_signing.jpg,D:\GitHub\jinchuang\data\loan_1792\face_signing.jpg
loan_0237,loan_0584,0.4487170995496986,probability,,D:\GitHub\jinchuang\data\loan_0237\face_signing.jpg,D:\GitHub\jinchuang\data\loan_0584\face_signing.jpg
loan_0247,loan_1793,0.635500216614084,probability,,D:\GitHub\jinchuang\data\loan_0247\face_signing.jpg,D:\GitHub\jinchuang\data\loan_1793\face_signing.jpg
loan_0281,loan_0354,0.4991566760457809,probability,,D:\GitHub\jinchuang\data\loan_0281\face_signing.jpg,D:\GitHub\jinchuang\data\loan_0354\face_signing.jpg
loan_0297,loan_0132,0.5420439053359505,probability,,D:\GitHub\jinchuang\data\loan_0297\face_signing.jpg,D:\GitHub\jinchuang\data\loan_0132\face_signing.jpg
loan_0300,loan_2795,0.47628288639752864,probability,,D:\GitHub\jinchuang\data\loan_0300\face_signing.jpg,D:\GitHub\jinchuang\data\loan_2795\face_signing.jpg
loan_0327,loan_2054,0.46293694365427657,probability_and_visual_override,strong_mirror_evidence,D:\GitHub\jinchuang\data\loan_0327\face_signing.jpg,D:\GitHub\jinchuang\data\loan_2054\face_signing.jpg
loan_0330,loan_2152,0.47319827789215596,probability,,D:\GitHub\jinchuang\data\loan_0330\face_signing.jpg,D:\GitHub\jinchuang\data\loan_2152\face_signing.jpg
loan_0345,loan_1986,0.5028050770269561,probability,,D:\GitHub\jinchuang\data\loan_0345\face_signing.jpg,D:\GitHub\jinchuang\data\loan_1986\face_signing.jpg
loan_0346,loan_2191,0.5488443242630097,probability,,D:\GitHub\jinchuang\data\loan_0346\face_signing.jpg,D:\GitHub\jinchuang\data\loan_2191\face_signing.jpg
loan_0354,loan_0281,0.4991566760457809,probability,,D:\GitHub\jinchuang\data\loan_0354\face_signing.jpg,D:\GitHub\jinchuang\data\loan_0281\face_signing.jpg
loan_0360,loan_1754,0.4750328705135405,probability_and_visual_override,strong_mirror_evidence,D:\GitHub\jinchuang\data\loan_0360\face_signing.jpg,D:\GitHub\jinchuang\data\loan_1754\face_signing.jpg
loan_0370,loan_1875,0.5690358358635966,probability,,D:\GitHub\jinchuang\data\loan_0370\face_signing.jpg,D:\GitHub\jinchuang\data\loan_1875\face_signing.jpg
loan_0387,loan_2049,0.5709398480172879,probability,,D:\GitHub\jinchuang\data\loan_0387\face_signing.jpg,D:\GitHub\jinchuang\data\loan_2049\face_signing.jpg
loan_0411,loan_2333,0.4534326847029419,probability_and_visual_override,strong_mirror_evidence,D:\GitHub\jinchuang\data\loan_0411\face_signing.jpg,D:\GitHub\jinchuang\data\loan_2333\face_signing.jpg
loan_0415,loan_1680,0.46103575907951344,probability,,D:\GitHub\jinchuang\data\loan_0415\face_signing.jpg,D:\GitHub\jinchuang\data\loan_1680\face_signing.jpg
loan_0423,loan_3087,0.42880922502885715,probability,,D:\GitHub\jinchuang\data\loan_0423\face_signing.jpg,D:\GitHub\jinchuang\data\loan_3087\face_signing.jpg
loan_0428,loan_1930,0.44504270886101255,probability,,D:\GitHub\jinchuang\data\loan_0428\face_signing.jpg,D:\GitHub\jinchuang\data\loan_1930\face_signing.jpg
loan_0433,loan_2042,0.5333637191783547,probability,,D:\GitHub\jinchuang\data\loan_0433\face_signing.jpg,D:\GitHub\jinchuang\data\loan_2042\face_signing.jpg
loan_0436,loan_1896,0.4804681974489979,probability,,D:\GitHub\jinchuang\data\loan_0436\face_signing.jpg,D:\GitHub\jinchuang\data\loan_1896\face_signing.jpg
loan_0451,loan_1866,0.5622294521236939,probability,,D:\GitHub\jinchuang\data\loan_0451\face_signing.jpg,D:\GitHub\jinchuang\data\loan_1866\face_signing.jpg
loan_0459,loan_1848,0.4724057521249694,probability,,D:\GitHub\jinchuang\data\loan_0459\face_signing.jpg,D:\GitHub\jinchuang\data\loan_1848\face_signing.jpg
loan_0461,loan_1956,0.5604687729153646,probability,,D:\GitHub\jinchuang\data\loan_0461\face_signing.jpg,D:\GitHub\jinchuang\data\loan_1956\face_signing.jpg
loan_0475,loan_1737,0.5263010341237323,probability,,D:\GitHub\jinchuang\data\loan_0475\face_signing.jpg,D:\GitHub\jinchuang\data\loan_1737\face_signing.jpg
loan_0476,loan_1931,0.5055118424326179,probability,,D:\GitHub\jinchuang\data\loan_0476\face_signing.jpg,D:\GitHub\jinchuang\data\loan_1931\face_signing.jpg
loan_0479,loan_1742,0.46109852677980945,probability,,D:\GitHub\jinchuang\data\loan_0479\face_signing.jpg,D:\GitHub\jinchuang\data\loan_1742\face_signing.jpg
loan_0480,loan_2119,0.6552836168669119,probability,,D:\GitHub\jinchuang\data\loan_0480\face_signing.jpg,D:\GitHub\jinchuang\data\loan_2119\face_signing.jpg
loan_0490,loan_2146,0.6320782574248779,probability,,D:\GitHub\jinchuang\data\loan_0490\face_signing.jpg,D:\GitHub\jinchuang\data\loan_2146\face_signing.jpg
loan_0495,loan_2080,0.4498102293469338,probability_and_visual_override,strong_mirror_evidence,D:\GitHub\jinchuang\data\loan_0495\face_signing.jpg,D:\GitHub\jinchuang\data\loan_2080\face_signing.jpg
loan_0503,loan_2062,0.6364742187346983,probability,,D:\GitHub\jinchuang\data\loan_0503\face_signing.jpg,D:\GitHub\jinchuang\data\loan_2062\face_signing.jpg
loan_0504,loan_1775,0.45081806718309936,probability,,D:\GitHub\jinchuang\data\loan_0504\face_signing.jpg,D:\GitHub\jinchuang\data\loan_1775\face_signing.jpg
loan_0505,loan_1801,0.46661742260867156,probability,,D:\GitHub\jinchuang\data\loan_0505\face_signing.jpg,D:\GitHub\jinchuang\data\loan_1801\face_signing.jpg
loan_0518,loan_2010,0.49009376849602054,probability,,D:\GitHub\jinchuang\data\loan_0518\face_signing.jpg,D:\GitHub\jinchuang\data\loan_2010\face_signing.jpg
loan_0533,loan_2360,0.4529414603055642,probability_and_visual_override,strong_mirror_evidence,D:\GitHub\jinchuang\data\loan_0533\face_signing.jpg,D:\GitHub\jinchuang\data\loan_2360\face_signing.jpg
loan_0551,loan_2022,0.5610728883044893,probability,,D:\GitHub\jinchuang\data\loan_0551\face_signing.jpg,D:\GitHub\jinchuang\data\loan_2022\face_signing.jpg
loan_0552,loan_4215,0.4959463061321399,probability,,D:\GitHub\jinchuang\data\loan_0552\face_signing.jpg,D:\GitHub\jinchuang\data\loan_4215\face_signing.jpg
loan_0556,loan_1785,0.43671133082235614,probability,,D:\GitHub\jinchuang\data\loan_0556\face_signing.jpg,D:\GitHub\jinchuang\data\loan_1785\face_signing.jpg
loan_0567,loan_1938,0.4789319082587084,probability,,D:\GitHub\jinchuang\data\loan_0567\face_signing.jpg,D:\GitHub\jinchuang\data\loan_1938\face_signing.jpg
loan_0570,loan_2063,0.6557717338939737,probability,,D:\GitHub\jinchuang\data\loan_0570\face_signing.jpg,D:\GitHub\jinchuang\data\loan_2063\face_signing.jpg
loan_0572,loan_2046,0.6219622281955305,probability,,D:\GitHub\jinchuang\data\loan_0572\face_signing.jpg,D:\GitHub\jinchuang\data\loan_2046\face_signing.jpg
loan_0576,loan_2086,0.5959068263501454,probability,,D:\GitHub\jinchuang\data\loan_0576\face_signing.jpg,D:\GitHub\jinchuang\data\loan_2086\face_signing.jpg
loan_0584,loan_0237,0.4487170995496986,probability,,D:\GitHub\jinchuang\data\loan_0584\face_signing.jpg,D:\GitHub\jinchuang\data\loan_0237\face_signing.jpg
loan_0586,loan_1777,0.47710295647064005,probability_and_visual_override,strong_mirror_evidence,D:\GitHub\jinchuang\data\loan_0586\face_signing.jpg,D:\GitHub\jinchuang\data\loan_1777\face_signing.jpg
loan_0588,loan_1827,0.45908521410289016,probability,,D:\GitHub\jinchuang\data\loan_0588\face_signing.jpg,D:\GitHub\jinchuang\data\loan_1827\face_signing.jpg
loan_0591,loan_1723,0.5464627249419144,probability,,D:\GitHub\jinchuang\data\loan_0591\face_signing.jpg,D:\GitHub\jinchuang\data\loan_1723\face_signing.jpg
loan_0593,loan_1708,0.5242601055897577,probability,,D:\GitHub\jinchuang\data\loan_0593\face_signing.jpg,D:\GitHub\jinchuang\data\loan_1708\face_signing.jpg
loan_0627,loan_1784,0.5930267169377476,probability,,D:\GitHub\jinchuang\data\loan_0627\face_signing.jpg,D:\GitHub\jinchuang\data\loan_1784\face_signing.jpg
loan_0632,loan_1838,0.6387103850643632,probability,,D:\GitHub\jinchuang\data\loan_0632\face_signing.jpg,D:\GitHub\jinchuang\data\loan_1838\face_signing.jpg
loan_0658,loan_2095,0.5830831126784494,probability,,D:\GitHub\jinchuang\data\loan_0658\face_signing.jpg,D:\GitHub\jinchuang\data\loan_2095\face_signing.jpg
loan_0676,loan_2014,0.4289196975251929,probability,,D:\GitHub\jinchuang\data\loan_0676\face_signing.jpg,D:\GitHub\jinchuang\data\loan_2014\face_signing.jpg
loan_0680,loan_2386,0.38297984509565036,visual_override,strong_mirror_evidence,D:\GitHub\jinchuang\data\loan_0680\face_signing.jpg,D:\GitHub\jinchuang\data\loan_2386\face_signing.jpg
loan_0680,loan_1688,0.4560019342672412,probability,,D:\GitHub\jinchuang\data\loan_0680\face_signing.jpg,D:\GitHub\jinchuang\data\loan_1688\face_signing.jpg
loan_0684,loan_1912,0.4408346721938698,probability,,D:\GitHub\jinchuang\data\loan_0684\face_signing.jpg,D:\GitHub\jinchuang\data\loan_1912\face_signing.jpg
loan_0686,loan_1917,0.41165060803785797,visual_override,strong_mirror_evidence,D:\GitHub\jinchuang\data\loan_0686\face_signing.jpg,D:\GitHub\jinchuang\data\loan_1917\face_signing.jpg
loan_0694,loan_1974,0.4687817351693606,probability,,D:\GitHub\jinchuang\data\loan_0694\face_signing.jpg,D:\GitHub\jinchuang\data\loan_1974\face_signing.jpg
loan_0706,loan_1857,0.5132405357721094,probability_and_visual_override,strong_mirror_evidence,D:\GitHub\jinchuang\data\loan_0706\face_signing.jpg,D:\GitHub\jinchuang\data\loan_1857\face_signing.jpg
loan_0716,loan_1736,0.6205762109235938,probability,,D:\GitHub\jinchuang\data\loan_0716\face_signing.jpg,D:\GitHub\jinchuang\data\loan_1736\face_signing.jpg
loan_0731,loan_1952,0.44909517213444283,probability,,D:\GitHub\jinchuang\data\loan_0731\face_signing.jpg,D:\GitHub\jinchuang\data\loan_1952\face_signing.jpg
loan_0763,loan_1820,0.5627587686165925,probability,,D:\GitHub\jinchuang\data\loan_0763\face_signing.jpg,D:\GitHub\jinchuang\data\loan_1820\face_signing.jpg
loan_0781,loan_1846,0.426385244619697,probability,,D:\GitHub\jinchuang\data\loan_0781\face_signing.jpg,D:\GitHub\jinchuang\data\loan_1846\face_signing.jpg
loan_0788,loan_0187,0.49504176596439464,probability,,D:\GitHub\jinchuang\data\loan_0788\face_signing.jpg,D:\GitHub\jinchuang\data\loan_0187\face_signing.jpg
loan_0801,loan_1727,0.4837147447613925,probability,,D:\GitHub\jinchuang\data\loan_0801\face_signing.jpg,D:\GitHub\jinchuang\data\loan_1727\face_signing.jpg
loan_0823,loan_1674,0.4427574885922828,probability,,D:\GitHub\jinchuang\data\loan_0823\face_signing.jpg,D:\GitHub\jinchuang\data\loan_1674\face_signing.jpg
loan_0844,loan_0169,0.6245924572362305,probability,,D:\GitHub\jinchuang\data\loan_0844\face_signing.jpg,D:\GitHub\jinchuang\data\loan_0169\face_signing.jpg
loan_0860,loan_2098,0.46397826512629964,probability,,D:\GitHub\jinchuang\data\loan_0860\face_signing.jpg,D:\GitHub\jinchuang\data\loan_2098\face_signing.jpg
loan_0867,loan_2047,0.5901253337086462,probability,,D:\GitHub\jinchuang\data\loan_0867\face_signing.jpg,D:\GitHub\jinchuang\data\loan_2047\face_signing.jpg
loan_0916,loan_1735,0.49654483776629293,probability,,D:\GitHub\jinchuang\data\loan_0916\face_signing.jpg,D:\GitHub\jinchuang\data\loan_1735\face_signing.jpg
loan_0920,loan_0226,0.5664257334968101,probability,,D:\GitHub\jinchuang\data\loan_0920\face_signing.jpg,D:\GitHub\jinchuang\data\loan_0226\face_signing.jpg
loan_0930,loan_1895,0.5276258409694721,probability,,D:\GitHub\jinchuang\data\loan_0930\face_signing.jpg,D:\GitHub\jinchuang\data\loan_1895\face_signing.jpg
loan_0937,loan_2186,0.4297326289264521,probability,,D:\GitHub\jinchuang\data\loan_0937\face_signing.jpg,D:\GitHub\jinchuang\data\loan_2186\face_signing.jpg
loan_0942,loan_2124,0.5192563704539949,probability,,D:\GitHub\jinchuang\data\loan_0942\face_signing.jpg,D:\GitHub\jinchuang\data\loan_2124\face_signing.jpg
loan_0946,loan_1755,0.50167472650471,probability,,D:\GitHub\jinchuang\data\loan_0946\face_signing.jpg,D:\GitHub\jinchuang\data\loan_1755\face_signing.jpg
loan_0949,loan_1990,0.5682819172814042,probability,,D:\GitHub\jinchuang\data\loan_0949\face_signing.jpg,D:\GitHub\jinchuang\data\loan_1990\face_signing.jpg
loan_0962,loan_2026,0.5385950411129904,probability,,D:\GitHub\jinchuang\data\loan_0962\face_signing.jpg,D:\GitHub\jinchuang\data\loan_2026\face_signing.jpg
loan_0977,loan_2417,0.4299218568559508,probability_and_visual_override,strong_mirror_evidence,D:\GitHub\jinchuang\data\loan_0977\face_signing.jpg,D:\GitHub\jinchuang\data\loan_2417\face_signing.jpg
loan_0977,loan_1902,0.5688878871281282,probability,,D:\GitHub\jinchuang\data\loan_0977\face_signing.jpg,D:\GitHub\jinchuang\data\loan_1902\face_signing.jpg
loan_0996,loan_0086,0.44476253248005077,probability,,D:\GitHub\jinchuang\data\loan_0996\face_signing.jpg,D:\GitHub\jinchuang\data\loan_0086\face_signing.jpg
loan_1015,loan_2135,0.42663811741727364,probability,,D:\GitHub\jinchuang\data\loan_1015\face_signing.jpg,D:\GitHub\jinchuang\data\loan_2135\face_signing.jpg
loan_1066,loan_1716,0.4687165376845667,probability,,D:\GitHub\jinchuang\data\loan_1066\face_signing.jpg,D:\GitHub\jinchuang\data\loan_1716\face_signing.jpg
loan_1070,loan_2105,0.44582283250448085,probability,,D:\GitHub\jinchuang\data\loan_1070\face_signing.jpg,D:\GitHub\jinchuang\data\loan_2105\face_signing.jpg
loan_1079,loan_2170,0.4819994545223205,probability,,D:\GitHub\jinchuang\data\loan_1079\face_signing.jpg,D:\GitHub\jinchuang\data\loan_2170\face_signing.jpg
loan_1094,loan_2073,0.5191339627754711,probability,,D:\GitHub\jinchuang\data\loan_1094\face_signing.jpg,D:\GitHub\jinchuang\data\loan_2073\face_signing.jpg
loan_1110,loan_2153,0.5111529417381877,probability,,D:\GitHub\jinchuang\data\loan_1110\face_signing.jpg,D:\GitHub\jinchuang\data\loan_2153\face_signing.jpg
loan_1140,loan_2028,0.3806685051953118,visual_override,strong_mirror_evidence,D:\GitHub\jinchuang\data\loan_1140\face_signing.jpg,D:\GitHub\jinchuang\data\loan_2028\face_signing.jpg
loan_1162,loan_1769,0.48294098632787613,probability,,D:\GitHub\jinchuang\data\loan_1162\face_signing.jpg,D:\GitHub\jinchuang\data\loan_1769\face_signing.jpg
loan_1199,loan_1826,0.535284202775871,probability,,D:\GitHub\jinchuang\data\loan_1199\face_signing.jpg,D:\GitHub\jinchuang\data\loan_1826\face_signing.jpg
loan_1225,loan_1774,0.519549350402759,probability,,D:\GitHub\jinchuang\data\loan_1225\face_signing.jpg,D:\GitHub\jinchuang\data\loan_1774\face_signing.jpg
loan_1240,loan_1754,0.42373406971803673,probability,,D:\GitHub\jinchuang\data\loan_1240\face_signing.jpg,D:\GitHub\jinchuang\data\loan_1754\face_signing.jpg
loan_1252,loan_2025,0.5328524350852212,probability,,D:\GitHub\jinchuang\data\loan_1252\face_signing.jpg,D:\GitHub\jinchuang\data\loan_2025\face_signing.jpg
loan_1270,loan_2162,0.5444194411717798,probability,,D:\GitHub\jinchuang\data\loan_1270\face_signing.jpg,D:\GitHub\jinchuang\data\loan_2162\face_signing.jpg
loan_1324,loan_4120,0.5102993598581083,probability,,D:\GitHub\jinchuang\data\loan_1324\face_signing.jpg,D:\GitHub\jinchuang\data\loan_4120\face_signing.jpg
loan_1382,loan_1710,0.5240732340454012,probability,,D:\GitHub\jinchuang\data\loan_1382\face_signing.jpg,D:\GitHub\jinchuang\data\loan_1710\face_signing.jpg
loan_1388,loan_4040,0.5643200377382581,probability,,D:\GitHub\jinchuang\data\loan_1388\face_signing.jpg,D:\GitHub\jinchuang\data\loan_4040\face_signing.jpg
loan_1410,loan_1603,0.5453113229574139,probability,,D:\GitHub\jinchuang\data\loan_1410\face_signing.jpg,D:\GitHub\jinchuang\data\loan_1603\face_signing.jpg
loan_1420,loan_1915,0.4238595304440101,probability,,D:\GitHub\jinchuang\data\loan_1420\face_signing.jpg,D:\GitHub\jinchuang\data\loan_1915\face_signing.jpg
loan_1429,loan_1889,0.4846182658064689,probability,,D:\GitHub\jinchuang\data\loan_1429\face_signing.jpg,D:\GitHub\jinchuang\data\loan_1889\face_signing.jpg
loan_1435,loan_2184,0.6131035195777793,probability,,D:\GitHub\jinchuang\data\loan_1435\face_signing.jpg,D:\GitHub\jinchuang\data\loan_2184\face_signing.jpg
loan_1453,loan_3233,0.5083477790427254,probability,,D:\GitHub\jinchuang\data\loan_1453\face_signing.jpg,D:\GitHub\jinchuang\data\loan_3233\face_signing.jpg
loan_1456,loan_1802,0.45631422839741953,probability,,D:\GitHub\jinchuang\data\loan_1456\face_signing.jpg,D:\GitHub\jinchuang\data\loan_1802\face_signing.jpg
loan_1459,loan_1813,0.5081972280909149,probability,,D:\GitHub\jinchuang\data\loan_1459\face_signing.jpg,D:\GitHub\jinchuang\data\loan_1813\face_signing.jpg
loan_1480,loan_1625,0.5357879587674271,probability,,D:\GitHub\jinchuang\data\loan_1480\face_signing.jpg,D:\GitHub\jinchuang\data\loan_1625\face_signing.jpg
loan_1499,loan_2128,0.5001470224398374,probability,,D:\GitHub\jinchuang\data\loan_1499\face_signing.jpg,D:\GitHub\jinchuang\data\loan_2128\face_signing.jpg
loan_1504,loan_4105,0.5411002359957776,probability,,D:\GitHub\jinchuang\data\loan_1504\face_signing.jpg,D:\GitHub\jinchuang\data\loan_4105\face_signing.jpg
loan_1508,loan_2100,0.5656870043660056,probability,,D:\GitHub\jinchuang\data\loan_1508\face_signing.jpg,D:\GitHub\jinchuang\data\loan_2100\face_signing.jpg
loan_1543,loan_1966,0.5141199918795899,probability,,D:\GitHub\jinchuang\data\loan_1543\face_signing.jpg,D:\GitHub\jinchuang\data\loan_1966\face_signing.jpg
loan_1543,loan_2441,0.42962973971792073,probability_and_visual_override,strong_mirror_evidence,D:\GitHub\jinchuang\data\loan_1543\face_signing.jpg,D:\GitHub\jinchuang\data\loan_2441\face_signing.jpg
loan_1551,loan_1991,0.4521660215378937,probability,,D:\GitHub\jinchuang\data\loan_1551\face_signing.jpg,D:\GitHub\jinchuang\data\loan_1991\face_signing.jpg
loan_1553,loan_1837,0.5165377903654675,probability,,D:\GitHub\jinchuang\data\loan_1553\face_signing.jpg,D:\GitHub\jinchuang\data\loan_1837\face_signing.jpg
loan_1575,loan_1811,0.5082117736829148,probability,,D:\GitHub\jinchuang\data\loan_1575\face_signing.jpg,D:\GitHub\jinchuang\data\loan_1811\face_signing.jpg
loan_1576,loan_1690,0.6855238908142279,probability,,D:\GitHub\jinchuang\data\loan_1576\face_signing.jpg,D:\GitHub\jinchuang\data\loan_1690\face_signing.jpg
loan_1577,loan_1736,0.408082449104672,visual_override,strong_mirror_evidence,D:\GitHub\jinchuang\data\loan_1577\face_signing.jpg,D:\GitHub\jinchuang\data\loan_1736\face_signing.jpg
loan_1603,loan_1410,0.5453113229574139,probability,,D:\GitHub\jinchuang\data\loan_1603\face_signing.jpg,D:\GitHub\jinchuang\data\loan_1410\face_signing.jpg
loan_1613,loan_0205,0.48154012000845525,probability,,D:\GitHub\jinchuang\data\loan_1613\face_signing.jpg,D:\GitHub\jinchuang\data\loan_0205\face_signing.jpg
loan_1621,loan_1772,0.45971416925667463,probability,,D:\GitHub\jinchuang\data\loan_1621\face_signing.jpg,D:\GitHub\jinchuang\data\loan_1772\face_signing.jpg
loan_1625,loan_1480,0.5357879587674271,probability,,D:\GitHub\jinchuang\data\loan_1625\face_signing.jpg,D:\GitHub\jinchuang\data\loan_1480\face_signing.jpg
loan_1644,loan_2167,0.5523159232068026,probability,,D:\GitHub\jinchuang\data\loan_1644\face_signing.jpg,D:\GitHub\jinchuang\data\loan_2167\face_signing.jpg
loan_1647,loan_1873,0.5560718496031736,probability,,D:\GitHub\jinchuang\data\loan_1647\face_signing.jpg,D:\GitHub\jinchuang\data\loan_1873\face_signing.jpg
loan_1651,loan_1978,0.4509834587516699,probability,,D:\GitHub\jinchuang\data\loan_1651\face_signing.jpg,D:\GitHub\jinchuang\data\loan_1978\face_signing.jpg
loan_1656,loan_2087,0.6182491210389767,probability,,D:\GitHub\jinchuang\data\loan_1656\face_signing.jpg,D:\GitHub\jinchuang\data\loan_2087\face_signing.jpg
loan_1674,loan_0823,0.4427574885922828,probability,,D:\GitHub\jinchuang\data\loan_1674\face_signing.jpg,D:\GitHub\jinchuang\data\loan_0823\face_signing.jpg
loan_1680,loan_0415,0.46103575907951344,probability,,D:\GitHub\jinchuang\data\loan_1680\face_signing.jpg,D:\GitHub\jinchuang\data\loan_0415\face_signing.jpg
loan_1680,loan_3772,0.5246550320987451,probability,,D:\GitHub\jinchuang\data\loan_1680\face_signing.jpg,D:\GitHub\jinchuang\data\loan_3772\face_signing.jpg
loan_1681,loan_2140,0.5468585043906546,probability,,D:\GitHub\jinchuang\data\loan_1681\face_signing.jpg,D:\GitHub\jinchuang\data\loan_2140\face_signing.jpg
loan_1688,loan_0680,0.4560019342672412,probability,,D:\GitHub\jinchuang\data\loan_1688\face_signing.jpg,D:\GitHub\jinchuang\data\loan_0680\face_signing.jpg
loan_1690,loan_1576,0.6855238908142279,probability,,D:\GitHub\jinchuang\data\loan_1690\face_signing.jpg,D:\GitHub\jinchuang\data\loan_1576\face_signing.jpg
loan_1691,loan_1994,0.5696633657189617,probability,,D:\GitHub\jinchuang\data\loan_1691\face_signing.jpg,D:\GitHub\jinchuang\data\loan_1994\face_signing.jpg
loan_1700,loan_2102,0.47798290451320224,probability,,D:\GitHub\jinchuang\data\loan_1700\face_signing.jpg,D:\GitHub\jinchuang\data\loan_2102\face_signing.jpg
loan_1706,loan_1922,0.6598856435328021,probability,,D:\GitHub\jinchuang\data\loan_1706\face_signing.jpg,D:\GitHub\jinchuang\data\loan_1922\face_signing.jpg
loan_1707,loan_1887,0.4984520356438281,probability,,D:\GitHub\jinchuang\data\loan_1707\face_signing.jpg,D:\GitHub\jinchuang\data\loan_1887\face_signing.jpg
loan_1708,loan_0593,0.5242601055897577,probability,,D:\GitHub\jinchuang\data\loan_1708\face_signing.jpg,D:\GitHub\jinchuang\data\loan_0593\face_signing.jpg
loan_1710,loan_1382,0.5240732340454012,probability,,D:\GitHub\jinchuang\data\loan_1710\face_signing.jpg,D:\GitHub\jinchuang\data\loan_1382\face_signing.jpg
loan_1713,loan_2015,0.666158816693346,probability,,D:\GitHub\jinchuang\data\loan_1713\face_signing.jpg,D:\GitHub\jinchuang\data\loan_2015\face_signing.jpg
loan_1714,loan_1851,0.6620697449945734,probability,,D:\GitHub\jinchuang\data\loan_1714\face_signing.jpg,D:\GitHub\jinchuang\data\loan_1851\face_signing.jpg
loan_1716,loan_1066,0.4687165376845667,probability,,D:\GitHub\jinchuang\data\loan_1716\face_signing.jpg,D:\GitHub\jinchuang\data\loan_1066\face_signing.jpg
loan_1717,loan_1949,0.4610915765261208,probability,,D:\GitHub\jinchuang\data\loan_1717\face_signing.jpg,D:\GitHub\jinchuang\data\loan_1949\face_signing.jpg
loan_1723,loan_0591,0.5464627249419144,probability,,D:\GitHub\jinchuang\data\loan_1723\face_signing.jpg,D:\GitHub\jinchuang\data\loan_0591\face_signing.jpg
loan_1727,loan_0801,0.4837147447613925,probability,,D:\GitHub\jinchuang\data\loan_1727\face_signing.jpg,D:\GitHub\jinchuang\data\loan_0801\face_signing.jpg
loan_1729,loan_3806,0.4311844280835168,probability,,D:\GitHub\jinchuang\data\loan_1729\face_signing.jpg,D:\GitHub\jinchuang\data\loan_3806\face_signing.jpg
loan_1730,loan_2457,0.4230172215289523,probability_and_visual_override,strong_mirror_evidence,D:\GitHub\jinchuang\data\loan_1730\face_signing.jpg,D:\GitHub\jinchuang\data\loan_2457\face_signing.jpg
loan_1730,loan_2097,0.47608316109276316,probability,,D:\GitHub\jinchuang\data\loan_1730\face_signing.jpg,D:\GitHub\jinchuang\data\loan_2097\face_signing.jpg
loan_1735,loan_0916,0.49654483776629293,probability,,D:\GitHub\jinchuang\data\loan_1735\face_signing.jpg,D:\GitHub\jinchuang\data\loan_0916\face_signing.jpg
loan_1736,loan_0716,0.6205762109235938,probability,,D:\GitHub\jinchuang\data\loan_1736\face_signing.jpg,D:\GitHub\jinchuang\data\loan_0716\face_signing.jpg
loan_1736,loan_1577,0.408082449104672,visual_override,strong_mirror_evidence,D:\GitHub\jinchuang\data\loan_1736\face_signing.jpg,D:\GitHub\jinchuang\data\loan_1577\face_signing.jpg
loan_1736,loan_3929,0.5740596693817595,probability,,D:\GitHub\jinchuang\data\loan_1736\face_signing.jpg,D:\GitHub\jinchuang\data\loan_3929\face_signing.jpg
loan_1737,loan_0475,0.5263010341237323,probability,,D:\GitHub\jinchuang\data\loan_1737\face_signing.jpg,D:\GitHub\jinchuang\data\loan_0475\face_signing.jpg
loan_1738,loan_2115,0.4775130829821765,probability,,D:\GitHub\jinchuang\data\loan_1738\face_signing.jpg,D:\GitHub\jinchuang\data\loan_2115\face_signing.jpg
loan_1742,loan_0479,0.46109852677980945,probability,,D:\GitHub\jinchuang\data\loan_1742\face_signing.jpg,D:\GitHub\jinchuang\data\loan_0479\face_signing.jpg
loan_1754,loan_1240,0.42373406971803673,probability,,D:\GitHub\jinchuang\data\loan_1754\face_signing.jpg,D:\GitHub\jinchuang\data\loan_1240\face_signing.jpg
loan_1754,loan_0360,0.4750328705135405,probability_and_visual_override,strong_mirror_evidence,D:\GitHub\jinchuang\data\loan_1754\face_signing.jpg,D:\GitHub\jinchuang\data\loan_0360\face_signing.jpg
loan_1755,loan_0946,0.50167472650471,probability,,D:\GitHub\jinchuang\data\loan_1755\face_signing.jpg,D:\GitHub\jinchuang\data\loan_0946\face_signing.jpg
loan_1768,loan_1773,0.42862533791234064,probability,,D:\GitHub\jinchuang\data\loan_1768\face_signing.jpg,D:\GitHub\jinchuang\data\loan_1773\face_signing.jpg
loan_1769,loan_1162,0.48294098632787613,probability,,D:\GitHub\jinchuang\data\loan_1769\face_signing.jpg,D:\GitHub\jinchuang\data\loan_1162\face_signing.jpg
loan_1771,loan_3789,0.4369120893809263,probability,,D:\GitHub\jinchuang\data\loan_1771\face_signing.jpg,D:\GitHub\jinchuang\data\loan_3789\face_signing.jpg
loan_1772,loan_1621,0.45971416925667463,probability,,D:\GitHub\jinchuang\data\loan_1772\face_signing.jpg,D:\GitHub\jinchuang\data\loan_1621\face_signing.jpg
loan_1773,loan_1768,0.42862533791234064,probability,,D:\GitHub\jinchuang\data\loan_1773\face_signing.jpg,D:\GitHub\jinchuang\data\loan_1768\face_signing.jpg
loan_1774,loan_1225,0.519549350402759,probability,,D:\GitHub\jinchuang\data\loan_1774\face_signing.jpg,D:\GitHub\jinchuang\data\loan_1225\face_signing.jpg
loan_1775,loan_0504,0.45081806718309936,probability,,D:\GitHub\jinchuang\data\loan_1775\face_signing.jpg,D:\GitHub\jinchuang\data\loan_0504\face_signing.jpg
loan_1776,loan_1814,0.43579610919981426,probability_and_visual_override,strong_mirror_evidence,D:\GitHub\jinchuang\data\loan_1776\face_signing.jpg,D:\GitHub\jinchuang\data\loan_1814\face_signing.jpg
loan_1777,loan_0586,0.47710295647064005,probability_and_visual_override,strong_mirror_evidence,D:\GitHub\jinchuang\data\loan_1777\face_signing.jpg,D:\GitHub\jinchuang\data\loan_0586\face_signing.jpg
loan_1779,loan_2139,0.5961723180425481,probability,,D:\GitHub\jinchuang\data\loan_1779\face_signing.jpg,D:\GitHub\jinchuang\data\loan_2139\face_signing.jpg
loan_1784,loan_0627,0.5930267169377476,probability,,D:\GitHub\jinchuang\data\loan_1784\face_signing.jpg,D:\GitHub\jinchuang\data\loan_0627\face_signing.jpg
loan_1784,loan_3891,0.42232410093884,probability_and_visual_override,strong_mirror_evidence,D:\GitHub\jinchuang\data\loan_1784\face_signing.jpg,D:\GitHub\jinchuang\data\loan_3891\face_signing.jpg
loan_1785,loan_0556,0.43671133082235614,probability,,D:\GitHub\jinchuang\data\loan_1785\face_signing.jpg,D:\GitHub\jinchuang\data\loan_0556\face_signing.jpg
loan_1786,loan_0110,0.4998611749159201,probability,,D:\GitHub\jinchuang\data\loan_1786\face_signing.jpg,D:\GitHub\jinchuang\data\loan_0110\face_signing.jpg
loan_1786,loan_3079,0.4355859953330539,probability,,D:\GitHub\jinchuang\data\loan_1786\face_signing.jpg,D:\GitHub\jinchuang\data\loan_3079\face_signing.jpg
loan_1787,loan_1794,0.5957047497946723,probability,,D:\GitHub\jinchuang\data\loan_1787\face_signing.jpg,D:\GitHub\jinchuang\data\loan_1794\face_signing.jpg
loan_1788,loan_4077,0.5075709734300663,probability,,D:\GitHub\jinchuang\data\loan_1788\face_signing.jpg,D:\GitHub\jinchuang\data\loan_4077\face_signing.jpg
loan_1792,loan_0234,0.421394733573444,probability,,D:\GitHub\jinchuang\data\loan_1792\face_signing.jpg,D:\GitHub\jinchuang\data\loan_0234\face_signing.jpg
loan_1793,loan_0247,0.635500216614084,probability,,D:\GitHub\jinchuang\data\loan_1793\face_signing.jpg,D:\GitHub\jinchuang\data\loan_0247\face_signing.jpg
loan_1794,loan_1787,0.5957047497946723,probability,,D:\GitHub\jinchuang\data\loan_1794\face_signing.jpg,D:\GitHub\jinchuang\data\loan_1787\face_signing.jpg
loan_1797,loan_1983,0.558603362434472,probability,,D:\GitHub\jinchuang\data\loan_1797\face_signing.jpg,D:\GitHub\jinchuang\data\loan_1983\face_signing.jpg
loan_1799,loan_1900,0.5599926922305473,probability,,D:\GitHub\jinchuang\data\loan_1799\face_signing.jpg,D:\GitHub\jinchuang\data\loan_1900\face_signing.jpg
loan_1801,loan_0505,0.46661742260867156,probability,,D:\GitHub\jinchuang\data\loan_1801\face_signing.jpg,D:\GitHub\jinchuang\data\loan_0505\face_signing.jpg
loan_1802,loan_1456,0.45631422839741953,probability,,D:\GitHub\jinchuang\data\loan_1802\face_signing.jpg,D:\GitHub\jinchuang\data\loan_1456\face_signing.jpg
loan_1811,loan_1575,0.5082117736829148,probability,,D:\GitHub\jinchuang\data\loan_1811\face_signing.jpg,D:\GitHub\jinchuang\data\loan_1575\face_signing.jpg
loan_1813,loan_1459,0.5081972280909149,probability,,D:\GitHub\jinchuang\data\loan_1813\face_signing.jpg,D:\GitHub\jinchuang\data\loan_1459\face_signing.jpg
loan_1814,loan_1776,0.43579610919981426,probability_and_visual_override,strong_mirror_evidence,D:\GitHub\jinchuang\data\loan_1814\face_signing.jpg,D:\GitHub\jinchuang\data\loan_1776\face_signing.jpg
loan_1819,loan_3851,0.4284389822692991,probability,,D:\GitHub\jinchuang\data\loan_1819\face_signing.jpg,D:\GitHub\jinchuang\data\loan_3851\face_signing.jpg
loan_1820,loan_0763,0.5627587686165925,probability,,D:\GitHub\jinchuang\data\loan_1820\face_signing.jpg,D:\GitHub\jinchuang\data\loan_0763\face_signing.jpg
loan_1821,loan_0996,0.43049602621614347,probability,,D:\GitHub\jinchuang\data\loan_1821\face_signing.jpg,D:\GitHub\jinchuang\data\loan_0996\face_signing.jpg
loan_1825,loan_1907,0.42130359097176284,probability,,D:\GitHub\jinchuang\data\loan_1825\face_signing.jpg,D:\GitHub\jinchuang\data\loan_1907\face_signing.jpg
loan_1826,loan_1199,0.535284202775871,probability,,D:\GitHub\jinchuang\data\loan_1826\face_signing.jpg,D:\GitHub\jinchuang\data\loan_1199\face_signing.jpg
loan_1827,loan_0588,0.45908521410289016,probability,,D:\GitHub\jinchuang\data\loan_1827\face_signing.jpg,D:\GitHub\jinchuang\data\loan_0588\face_signing.jpg
loan_1829,loan_2133,0.4451403432589659,probability,,D:\GitHub\jinchuang\data\loan_1829\face_signing.jpg,D:\GitHub\jinchuang\data\loan_2133\face_signing.jpg
loan_1831,loan_2141,0.46407522472270823,probability,,D:\GitHub\jinchuang\data\loan_1831\face_signing.jpg,D:\GitHub\jinchuang\data\loan_2141\face_signing.jpg
loan_1834,loan_2066,0.5313660156500573,probability,,D:\GitHub\jinchuang\data\loan_1834\face_signing.jpg,D:\GitHub\jinchuang\data\loan_2066\face_signing.jpg
loan_1837,loan_1553,0.5165377903654675,probability,,D:\GitHub\jinchuang\data\loan_1837\face_signing.jpg,D:\GitHub\jinchuang\data\loan_1553\face_signing.jpg
loan_1838,loan_0632,0.6387103850643632,probability,,D:\GitHub\jinchuang\data\loan_1838\face_signing.jpg,D:\GitHub\jinchuang\data\loan_0632\face_signing.jpg
loan_1840,loan_2052,0.5043482692587425,probability,,D:\GitHub\jinchuang\data\loan_1840\face_signing.jpg,D:\GitHub\jinchuang\data\loan_2052\face_signing.jpg
loan_1842,loan_3903,0.6641418219295997,probability,,D:\GitHub\jinchuang\data\loan_1842\face_signing.jpg,D:\GitHub\jinchuang\data\loan_3903\face_signing.jpg
loan_1846,loan_0781,0.426385244619697,probability,,D:\GitHub\jinchuang\data\loan_1846\face_signing.jpg,D:\GitHub\jinchuang\data\loan_0781\face_signing.jpg
loan_1848,loan_0459,0.4724057521249694,probability,,D:\GitHub\jinchuang\data\loan_1848\face_signing.jpg,D:\GitHub\jinchuang\data\loan_0459\face_signing.jpg
loan_1851,loan_1714,0.6620697449945734,probability,,D:\GitHub\jinchuang\data\loan_1851\face_signing.jpg,D:\GitHub\jinchuang\data\loan_1714\face_signing.jpg
loan_1857,loan_0706,0.5132405357721094,probability_and_visual_override,strong_mirror_evidence,D:\GitHub\jinchuang\data\loan_1857\face_signing.jpg,D:\GitHub\jinchuang\data\loan_0706\face_signing.jpg
loan_1866,loan_0451,0.5622294521236939,probability,,D:\GitHub\jinchuang\data\loan_1866\face_signing.jpg,D:\GitHub\jinchuang\data\loan_0451\face_signing.jpg
loan_1873,loan_1647,0.5560718496031736,probability,,D:\GitHub\jinchuang\data\loan_1873\face_signing.jpg,D:\GitHub\jinchuang\data\loan_1647\face_signing.jpg
loan_1875,loan_0370,0.5690358358635966,probability,,D:\GitHub\jinchuang\data\loan_1875\face_signing.jpg,D:\GitHub\jinchuang\data\loan_0370\face_signing.jpg
loan_1882,loan_3926,0.49036266640531523,probability,,D:\GitHub\jinchuang\data\loan_1882\face_signing.jpg,D:\GitHub\jinchuang\data\loan_3926\face_signing.jpg
loan_1887,loan_1707,0.4984520356438281,probability,,D:\GitHub\jinchuang\data\loan_1887\face_signing.jpg,D:\GitHub\jinchuang\data\loan_1707\face_signing.jpg
loan_1888,loan_3622,0.4548913394926091,probability_and_visual_override,strong_mirror_evidence,D:\GitHub\jinchuang\data\loan_1888\face_signing.jpg,D:\GitHub\jinchuang\data\loan_3622\face_signing.jpg
loan_1889,loan_1429,0.4846182658064689,probability,,D:\GitHub\jinchuang\data\loan_1889\face_signing.jpg,D:\GitHub\jinchuang\data\loan_1429\face_signing.jpg
loan_1895,loan_3976,0.7687288107530377,probability,,D:\GitHub\jinchuang\data\loan_1895\face_signing.jpg,D:\GitHub\jinchuang\data\loan_3976\face_signing.jpg
loan_1895,loan_0930,0.5276258409694721,probability,,D:\GitHub\jinchuang\data\loan_1895\face_signing.jpg,D:\GitHub\jinchuang\data\loan_0930\face_signing.jpg
loan_1896,loan_0436,0.4804681974489979,probability,,D:\GitHub\jinchuang\data\loan_1896\face_signing.jpg,D:\GitHub\jinchuang\data\loan_0436\face_signing.jpg
loan_1900,loan_1799,0.5599926922305473,probability,,D:\GitHub\jinchuang\data\loan_1900\face_signing.jpg,D:\GitHub\jinchuang\data\loan_1799\face_signing.jpg
loan_1901,loan_3587,0.4375265850044826,probability,,D:\GitHub\jinchuang\data\loan_1901\face_signing.jpg,D:\GitHub\jinchuang\data\loan_3587\face_signing.jpg
loan_1902,loan_0977,0.5688878871281282,probability,,D:\GitHub\jinchuang\data\loan_1902\face_signing.jpg,D:\GitHub\jinchuang\data\loan_0977\face_signing.jpg
loan_1903,loan_1923,0.4917179821704383,probability,,D:\GitHub\jinchuang\data\loan_1903\face_signing.jpg,D:\GitHub\jinchuang\data\loan_1923\face_signing.jpg
loan_1906,loan_0101,0.4761822716926252,probability,,D:\GitHub\jinchuang\data\loan_1906\face_signing.jpg,D:\GitHub\jinchuang\data\loan_0101\face_signing.jpg
loan_1907,loan_1825,0.42130359097176284,probability,,D:\GitHub\jinchuang\data\loan_1907\face_signing.jpg,D:\GitHub\jinchuang\data\loan_1825\face_signing.jpg
loan_1912,loan_0684,0.4408346721938698,probability,,D:\GitHub\jinchuang\data\loan_1912\face_signing.jpg,D:\GitHub\jinchuang\data\loan_0684\face_signing.jpg
loan_1915,loan_1420,0.4238595304440101,probability,,D:\GitHub\jinchuang\data\loan_1915\face_signing.jpg,D:\GitHub\jinchuang\data\loan_1420\face_signing.jpg
loan_1917,loan_0686,0.41165060803785797,visual_override,strong_mirror_evidence,D:\GitHub\jinchuang\data\loan_1917\face_signing.jpg,D:\GitHub\jinchuang\data\loan_0686\face_signing.jpg
loan_1918,loan_2101,0.4953016656612127,probability,,D:\GitHub\jinchuang\data\loan_1918\face_signing.jpg,D:\GitHub\jinchuang\data\loan_2101\face_signing.jpg
loan_1922,loan_1706,0.6598856435328021,probability,,D:\GitHub\jinchuang\data\loan_1922\face_signing.jpg,D:\GitHub\jinchuang\data\loan_1706\face_signing.jpg
loan_1923,loan_1903,0.4917179821704383,probability,,D:\GitHub\jinchuang\data\loan_1923\face_signing.jpg,D:\GitHub\jinchuang\data\loan_1903\face_signing.jpg
loan_1924,loan_2065,0.4345844602533952,probability,,D:\GitHub\jinchuang\data\loan_1924\face_signing.jpg,D:\GitHub\jinchuang\data\loan_2065\face_signing.jpg
loan_1930,loan_0428,0.44504270886101255,probability,,D:\GitHub\jinchuang\data\loan_1930\face_signing.jpg,D:\GitHub\jinchuang\data\loan_0428\face_signing.jpg
loan_1931,loan_0476,0.5055118424326179,probability,,D:\GitHub\jinchuang\data\loan_1931\face_signing.jpg,D:\GitHub\jinchuang\data\loan_0476\face_signing.jpg
loan_1938,loan_0567,0.4789319082587084,probability,,D:\GitHub\jinchuang\data\loan_1938\face_signing.jpg,D:\GitHub\jinchuang\data\loan_0567\face_signing.jpg
loan_1938,loan_3863,0.684142702959999,probability,,D:\GitHub\jinchuang\data\loan_1938\face_signing.jpg,D:\GitHub\jinchuang\data\loan_3863\face_signing.jpg
loan_1948,loan_0185,0.5569684563624752,probability,,D:\GitHub\jinchuang\data\loan_1948\face_signing.jpg,D:\GitHub\jinchuang\data\loan_0185\face_signing.jpg
loan_1949,loan_1717,0.4610915765261208,probability,,D:\GitHub\jinchuang\data\loan_1949\face_signing.jpg,D:\GitHub\jinchuang\data\loan_1717\face_signing.jpg
loan_1952,loan_0731,0.44909517213444283,probability,,D:\GitHub\jinchuang\data\loan_1952\face_signing.jpg,D:\GitHub\jinchuang\data\loan_0731\face_signing.jpg
loan_1956,loan_0461,0.5604687729153646,probability,,D:\GitHub\jinchuang\data\loan_1956\face_signing.jpg,D:\GitHub\jinchuang\data\loan_0461\face_signing.jpg
loan_1966,loan_1543,0.5141199918795899,probability,,D:\GitHub\jinchuang\data\loan_1966\face_signing.jpg,D:\GitHub\jinchuang\data\loan_1543\face_signing.jpg
loan_1974,loan_0694,0.4687817351693606,probability,,D:\GitHub\jinchuang\data\loan_1974\face_signing.jpg,D:\GitHub\jinchuang\data\loan_0694\face_signing.jpg
loan_1976,loan_2131,0.6117411827512084,probability,,D:\GitHub\jinchuang\data\loan_1976\face_signing.jpg,D:\GitHub\jinchuang\data\loan_2131\face_signing.jpg
loan_1978,loan_1651,0.4509834587516699,probability,,D:\GitHub\jinchuang\data\loan_1978\face_signing.jpg,D:\GitHub\jinchuang\data\loan_1651\face_signing.jpg
loan_1980,loan_4062,0.45581370892142276,probability,,D:\GitHub\jinchuang\data\loan_1980\face_signing.jpg,D:\GitHub\jinchuang\data\loan_4062\face_signing.jpg
loan_1983,loan_1797,0.558603362434472,probability,,D:\GitHub\jinchuang\data\loan_1983\face_signing.jpg,D:\GitHub\jinchuang\data\loan_1797\face_signing.jpg
loan_1984,loan_0154,0.5487537470035109,probability,,D:\GitHub\jinchuang\data\loan_1984\face_signing.jpg,D:\GitHub\jinchuang\data\loan_0154\face_signing.jpg
loan_1986,loan_0345,0.5028050770269561,probability,,D:\GitHub\jinchuang\data\loan_1986\face_signing.jpg,D:\GitHub\jinchuang\data\loan_0345\face_signing.jpg
loan_1990,loan_0949,0.5682819172814042,probability,,D:\GitHub\jinchuang\data\loan_1990\face_signing.jpg,D:\GitHub\jinchuang\data\loan_0949\face_signing.jpg
loan_1991,loan_1551,0.4521660215378937,probability,,D:\GitHub\jinchuang\data\loan_1991\face_signing.jpg,D:\GitHub\jinchuang\data\loan_1551\face_signing.jpg
loan_1994,loan_1691,0.5696633657189617,probability,,D:\GitHub\jinchuang\data\loan_1994\face_signing.jpg,D:\GitHub\jinchuang\data\loan_1691\face_signing.jpg
loan_2010,loan_0518,0.49009376849602054,probability,,D:\GitHub\jinchuang\data\loan_2010\face_signing.jpg,D:\GitHub\jinchuang\data\loan_0518\face_signing.jpg
loan_2014,loan_0676,0.4289196975251929,probability,,D:\GitHub\jinchuang\data\loan_2014\face_signing.jpg,D:\GitHub\jinchuang\data\loan_0676\face_signing.jpg
loan_2015,loan_1713,0.666158816693346,probability,,D:\GitHub\jinchuang\data\loan_2015\face_signing.jpg,D:\GitHub\jinchuang\data\loan_1713\face_signing.jpg
loan_2020,loan_3839,0.4234245036913523,probability,,D:\GitHub\jinchuang\data\loan_2020\face_signing.jpg,D:\GitHub\jinchuang\data\loan_3839\face_signing.jpg
loan_2022,loan_0551,0.5610728883044893,probability,,D:\GitHub\jinchuang\data\loan_2022\face_signing.jpg,D:\GitHub\jinchuang\data\loan_0551\face_signing.jpg
loan_2025,loan_1252,0.5328524350852212,probability,,D:\GitHub\jinchuang\data\loan_2025\face_signing.jpg,D:\GitHub\jinchuang\data\loan_1252\face_signing.jpg
loan_2026,loan_0962,0.5385950411129904,probability,,D:\GitHub\jinchuang\data\loan_2026\face_signing.jpg,D:\GitHub\jinchuang\data\loan_0962\face_signing.jpg
loan_2028,loan_1140,0.3806685051953118,visual_override,strong_mirror_evidence,D:\GitHub\jinchuang\data\loan_2028\face_signing.jpg,D:\GitHub\jinchuang\data\loan_1140\face_signing.jpg
loan_2042,loan_0433,0.5333637191783547,probability,,D:\GitHub\jinchuang\data\loan_2042\face_signing.jpg,D:\GitHub\jinchuang\data\loan_0433\face_signing.jpg
loan_2046,loan_0572,0.6219622281955305,probability,,D:\GitHub\jinchuang\data\loan_2046\face_signing.jpg,D:\GitHub\jinchuang\data\loan_0572\face_signing.jpg
loan_2047,loan_0867,0.5901253337086462,probability,,D:\GitHub\jinchuang\data\loan_2047\face_signing.jpg,D:\GitHub\jinchuang\data\loan_0867\face_signing.jpg
loan_2049,loan_0387,0.5709398480172879,probability,,D:\GitHub\jinchuang\data\loan_2049\face_signing.jpg,D:\GitHub\jinchuang\data\loan_0387\face_signing.jpg
loan_2049,loan_3753,0.46336107357848366,probability,,D:\GitHub\jinchuang\data\loan_2049\face_signing.jpg,D:\GitHub\jinchuang\data\loan_3753\face_signing.jpg
loan_2052,loan_1840,0.5043482692587425,probability,,D:\GitHub\jinchuang\data\loan_2052\face_signing.jpg,D:\GitHub\jinchuang\data\loan_1840\face_signing.jpg
loan_2054,loan_0327,0.46293694365427657,probability_and_visual_override,strong_mirror_evidence,D:\GitHub\jinchuang\data\loan_2054\face_signing.jpg,D:\GitHub\jinchuang\data\loan_0327\face_signing.jpg
loan_2060,loan_2472,0.4354652823478299,probability_and_visual_override,strong_mirror_evidence,D:\GitHub\jinchuang\data\loan_2060\face_signing.jpg,D:\GitHub\jinchuang\data\loan_2472\face_signing.jpg
loan_2060,loan_2074,0.5122855030025558,probability,,D:\GitHub\jinchuang\data\loan_2060\face_signing.jpg,D:\GitHub\jinchuang\data\loan_2074\face_signing.jpg
loan_2062,loan_0503,0.6364742187346983,probability,,D:\GitHub\jinchuang\data\loan_2062\face_signing.jpg,D:\GitHub\jinchuang\data\loan_0503\face_signing.jpg
loan_2063,loan_0570,0.6557717338939737,probability,,D:\GitHub\jinchuang\data\loan_2063\face_signing.jpg,D:\GitHub\jinchuang\data\loan_0570\face_signing.jpg
loan_2065,loan_1924,0.4345844602533952,probability,,D:\GitHub\jinchuang\data\loan_2065\face_signing.jpg,D:\GitHub\jinchuang\data\loan_1924\face_signing.jpg
loan_2066,loan_1834,0.5313660156500573,probability,,D:\GitHub\jinchuang\data\loan_2066\face_signing.jpg,D:\GitHub\jinchuang\data\loan_1834\face_signing.jpg
loan_2073,loan_1094,0.5191339627754711,probability,,D:\GitHub\jinchuang\data\loan_2073\face_signing.jpg,D:\GitHub\jinchuang\data\loan_1094\face_signing.jpg
loan_2074,loan_2060,0.5122855030025558,probability,,D:\GitHub\jinchuang\data\loan_2074\face_signing.jpg,D:\GitHub\jinchuang\data\loan_2060\face_signing.jpg
loan_2080,loan_0495,0.4498102293469338,probability_and_visual_override,strong_mirror_evidence,D:\GitHub\jinchuang\data\loan_2080\face_signing.jpg,D:\GitHub\jinchuang\data\loan_0495\face_signing.jpg
loan_2086,loan_0576,0.5959068263501454,probability,,D:\GitHub\jinchuang\data\loan_2086\face_signing.jpg,D:\GitHub\jinchuang\data\loan_0576\face_signing.jpg
loan_2087,loan_1656,0.6182491210389767,probability,,D:\GitHub\jinchuang\data\loan_2087\face_signing.jpg,D:\GitHub\jinchuang\data\loan_1656\face_signing.jpg
loan_2095,loan_0658,0.5830831126784494,probability,,D:\GitHub\jinchuang\data\loan_2095\face_signing.jpg,D:\GitHub\jinchuang\data\loan_0658\face_signing.jpg
loan_2097,loan_1730,0.47608316109276316,probability,,D:\GitHub\jinchuang\data\loan_2097\face_signing.jpg,D:\GitHub\jinchuang\data\loan_1730\face_signing.jpg
loan_2098,loan_0860,0.46397826512629964,probability,,D:\GitHub\jinchuang\data\loan_2098\face_signing.jpg,D:\GitHub\jinchuang\data\loan_0860\face_signing.jpg
loan_2099,loan_3966,0.4645739800048846,probability,,D:\GitHub\jinchuang\data\loan_2099\face_signing.jpg,D:\GitHub\jinchuang\data\loan_3966\face_signing.jpg
loan_2100,loan_1508,0.5656870043660056,probability,,D:\GitHub\jinchuang\data\loan_2100\face_signing.jpg,D:\GitHub\jinchuang\data\loan_1508\face_signing.jpg
loan_2101,loan_1918,0.4953016656612127,probability,,D:\GitHub\jinchuang\data\loan_2101\face_signing.jpg,D:\GitHub\jinchuang\data\loan_1918\face_signing.jpg
loan_2102,loan_1700,0.47798290451320224,probability,,D:\GitHub\jinchuang\data\loan_2102\face_signing.jpg,D:\GitHub\jinchuang\data\loan_1700\face_signing.jpg
loan_2105,loan_1070,0.44582283250448085,probability,,D:\GitHub\jinchuang\data\loan_2105\face_signing.jpg,D:\GitHub\jinchuang\data\loan_1070\face_signing.jpg
loan_2115,loan_1738,0.4775130829821765,probability,,D:\GitHub\jinchuang\data\loan_2115\face_signing.jpg,D:\GitHub\jinchuang\data\loan_1738\face_signing.jpg
loan_2119,loan_0480,0.6552836168669119,probability,,D:\GitHub\jinchuang\data\loan_2119\face_signing.jpg,D:\GitHub\jinchuang\data\loan_0480\face_signing.jpg
loan_2124,loan_0942,0.5192563704539949,probability,,D:\GitHub\jinchuang\data\loan_2124\face_signing.jpg,D:\GitHub\jinchuang\data\loan_0942\face_signing.jpg
loan_2125,loan_3767,0.4367978546976534,probability,,D:\GitHub\jinchuang\data\loan_2125\face_signing.jpg,D:\GitHub\jinchuang\data\loan_3767\face_signing.jpg
loan_2128,loan_1499,0.5001470224398374,probability,,D:\GitHub\jinchuang\data\loan_2128\face_signing.jpg,D:\GitHub\jinchuang\data\loan_1499\face_signing.jpg
loan_2131,loan_1976,0.6117411827512084,probability,,D:\GitHub\jinchuang\data\loan_2131\face_signing.jpg,D:\GitHub\jinchuang\data\loan_1976\face_signing.jpg
loan_2133,loan_1829,0.4451403432589659,probability,,D:\GitHub\jinchuang\data\loan_2133\face_signing.jpg,D:\GitHub\jinchuang\data\loan_1829\face_signing.jpg
loan_2135,loan_1015,0.42663811741727364,probability,,D:\GitHub\jinchuang\data\loan_2135\face_signing.jpg,D:\GitHub\jinchuang\data\loan_1015\face_signing.jpg
loan_2139,loan_1779,0.5961723180425481,probability,,D:\GitHub\jinchuang\data\loan_2139\face_signing.jpg,D:\GitHub\jinchuang\data\loan_1779\face_signing.jpg
loan_2140,loan_1681,0.5468585043906546,probability,,D:\GitHub\jinchuang\data\loan_2140\face_signing.jpg,D:\GitHub\jinchuang\data\loan_1681\face_signing.jpg
loan_2141,loan_1831,0.46407522472270823,probability,,D:\GitHub\jinchuang\data\loan_2141\face_signing.jpg,D:\GitHub\jinchuang\data\loan_1831\face_signing.jpg
loan_2146,loan_0490,0.6320782574248779,probability,,D:\GitHub\jinchuang\data\loan_2146\face_signing.jpg,D:\GitHub\jinchuang\data\loan_0490\face_signing.jpg
loan_2148,loan_0219,0.6729961693573496,probability,,D:\GitHub\jinchuang\data\loan_2148\face_signing.jpg,D:\GitHub\jinchuang\data\loan_0219\face_signing.jpg
loan_2152,loan_0330,0.47319827789215596,probability,,D:\GitHub\jinchuang\data\loan_2152\face_signing.jpg,D:\GitHub\jinchuang\data\loan_0330\face_signing.jpg
loan_2152,loan_3720,0.5602513925757056,probability,,D:\GitHub\jinchuang\data\loan_2152\face_signing.jpg,D:\GitHub\jinchuang\data\loan_3720\face_signing.jpg
loan_2153,loan_1110,0.5111529417381877,probability,,D:\GitHub\jinchuang\data\loan_2153\face_signing.jpg,D:\GitHub\jinchuang\data\loan_1110\face_signing.jpg
loan_2155,loan_4013,0.4782527692213993,probability,,D:\GitHub\jinchuang\data\loan_2155\face_signing.jpg,D:\GitHub\jinchuang\data\loan_4013\face_signing.jpg
loan_2162,loan_4011,0.48140592141917254,probability,,D:\GitHub\jinchuang\data\loan_2162\face_signing.jpg,D:\GitHub\jinchuang\data\loan_4011\face_signing.jpg
loan_2162,loan_1270,0.5444194411717798,probability,,D:\GitHub\jinchuang\data\loan_2162\face_signing.jpg,D:\GitHub\jinchuang\data\loan_1270\face_signing.jpg
loan_2167,loan_1644,0.5523159232068026,probability,,D:\GitHub\jinchuang\data\loan_2167\face_signing.jpg,D:\GitHub\jinchuang\data\loan_1644\face_signing.jpg
loan_2170,loan_1079,0.4819994545223205,probability,,D:\GitHub\jinchuang\data\loan_2170\face_signing.jpg,D:\GitHub\jinchuang\data\loan_1079\face_signing.jpg
loan_2184,loan_1435,0.6131035195777793,probability,,D:\GitHub\jinchuang\data\loan_2184\face_signing.jpg,D:\GitHub\jinchuang\data\loan_1435\face_signing.jpg
loan_2186,loan_0937,0.4297326289264521,probability,,D:\GitHub\jinchuang\data\loan_2186\face_signing.jpg,D:\GitHub\jinchuang\data\loan_0937\face_signing.jpg
loan_2191,loan_0346,0.5488443242630097,probability,,D:\GitHub\jinchuang\data\loan_2191\face_signing.jpg,D:\GitHub\jinchuang\data\loan_0346\face_signing.jpg
loan_2199,loan_0095,0.409132222160321,visual_override,strong_mirror_evidence,D:\GitHub\jinchuang\data\loan_2199\face_signing.jpg,D:\GitHub\jinchuang\data\loan_0095\face_signing.jpg
loan_2217,loan_3187,0.5500770251893026,probability,,D:\GitHub\jinchuang\data\loan_2217\face_signing.jpg,D:\GitHub\jinchuang\data\loan_3187\face_signing.jpg
loan_2333,loan_0411,0.4534326847029419,probability_and_visual_override,strong_mirror_evidence,D:\GitHub\jinchuang\data\loan_2333\face_signing.jpg,D:\GitHub\jinchuang\data\loan_0411\face_signing.jpg
loan_2360,loan_0533,0.4529414603055642,probability_and_visual_override,strong_mirror_evidence,D:\GitHub\jinchuang\data\loan_2360\face_signing.jpg,D:\GitHub\jinchuang\data\loan_0533\face_signing.jpg
loan_2375,loan_3887,0.49670183926796785,probability,,D:\GitHub\jinchuang\data\loan_2375\face_signing.jpg,D:\GitHub\jinchuang\data\loan_3887\face_signing.jpg
loan_2386,loan_0680,0.38297984509565036,visual_override,strong_mirror_evidence,D:\GitHub\jinchuang\data\loan_2386\face_signing.jpg,D:\GitHub\jinchuang\data\loan_0680\face_signing.jpg
loan_2396,loan_3935,0.45544372486961265,probability,,D:\GitHub\jinchuang\data\loan_2396\face_signing.jpg,D:\GitHub\jinchuang\data\loan_3935\face_signing.jpg
loan_2417,loan_0977,0.4299218568559508,probability_and_visual_override,strong_mirror_evidence,D:\GitHub\jinchuang\data\loan_2417\face_signing.jpg,D:\GitHub\jinchuang\data\loan_0977\face_signing.jpg
loan_2436,loan_4055,0.46092778143360524,probability,,D:\GitHub\jinchuang\data\loan_2436\face_signing.jpg,D:\GitHub\jinchuang\data\loan_4055\face_signing.jpg
loan_2441,loan_1543,0.42962973971792073,probability_and_visual_override,strong_mirror_evidence,D:\GitHub\jinchuang\data\loan_2441\face_signing.jpg,D:\GitHub\jinchuang\data\loan_1543\face_signing.jpg
loan_2457,loan_1730,0.4230172215289523,probability_and_visual_override,strong_mirror_evidence,D:\GitHub\jinchuang\data\loan_2457\face_signing.jpg,D:\GitHub\jinchuang\data\loan_1730\face_signing.jpg
loan_2472,loan_2060,0.4354652823478299,probability_and_visual_override,strong_mirror_evidence,D:\GitHub\jinchuang\data\loan_2472\face_signing.jpg,D:\GitHub\jinchuang\data\loan_2060\face_signing.jpg
loan_2475,loan_3528,0.4988232022933661,probability,,D:\GitHub\jinchuang\data\loan_2475\face_signing.jpg,D:\GitHub\jinchuang\data\loan_3528\face_signing.jpg
loan_2491,loan_4139,0.49880337154923604,probability,,D:\GitHub\jinchuang\data\loan_2491\face_signing.jpg,D:\GitHub\jinchuang\data\loan_4139\face_signing.jpg
loan_2508,loan_4184,0.5656177665717148,probability,,D:\GitHub\jinchuang\data\loan_2508\face_signing.jpg,D:\GitHub\jinchuang\data\loan_4184\face_signing.jpg
loan_2517,loan_4211,0.7331852284039614,probability,,D:\GitHub\jinchuang\data\loan_2517\face_signing.jpg,D:\GitHub\jinchuang\data\loan_4211\face_signing.jpg
loan_2523,loan_3201,0.557196315026191,probability,,D:\GitHub\jinchuang\data\loan_2523\face_signing.jpg,D:\GitHub\jinchuang\data\loan_3201\face_signing.jpg
loan_2525,loan_3557,0.5107083052900415,probability,,D:\GitHub\jinchuang\data\loan_2525\face_signing.jpg,D:\GitHub\jinchuang\data\loan_3557\face_signing.jpg
loan_2525,loan_3206,0.45910493702544714,probability,,D:\GitHub\jinchuang\data\loan_2525\face_signing.jpg,D:\GitHub\jinchuang\data\loan_3206\face_signing.jpg
loan_2795,loan_0300,0.47628288639752864,probability,,D:\GitHub\jinchuang\data\loan_2795\face_signing.jpg,D:\GitHub\jinchuang\data\loan_0300\face_signing.jpg
loan_3046,loan_4050,0.7915694263558822,probability,,D:\GitHub\jinchuang\data\loan_3046\face_signing.jpg,D:\GitHub\jinchuang\data\loan_4050\face_signing.jpg
loan_3079,loan_1786,0.4355859953330539,probability,,D:\GitHub\jinchuang\data\loan_3079\face_signing.jpg,D:\GitHub\jinchuang\data\loan_1786\face_signing.jpg
loan_3084,loan_3241,0.488418527514114,probability,,D:\GitHub\jinchuang\data\loan_3084\face_signing.jpg,D:\GitHub\jinchuang\data\loan_3241\face_signing.jpg
loan_3087,loan_0423,0.42880922502885715,probability,,D:\GitHub\jinchuang\data\loan_3087\face_signing.jpg,D:\GitHub\jinchuang\data\loan_0423\face_signing.jpg
loan_3100,loan_3535,0.4672719060657831,probability,,D:\GitHub\jinchuang\data\loan_3100\face_signing.jpg,D:\GitHub\jinchuang\data\loan_3535\face_signing.jpg
loan_3101,loan_3266,0.5563022828996196,probability,,D:\GitHub\jinchuang\data\loan_3101\face_signing.jpg,D:\GitHub\jinchuang\data\loan_3266\face_signing.jpg
loan_3123,loan_4060,0.6938250224680025,probability,,D:\GitHub\jinchuang\data\loan_3123\face_signing.jpg,D:\GitHub\jinchuang\data\loan_4060\face_signing.jpg
loan_3156,loan_3546,0.7151088889701435,probability,,D:\GitHub\jinchuang\data\loan_3156\face_signing.jpg,D:\GitHub\jinchuang\data\loan_3546\face_signing.jpg
loan_3187,loan_2217,0.5500770251893026,probability,,D:\GitHub\jinchuang\data\loan_3187\face_signing.jpg,D:\GitHub\jinchuang\data\loan_2217\face_signing.jpg
loan_3191,loan_3554,0.818637836654063,probability,,D:\GitHub\jinchuang\data\loan_3191\face_signing.jpg,D:\GitHub\jinchuang\data\loan_3554\face_signing.jpg
loan_3201,loan_2523,0.557196315026191,probability,,D:\GitHub\jinchuang\data\loan_3201\face_signing.jpg,D:\GitHub\jinchuang\data\loan_2523\face_signing.jpg
loan_3206,loan_2525,0.45910493702544714,probability,,D:\GitHub\jinchuang\data\loan_3206\face_signing.jpg,D:\GitHub\jinchuang\data\loan_2525\face_signing.jpg
loan_3215,loan_3560,0.45560343500281925,probability,,D:\GitHub\jinchuang\data\loan_3215\face_signing.jpg,D:\GitHub\jinchuang\data\loan_3560\face_signing.jpg
loan_3233,loan_1453,0.5083477790427254,probability,,D:\GitHub\jinchuang\data\loan_3233\face_signing.jpg,D:\GitHub\jinchuang\data\loan_1453\face_signing.jpg
loan_3241,loan_4115,0.7428954786463727,probability,,D:\GitHub\jinchuang\data\loan_3241\face_signing.jpg,D:\GitHub\jinchuang\data\loan_4115\face_signing.jpg
loan_3249,loan_3564,0.48111303042031706,probability,,D:\GitHub\jinchuang\data\loan_3249\face_signing.jpg,D:\GitHub\jinchuang\data\loan_3564\face_signing.jpg
loan_3264,loan_3568,0.6001954621166837,probability,,D:\GitHub\jinchuang\data\loan_3264\face_signing.jpg,D:\GitHub\jinchuang\data\loan_3568\face_signing.jpg
loan_3266,loan_3101,0.5563022828996196,probability,,D:\GitHub\jinchuang\data\loan_3266\face_signing.jpg,D:\GitHub\jinchuang\data\loan_3101\face_signing.jpg
loan_3267,loan_4139,0.8195377493460103,probability,,D:\GitHub\jinchuang\data\loan_3267\face_signing.jpg,D:\GitHub\jinchuang\data\loan_4139\face_signing.jpg
loan_3528,loan_2475,0.4988232022933661,probability,,D:\GitHub\jinchuang\data\loan_3528\face_signing.jpg,D:\GitHub\jinchuang\data\loan_2475\face_signing.jpg
loan_3533,loan_4120,0.8332752181779081,probability,,D:\GitHub\jinchuang\data\loan_3533\face_signing.jpg,D:\GitHub\jinchuang\data\loan_4120\face_signing.jpg
loan_3535,loan_3100,0.4672719060657831,probability,,D:\GitHub\jinchuang\data\loan_3535\face_signing.jpg,D:\GitHub\jinchuang\data\loan_3100\face_signing.jpg
loan_3536,loan_4133,0.6259321679142054,probability,,D:\GitHub\jinchuang\data\loan_3536\face_signing.jpg,D:\GitHub\jinchuang\data\loan_4133\face_signing.jpg
loan_3546,loan_4187,0.43908680529079397,probability,,D:\GitHub\jinchuang\data\loan_3546\face_signing.jpg,D:\GitHub\jinchuang\data\loan_4187\face_signing.jpg
loan_3546,loan_3156,0.7151088889701435,probability,,D:\GitHub\jinchuang\data\loan_3546\face_signing.jpg,D:\GitHub\jinchuang\data\loan_3156\face_signing.jpg
loan_3547,loan_4191,0.5752449289009637,probability,,D:\GitHub\jinchuang\data\loan_3547\face_signing.jpg,D:\GitHub\jinchuang\data\loan_4191\face_signing.jpg
loan_3554,loan_3191,0.818637836654063,probability,,D:\GitHub\jinchuang\data\loan_3554\face_signing.jpg,D:\GitHub\jinchuang\data\loan_3191\face_signing.jpg
loan_3557,loan_2525,0.5107083052900415,probability,,D:\GitHub\jinchuang\data\loan_3557\face_signing.jpg,D:\GitHub\jinchuang\data\loan_2525\face_signing.jpg
loan_3560,loan_3215,0.45560343500281925,probability,,D:\GitHub\jinchuang\data\loan_3560\face_signing.jpg,D:\GitHub\jinchuang\data\loan_3215\face_signing.jpg
loan_3564,loan_3249,0.48111303042031706,probability,,D:\GitHub\jinchuang\data\loan_3564\face_signing.jpg,D:\GitHub\jinchuang\data\loan_3249\face_signing.jpg
loan_3568,loan_3264,0.6001954621166837,probability,,D:\GitHub\jinchuang\data\loan_3568\face_signing.jpg,D:\GitHub\jinchuang\data\loan_3264\face_signing.jpg
loan_3587,loan_1901,0.4375265850044826,probability,,D:\GitHub\jinchuang\data\loan_3587\face_signing.jpg,D:\GitHub\jinchuang\data\loan_1901\face_signing.jpg
loan_3622,loan_1888,0.4548913394926091,probability_and_visual_override,strong_mirror_evidence,D:\GitHub\jinchuang\data\loan_3622\face_signing.jpg,D:\GitHub\jinchuang\data\loan_1888\face_signing.jpg
loan_3698,loan_3981,0.4988871616786235,probability,,D:\GitHub\jinchuang\data\loan_3698\face_signing.jpg,D:\GitHub\jinchuang\data\loan_3981\face_signing.jpg
loan_3720,loan_2152,0.5602513925757056,probability,,D:\GitHub\jinchuang\data\loan_3720\face_signing.jpg,D:\GitHub\jinchuang\data\loan_2152\face_signing.jpg
loan_3753,loan_2049,0.46336107357848366,probability,,D:\GitHub\jinchuang\data\loan_3753\face_signing.jpg,D:\GitHub\jinchuang\data\loan_2049\face_signing.jpg
loan_3767,loan_2125,0.4367978546976534,probability,,D:\GitHub\jinchuang\data\loan_3767\face_signing.jpg,D:\GitHub\jinchuang\data\loan_2125\face_signing.jpg
loan_3772,loan_1680,0.5246550320987451,probability,,D:\GitHub\jinchuang\data\loan_3772\face_signing.jpg,D:\GitHub\jinchuang\data\loan_1680\face_signing.jpg
loan_3775,loan_4057,0.43571293534535865,probability,,D:\GitHub\jinchuang\data\loan_3775\face_signing.jpg,D:\GitHub\jinchuang\data\loan_4057\face_signing.jpg
loan_3789,loan_1771,0.4369120893809263,probability,,D:\GitHub\jinchuang\data\loan_3789\face_signing.jpg,D:\GitHub\jinchuang\data\loan_1771\face_signing.jpg
loan_3806,loan_1729,0.4311844280835168,probability,,D:\GitHub\jinchuang\data\loan_3806\face_signing.jpg,D:\GitHub\jinchuang\data\loan_1729\face_signing.jpg
loan_3839,loan_2020,0.4234245036913523,probability,,D:\GitHub\jinchuang\data\loan_3839\face_signing.jpg,D:\GitHub\jinchuang\data\loan_2020\face_signing.jpg
loan_3851,loan_1819,0.4284389822692991,probability,,D:\GitHub\jinchuang\data\loan_3851\face_signing.jpg,D:\GitHub\jinchuang\data\loan_1819\face_signing.jpg
loan_3863,loan_1938,0.684142702959999,probability,,D:\GitHub\jinchuang\data\loan_3863\face_signing.jpg,D:\GitHub\jinchuang\data\loan_1938\face_signing.jpg
loan_3873,loan_4042,0.5354170663710498,probability,,D:\GitHub\jinchuang\data\loan_3873\face_signing.jpg,D:\GitHub\jinchuang\data\loan_4042\face_signing.jpg
loan_3887,loan_2375,0.49670183926796785,probability,,D:\GitHub\jinchuang\data\loan_3887\face_signing.jpg,D:\GitHub\jinchuang\data\loan_2375\face_signing.jpg
loan_3891,loan_1784,0.42232410093884,probability_and_visual_override,strong_mirror_evidence,D:\GitHub\jinchuang\data\loan_3891\face_signing.jpg,D:\GitHub\jinchuang\data\loan_1784\face_signing.jpg
loan_3903,loan_1842,0.6641418219295997,probability,,D:\GitHub\jinchuang\data\loan_3903\face_signing.jpg,D:\GitHub\jinchuang\data\loan_1842\face_signing.jpg
loan_3926,loan_1882,0.49036266640531523,probability,,D:\GitHub\jinchuang\data\loan_3926\face_signing.jpg,D:\GitHub\jinchuang\data\loan_1882\face_signing.jpg
loan_3929,loan_1736,0.5740596693817595,probability,,D:\GitHub\jinchuang\data\loan_3929\face_signing.jpg,D:\GitHub\jinchuang\data\loan_1736\face_signing.jpg
loan_3935,loan_2396,0.45544372486961265,probability,,D:\GitHub\jinchuang\data\loan_3935\face_signing.jpg,D:\GitHub\jinchuang\data\loan_2396\face_signing.jpg
loan_3966,loan_2099,0.4645739800048846,probability,,D:\GitHub\jinchuang\data\loan_3966\face_signing.jpg,D:\GitHub\jinchuang\data\loan_2099\face_signing.jpg
loan_3976,loan_1895,0.7687288107530377,probability,,D:\GitHub\jinchuang\data\loan_3976\face_signing.jpg,D:\GitHub\jinchuang\data\loan_1895\face_signing.jpg
loan_3981,loan_3698,0.4988871616786235,probability,,D:\GitHub\jinchuang\data\loan_3981\face_signing.jpg,D:\GitHub\jinchuang\data\loan_3698\face_signing.jpg
loan_4011,loan_2162,0.48140592141917254,probability,,D:\GitHub\jinchuang\data\loan_4011\face_signing.jpg,D:\GitHub\jinchuang\data\loan_2162\face_signing.jpg
loan_4013,loan_2155,0.4782527692213993,probability,,D:\GitHub\jinchuang\data\loan_4013\face_signing.jpg,D:\GitHub\jinchuang\data\loan_2155\face_signing.jpg
loan_4040,loan_1388,0.5643200377382581,probability,,D:\GitHub\jinchuang\data\loan_4040\face_signing.jpg,D:\GitHub\jinchuang\data\loan_1388\face_signing.jpg
loan_4042,loan_3873,0.5354170663710498,probability,,D:\GitHub\jinchuang\data\loan_4042\face_signing.jpg,D:\GitHub\jinchuang\data\loan_3873\face_signing.jpg
loan_4050,loan_0077,0.5831956699208459,probability,,D:\GitHub\jinchuang\data\loan_4050\face_signing.jpg,D:\GitHub\jinchuang\data\loan_0077\face_signing.jpg
loan_4050,loan_3046,0.7915694263558822,probability,,D:\GitHub\jinchuang\data\loan_4050\face_signing.jpg,D:\GitHub\jinchuang\data\loan_3046\face_signing.jpg
loan_4055,loan_2436,0.46092778143360524,probability,,D:\GitHub\jinchuang\data\loan_4055\face_signing.jpg,D:\GitHub\jinchuang\data\loan_2436\face_signing.jpg
loan_4057,loan_3775,0.43571293534535865,probability,,D:\GitHub\jinchuang\data\loan_4057\face_signing.jpg,D:\GitHub\jinchuang\data\loan_3775\face_signing.jpg
loan_4060,loan_3123,0.6938250224680025,probability,,D:\GitHub\jinchuang\data\loan_4060\face_signing.jpg,D:\GitHub\jinchuang\data\loan_3123\face_signing.jpg
loan_4062,loan_1980,0.45581370892142276,probability,,D:\GitHub\jinchuang\data\loan_4062\face_signing.jpg,D:\GitHub\jinchuang\data\loan_1980\face_signing.jpg
loan_4077,loan_1788,0.5075709734300663,probability,,D:\GitHub\jinchuang\data\loan_4077\face_signing.jpg,D:\GitHub\jinchuang\data\loan_1788\face_signing.jpg
loan_4105,loan_1504,0.5411002359957776,probability,,D:\GitHub\jinchuang\data\loan_4105\face_signing.jpg,D:\GitHub\jinchuang\data\loan_1504\face_signing.jpg
loan_4115,loan_3241,0.7428954786463727,probability,,D:\GitHub\jinchuang\data\loan_4115\face_signing.jpg,D:\GitHub\jinchuang\data\loan_3241\face_signing.jpg
loan_4120,loan_3533,0.8332752181779081,probability,,D:\GitHub\jinchuang\data\loan_4120\face_signing.jpg,D:\GitHub\jinchuang\data\loan_3533\face_signing.jpg
loan_4120,loan_1324,0.5102993598581083,probability,,D:\GitHub\jinchuang\data\loan_4120\face_signing.jpg,D:\GitHub\jinchuang\data\loan_1324\face_signing.jpg
loan_4126,loan_1145,0.456393406479277,probability,,D:\GitHub\jinchuang\data\loan_4126\face_signing.jpg,D:\GitHub\jinchuang\data\loan_1145\face_signing.jpg
loan_4133,loan_3536,0.6259321679142054,probability,,D:\GitHub\jinchuang\data\loan_4133\face_signing.jpg,D:\GitHub\jinchuang\data\loan_3536\face_signing.jpg
loan_4139,loan_2491,0.49880337154923604,probability,,D:\GitHub\jinchuang\data\loan_4139\face_signing.jpg,D:\GitHub\jinchuang\data\loan_2491\face_signing.jpg
loan_4184,loan_2508,0.5656177665717148,probability,,D:\GitHub\jinchuang\data\loan_4184\face_signing.jpg,D:\GitHub\jinchuang\data\loan_2508\face_signing.jpg
loan_4187,loan_3546,0.43908680529079397,probability,,D:\GitHub\jinchuang\data\loan_4187\face_signing.jpg,D:\GitHub\jinchuang\data\loan_3546\face_signing.jpg
loan_4211,loan_2517,0.7331852284039614,probability,,D:\GitHub\jinchuang\data\loan_4211\face_signing.jpg,D:\GitHub\jinchuang\data\loan_2517\face_signing.jpg
loan_4215,loan_0552,0.4959463061321399,probability,,D:\GitHub\jinchuang\data\loan_4215\face_signing.jpg,D:\GitHub\jinchuang\data\loan_0552\face_signing.jpg
