query_loan_id,query_path,match_loan_id,match_path,rank,cosine_similarity,risk_level
loan_001,D:\GitHub\jinchuang\23-多模态技术与数据治理赛道-基于多模态大模型的金融影像智能相似度检测模型\基于多模态大模型的金融影像智能相似度检测模型\loan_001\face_signing.jpg,loan_051,D:\GitHub\jinchuang\23-多模态技术与数据治理赛道-基于多模态大模型的金融影像智能相似度检测模型\基于多模态大模型的金融影像智能相似度检测模型\loan_051\face_signing.jpg,1,0.9409357309341431,medium
loan_001,D:\GitHub\jinchuang\23-多模态技术与数据治理赛道-基于多模态大模型的金融影像智能相似度检测模型\基于多模态大模型的金融影像智能相似度检测模型\loan_001\face_signing.jpg,loan_004,D:\GitHub\jinchuang\23-多模态技术与数据治理赛道-基于多模态大模型的金融影像智能相似度检测模型\基于多模态大模型的金融影像智能相似度检测模型\loan_004\face_signing.jpg,2,0.9380770921707153,medium
loan_001,D:\GitHub\jinchuang\23-多模态技术与数据治理赛道-基于多模态大模型的金融影像智能相似度检测模型\基于多模态大模型的金融影像智能相似度检测模型\loan_001\face_signing.jpg,loan_002,D:\GitHub\jinchuang\23-多模态技术与数据治理赛道-基于多模态大模型的金融影像智能相似度检测模型\基于多模态大模型的金融影像智能相似度检测模型\loan_002\face_signing.jpg,3,0.9370507597923279,medium
loan_001,D:\GitHub\jinchuang\23-多模态技术与数据治理赛道-基于多模态大模型的金融影像智能相似度检测模型\基于多模态大模型的金融影像智能相似度检测模型\loan_001\face_signing.jpg,loan_059,D:\GitHub\jinchuang\23-多模态技术与数据治理赛道-基于多模态大模型的金融影像智能相似度检测模型\基于多模态大模型的金融影像智能相似度检测模型\loan_059\face_signing.jpg,4,0.916311502456665,low
loan_001,D:\GitHub\jinchuang\23-多模态技术与数据治理赛道-基于多模态大模型的金融影像智能相似度检测模型\基于多模态大模型的金融影像智能相似度检测模型\loan_001\face_signing.jpg,loan_016,D:\GitHub\jinchuang\23-多模态技术与数据治理赛道-基于多模态大模型的金融影像智能相似度检测模型\基于多模态大模型的金融影像智能相似度检测模型\loan_016\face_signing.jpg,5,0.915921688079834,low
loan_002,D:\GitHub\jinchuang\23-多模态技术与数据治理赛道-基于多模态大模型的金融影像智能相似度检测模型\基于多模态大模型的金融影像智能相似度检测模型\loan_002\face_signing.jpg,loan_051,D:\GitHub\jinchuang\23-多模态技术与数据治理赛道-基于多模态大模型的金融影像智能相似度检测模型\基于多模态大模型的金融影像智能相似度检测模型\loan_051\face_signing.jpg,1,0.9753119349479675,high
loan_002,D:\GitHub\jinchuang\23-多模态技术与数据治理赛道-基于多模态大模型的金融影像智能相似度检测模型\基于多模态大模型的金融影像智能相似度检测模型\loan_002\face_signing.jpg,loan_004,D:\GitHub\jinchuang\23-多模态技术与数据治理赛道-基于多模态大模型的金融影像智能相似度检测模型\基于多模态大模型的金融影像智能相似度检测模型\loan_004\face_signing.jpg,2,0.9545402526855469,medium
loan_002,D:\GitHub\jinchuang\23-多模态技术与数据治理赛道-基于多模态大模型的金融影像智能相似度检测模型\基于多模态大模型的金融影像智能相似度检测模型\loan_002\face_signing.jpg,loan_001,D:\GitHub\jinchuang\23-多模态技术与数据治理赛道-基于多模态大模型的金融影像智能相似度检测模型\基于多模态大模型的金融影像智能相似度检测模型\loan_001\face_signing.jpg,3,0.9370507597923279,medium
loan_002,D:\GitHub\jinchuang\23-多模态技术与数据治理赛道-基于多模态大模型的金融影像智能相似度检测模型\基于多模态大模型的金融影像智能相似度检测模型\loan_002\face_signing.jpg,loan_010,D:\GitHub\jinchuang\23-多模态技术与数据治理赛道-基于多模态大模型的金融影像智能相似度检测模型\基于多模态大模型的金融影像智能相似度检测模型\loan_010\face_signing.jpg,4,0.9223650693893433,low
loan_002,D:\GitHub\jinchuang\23-多模态技术与数据治理赛道-基于多模态大模型的金融影像智能相似度检测模型\基于多模态大模型的金融影像智能相似度检测模型\loan_002\face_signing.jpg,loan_035,D:\GitHub\jinchuang\23-多模态技术与数据治理赛道-基于多模态大模型的金融影像智能相似度检测模型\基于多模态大模型的金融影像智能相似度检测模型\loan_035\face_signing.jpg,5,0.9143170118331909,low
loan_003,D:\GitHub\jinchuang\23-多模态技术与数据治理赛道-基于多模态大模型的金融影像智能相似度检测模型\基于多模态大模型的金融影像智能相似度检测模型\loan_003\face_signing.jpg,loan_005,D:\GitHub\jinchuang\23-多模态技术与数据治理赛道-基于多模态大模型的金融影像智能相似度检测模型\基于多模态大模型的金融影像智能相似度检测模型\loan_005\face_signing.jpg,1,0.9633510112762451,medium
loan_003,D:\GitHub\jinchuang\23-多模态技术与数据治理赛道-基于多模态大模型的金融影像智能相似度检测模型\基于多模态大模型的金融影像智能相似度检测模型\loan_003\face_signing.jpg,loan_008,D:\GitHub\jinchuang\23-多模态技术与数据治理赛道-基于多模态大模型的金融影像智能相似度检测模型\基于多模态大模型的金融影像智能相似度检测模型\loan_008\face_signing.jpg,2,0.9527286291122437,medium
loan_003,D:\GitHub\jinchuang\23-多模态技术与数据治理赛道-基于多模态大模型的金融影像智能相似度检测模型\基于多模态大模型的金融影像智能相似度检测模型\loan_003\face_signing.jpg,loan_011,D:\GitHub\jinchuang\23-多模态技术与数据治理赛道-基于多模态大模型的金融影像智能相似度检测模型\基于多模态大模型的金融影像智能相似度检测模型\loan_011\face_signing.jpg,3,0.9526364803314209,medium
loan_003,D:\GitHub\jinchuang\23-多模态技术与数据治理赛道-基于多模态大模型的金融影像智能相似度检测模型\基于多模态大模型的金融影像智能相似度检测模型\loan_003\face_signing.jpg,loan_009,D:\GitHub\jinchuang\23-多模态技术与数据治理赛道-基于多模态大模型的金融影像智能相似度检测模型\基于多模态大模型的金融影像智能相似度检测模型\loan_009\face_signing.jpg,4,0.9510425329208374,medium
loan_003,D:\GitHub\jinchuang\23-多模态技术与数据治理赛道-基于多模态大模型的金融影像智能相似度检测模型\基于多模态大模型的金融影像智能相似度检测模型\loan_003\face_signing.jpg,loan_052,D:\GitHub\jinchuang\23-多模态技术与数据治理赛道-基于多模态大模型的金融影像智能相似度检测模型\基于多模态大模型的金融影像智能相似度检测模型\loan_052\face_signing.jpg,5,0.9503746032714844,medium
loan_004,D:\GitHub\jinchuang\23-多模态技术与数据治理赛道-基于多模态大模型的金融影像智能相似度检测模型\基于多模态大模型的金融影像智能相似度检测模型\loan_004\face_signing.jpg,loan_002,D:\GitHub\jinchuang\23-多模态技术与数据治理赛道-基于多模态大模型的金融影像智能相似度检测模型\基于多模态大模型的金融影像智能相似度检测模型\loan_002\face_signing.jpg,1,0.9545402526855469,medium
loan_004,D:\GitHub\jinchuang\23-多模态技术与数据治理赛道-基于多模态大模型的金融影像智能相似度检测模型\基于多模态大模型的金融影像智能相似度检测模型\loan_004\face_signing.jpg,loan_051,D:\GitHub\jinchuang\23-多模态技术与数据治理赛道-基于多模态大模型的金融影像智能相似度检测模型\基于多模态大模型的金融影像智能相似度检测模型\loan_051\face_signing.jpg,2,0.9520628452301025,medium
loan_004,D:\GitHub\jinchuang\23-多模态技术与数据治理赛道-基于多模态大模型的金融影像智能相似度检测模型\基于多模态大模型的金融影像智能相似度检测模型\loan_004\face_signing.jpg,loan_001,D:\GitHub\jinchuang\23-多模态技术与数据治理赛道-基于多模态大模型的金融影像智能相似度检测模型\基于多模态大模型的金融影像智能相似度检测模型\loan_001\face_signing.jpg,3,0.9380770921707153,medium
loan_004,D:\GitHub\jinchuang\23-多模态技术与数据治理赛道-基于多模态大模型的金融影像智能相似度检测模型\基于多模态大模型的金融影像智能相似度检测模型\loan_004\face_signing.jpg,loan_040,D:\GitHub\jinchuang\23-多模态技术与数据治理赛道-基于多模态大模型的金融影像智能相似度检测模型\基于多模态大模型的金融影像智能相似度检测模型\loan_040\face_signing.jpg,4,0.9306654930114746,medium
loan_004,D:\GitHub\jinchuang\23-多模态技术与数据治理赛道-基于多模态大模型的金融影像智能相似度检测模型\基于多模态大模型的金融影像智能相似度检测模型\loan_004\face_signing.jpg,loan_030,D:\GitHub\jinchuang\23-多模态技术与数据治理赛道-基于多模态大模型的金融影像智能相似度检测模型\基于多模态大模型的金融影像智能相似度检测模型\loan_030\face_signing.jpg,5,0.9288517236709595,low
loan_005,D:\GitHub\jinchuang\23-多模态技术与数据治理赛道-基于多模态大模型的金融影像智能相似度检测模型\基于多模态大模型的金融影像智能相似度检测模型\loan_005\face_signing.jpg,loan_052,D:\GitHub\jinchuang\23-多模态技术与数据治理赛道-基于多模态大模型的金融影像智能相似度检测模型\基于多模态大模型的金融影像智能相似度检测模型\loan_052\face_signing.jpg,1,0.9747554659843445,high
loan_005,D:\GitHub\jinchuang\23-多模态技术与数据治理赛道-基于多模态大模型的金融影像智能相似度检测模型\基于多模态大模型的金融影像智能相似度检测模型\loan_005\face_signing.jpg,loan_003,D:\GitHub\jinchuang\23-多模态技术与数据治理赛道-基于多模态大模型的金融影像智能相似度检测模型\基于多模态大模型的金融影像智能相似度检测模型\loan_003\face_signing.jpg,2,0.9633510112762451,medium
loan_005,D:\GitHub\jinchuang\23-多模态技术与数据治理赛道-基于多模态大模型的金融影像智能相似度检测模型\基于多模态大模型的金融影像智能相似度检测模型\loan_005\face_signing.jpg,loan_008,D:\GitHub\jinchuang\23-多模态技术与数据治理赛道-基于多模态大模型的金融影像智能相似度检测模型\基于多模态大模型的金融影像智能相似度检测模型\loan_008\face_signing.jpg,3,0.9618053436279297,medium
loan_005,D:\GitHub\jinchuang\23-多模态技术与数据治理赛道-基于多模态大模型的金融影像智能相似度检测模型\基于多模态大模型的金融影像智能相似度检测模型\loan_005\face_signing.jpg,loan_009,D:\GitHub\jinchuang\23-多模态技术与数据治理赛道-基于多模态大模型的金融影像智能相似度检测模型\基于多模态大模型的金融影像智能相似度检测模型\loan_009\face_signing.jpg,4,0.9499593377113342,medium
loan_005,D:\GitHub\jinchuang\23-多模态技术与数据治理赛道-基于多模态大模型的金融影像智能相似度检测模型\基于多模态大模型的金融影像智能相似度检测模型\loan_005\face_signing.jpg,loan_011,D:\GitHub\jinchuang\23-多模态技术与数据治理赛道-基于多模态大模型的金融影像智能相似度检测模型\基于多模态大模型的金融影像智能相似度检测模型\loan_011\face_signing.jpg,5,0.9408692121505737,medium
loan_006,D:\GitHub\jinchuang\23-多模态技术与数据治理赛道-基于多模态大模型的金融影像智能相似度检测模型\基于多模态大模型的金融影像智能相似度检测模型\loan_006\face_signing.jpg,loan_047,D:\GitHub\jinchuang\23-多模态技术与数据治理赛道-基于多模态大模型的金融影像智能相似度检测模型\基于多模态大模型的金融影像智能相似度检测模型\loan_047\face_signing.jpg,1,0.9406509399414062,medium
loan_006,D:\GitHub\jinchuang\23-多模态技术与数据治理赛道-基于多模态大模型的金融影像智能相似度检测模型\基于多模态大模型的金融影像智能相似度检测模型\loan_006\face_signing.jpg,loan_038,D:\GitHub\jinchuang\23-多模态技术与数据治理赛道-基于多模态大模型的金融影像智能相似度检测模型\基于多模态大模型的金融影像智能相似度检测模型\loan_038\face_signing.jpg,2,0.9315801858901978,medium
loan_006,D:\GitHub\jinchuang\23-多模态技术与数据治理赛道-基于多模态大模型的金融影像智能相似度检测模型\基于多模态大模型的金融影像智能相似度检测模型\loan_006\face_signing.jpg,loan_024,D:\GitHub\jinchuang\23-多模态技术与数据治理赛道-基于多模态大模型的金融影像智能相似度检测模型\基于多模态大模型的金融影像智能相似度检测模型\loan_024\face_signing.jpg,3,0.9231809377670288,low
loan_006,D:\GitHub\jinchuang\23-多模态技术与数据治理赛道-基于多模态大模型的金融影像智能相似度检测模型\基于多模态大模型的金融影像智能相似度检测模型\loan_006\face_signing.jpg,loan_073,D:\GitHub\jinchuang\23-多模态技术与数据治理赛道-基于多模态大模型的金融影像智能相似度检测模型\基于多模态大模型的金融影像智能相似度检测模型\loan_073\face_signing.jpg,4,0.9179515838623047,low
loan_006,D:\GitHub\jinchuang\23-多模态技术与数据治理赛道-基于多模态大模型的金融影像智能相似度检测模型\基于多模态大模型的金融影像智能相似度检测模型\loan_006\face_signing.jpg,loan_001,D:\GitHub\jinchuang\23-多模态技术与数据治理赛道-基于多模态大模型的金融影像智能相似度检测模型\基于多模态大模型的金融影像智能相似度检测模型\loan_001\face_signing.jpg,5,0.9149821996688843,low
loan_007,D:\GitHub\jinchuang\23-多模态技术与数据治理赛道-基于多模态大模型的金融影像智能相似度检测模型\基于多模态大模型的金融影像智能相似度检测模型\loan_007\face_signing.jpg,loan_009,D:\GitHub\jinchuang\23-多模态技术与数据治理赛道-基于多模态大模型的金融影像智能相似度检测模型\基于多模态大模型的金融影像智能相似度检测模型\loan_009\face_signing.jpg,1,0.9505079388618469,medium
loan_007,D:\GitHub\jinchuang\23-多模态技术与数据治理赛道-基于多模态大模型的金融影像智能相似度检测模型\基于多模态大模型的金融影像智能相似度检测模型\loan_007\face_signing.jpg,loan_003,D:\GitHub\jinchuang\23-多模态技术与数据治理赛道-基于多模态大模型的金融影像智能相似度检测模型\基于多模态大模型的金融影像智能相似度检测模型\loan_003\face_signing.jpg,2,0.9408255219459534,medium
loan_007,D:\GitHub\jinchuang\23-多模态技术与数据治理赛道-基于多模态大模型的金融影像智能相似度检测模型\基于多模态大模型的金融影像智能相似度检测模型\loan_007\face_signing.jpg,loan_005,D:\GitHub\jinchuang\23-多模态技术与数据治理赛道-基于多模态大模型的金融影像智能相似度检测模型\基于多模态大模型的金融影像智能相似度检测模型\loan_005\face_signing.jpg,3,0.9400877952575684,medium
loan_007,D:\GitHub\jinchuang\23-多模态技术与数据治理赛道-基于多模态大模型的金融影像智能相似度检测模型\基于多模态大模型的金融影像智能相似度检测模型\loan_007\face_signing.jpg,loan_008,D:\GitHub\jinchuang\23-多模态技术与数据治理赛道-基于多模态大模型的金融影像智能相似度检测模型\基于多模态大模型的金融影像智能相似度检测模型\loan_008\face_signing.jpg,4,0.9299185276031494,low
loan_007,D:\GitHub\jinchuang\23-多模态技术与数据治理赛道-基于多模态大模型的金融影像智能相似度检测模型\基于多模态大模型的金融影像智能相似度检测模型\loan_007\face_signing.jpg,loan_015,D:\GitHub\jinchuang\23-多模态技术与数据治理赛道-基于多模态大模型的金融影像智能相似度检测模型\基于多模态大模型的金融影像智能相似度检测模型\loan_015\face_signing.jpg,5,0.9294437766075134,low
loan_008,D:\GitHub\jinchuang\23-多模态技术与数据治理赛道-基于多模态大模型的金融影像智能相似度检测模型\基于多模态大模型的金融影像智能相似度检测模型\loan_008\face_signing.jpg,loan_005,D:\GitHub\jinchuang\23-多模态技术与数据治理赛道-基于多模态大模型的金融影像智能相似度检测模型\基于多模态大模型的金融影像智能相似度检测模型\loan_005\face_signing.jpg,1,0.9618053436279297,medium
loan_008,D:\GitHub\jinchuang\23-多模态技术与数据治理赛道-基于多模态大模型的金融影像智能相似度检测模型\基于多模态大模型的金融影像智能相似度检测模型\loan_008\face_signing.jpg,loan_003,D:\GitHub\jinchuang\23-多模态技术与数据治理赛道-基于多模态大模型的金融影像智能相似度检测模型\基于多模态大模型的金融影像智能相似度检测模型\loan_003\face_signing.jpg,2,0.9527286291122437,medium
loan_008,D:\GitHub\jinchuang\23-多模态技术与数据治理赛道-基于多模态大模型的金融影像智能相似度检测模型\基于多模态大模型的金融影像智能相似度检测模型\loan_008\face_signing.jpg,loan_052,D:\GitHub\jinchuang\23-多模态技术与数据治理赛道-基于多模态大模型的金融影像智能相似度检测模型\基于多模态大模型的金融影像智能相似度检测模型\loan_052\face_signing.jpg,3,0.9510906338691711,medium
loan_008,D:\GitHub\jinchuang\23-多模态技术与数据治理赛道-基于多模态大模型的金融影像智能相似度检测模型\基于多模态大模型的金融影像智能相似度检测模型\loan_008\face_signing.jpg,loan_018,D:\GitHub\jinchuang\23-多模态技术与数据治理赛道-基于多模态大模型的金融影像智能相似度检测模型\基于多模态大模型的金融影像智能相似度检测模型\loan_018\face_signing.jpg,4,0.936455488204956,medium
loan_008,D:\GitHub\jinchuang\23-多模态技术与数据治理赛道-基于多模态大模型的金融影像智能相似度检测模型\基于多模态大模型的金融影像智能相似度检测模型\loan_008\face_signing.jpg,loan_053,D:\GitHub\jinchuang\23-多模态技术与数据治理赛道-基于多模态大模型的金融影像智能相似度检测模型\基于多模态大模型的金融影像智能相似度检测模型\loan_053\face_signing.jpg,5,0.9357720017433167,medium
loan_009,D:\GitHub\jinchuang\23-多模态技术与数据治理赛道-基于多模态大模型的金融影像智能相似度检测模型\基于多模态大模型的金融影像智能相似度检测模型\loan_009\face_signing.jpg,loan_003,D:\GitHub\jinchuang\23-多模态技术与数据治理赛道-基于多模态大模型的金融影像智能相似度检测模型\基于多模态大模型的金融影像智能相似度检测模型\loan_003\face_signing.jpg,1,0.9510425329208374,medium
loan_009,D:\GitHub\jinchuang\23-多模态技术与数据治理赛道-基于多模态大模型的金融影像智能相似度检测模型\基于多模态大模型的金融影像智能相似度检测模型\loan_009\face_signing.jpg,loan_007,D:\GitHub\jinchuang\23-多模态技术与数据治理赛道-基于多模态大模型的金融影像智能相似度检测模型\基于多模态大模型的金融影像智能相似度检测模型\loan_007\face_signing.jpg,2,0.9505079388618469,medium
loan_009,D:\GitHub\jinchuang\23-多模态技术与数据治理赛道-基于多模态大模型的金融影像智能相似度检测模型\基于多模态大模型的金融影像智能相似度检测模型\loan_009\face_signing.jpg,loan_005,D:\GitHub\jinchuang\23-多模态技术与数据治理赛道-基于多模态大模型的金融影像智能相似度检测模型\基于多模态大模型的金融影像智能相似度检测模型\loan_005\face_signing.jpg,3,0.9499593377113342,medium
loan_009,D:\GitHub\jinchuang\23-多模态技术与数据治理赛道-基于多模态大模型的金融影像智能相似度检测模型\基于多模态大模型的金融影像智能相似度检测模型\loan_009\face_signing.jpg,loan_011,D:\GitHub\jinchuang\23-多模态技术与数据治理赛道-基于多模态大模型的金融影像智能相似度检测模型\基于多模态大模型的金融影像智能相似度检测模型\loan_011\face_signing.jpg,4,0.9434486627578735,medium
loan_009,D:\GitHub\jinchuang\23-多模态技术与数据治理赛道-基于多模态大模型的金融影像智能相似度检测模型\基于多模态大模型的金融影像智能相似度检测模型\loan_009\face_signing.jpg,loan_015,D:\GitHub\jinchuang\23-多模态技术与数据治理赛道-基于多模态大模型的金融影像智能相似度检测模型\基于多模态大模型的金融影像智能相似度检测模型\loan_015\face_signing.jpg,5,0.9355660676956177,medium
loan_010,D:\GitHub\jinchuang\23-多模态技术与数据治理赛道-基于多模态大模型的金融影像智能相似度检测模型\基于多模态大模型的金融影像智能相似度检测模型\loan_010\face_signing.jpg,loan_026,D:\GitHub\jinchuang\23-多模态技术与数据治理赛道-基于多模态大模型的金融影像智能相似度检测模型\基于多模态大模型的金融影像智能相似度检测模型\loan_026\face_signing.jpg,1,0.9502846598625183,medium
loan_010,D:\GitHub\jinchuang\23-多模态技术与数据治理赛道-基于多模态大模型的金融影像智能相似度检测模型\基于多模态大模型的金融影像智能相似度检测模型\loan_010\face_signing.jpg,loan_036,D:\GitHub\jinchuang\23-多模态技术与数据治理赛道-基于多模态大模型的金融影像智能相似度检测模型\基于多模态大模型的金融影像智能相似度检测模型\loan_036\face_signing.jpg,2,0.9484935998916626,medium
loan_010,D:\GitHub\jinchuang\23-多模态技术与数据治理赛道-基于多模态大模型的金融影像智能相似度检测模型\基于多模态大模型的金融影像智能相似度检测模型\loan_010\face_signing.jpg,loan_033,D:\GitHub\jinchuang\23-多模态技术与数据治理赛道-基于多模态大模型的金融影像智能相似度检测模型\基于多模态大模型的金融影像智能相似度检测模型\loan_033\face_signing.jpg,3,0.9441671371459961,medium
loan_010,D:\GitHub\jinchuang\23-多模态技术与数据治理赛道-基于多模态大模型的金融影像智能相似度检测模型\基于多模态大模型的金融影像智能相似度检测模型\loan_010\face_signing.jpg,loan_043,D:\GitHub\jinchuang\23-多模态技术与数据治理赛道-基于多模态大模型的金融影像智能相似度检测模型\基于多模态大模型的金融影像智能相似度检测模型\loan_043\face_signing.jpg,4,0.9384954571723938,medium
loan_010,D:\GitHub\jinchuang\23-多模态技术与数据治理赛道-基于多模态大模型的金融影像智能相似度检测模型\基于多模态大模型的金融影像智能相似度检测模型\loan_010\face_signing.jpg,loan_054,D:\GitHub\jinchuang\23-多模态技术与数据治理赛道-基于多模态大模型的金融影像智能相似度检测模型\基于多模态大模型的金融影像智能相似度检测模型\loan_054\face_signing.jpg,5,0.9366977214813232,medium
loan_011,D:\GitHub\jinchuang\23-多模态技术与数据治理赛道-基于多模态大模型的金融影像智能相似度检测模型\基于多模态大模型的金融影像智能相似度检测模型\loan_011\face_signing.jpg,loan_053,D:\GitHub\jinchuang\23-多模态技术与数据治理赛道-基于多模态大模型的金融影像智能相似度检测模型\基于多模态大模型的金融影像智能相似度检测模型\loan_053\face_signing.jpg,1,0.9836162328720093,high
loan_011,D:\GitHub\jinchuang\23-多模态技术与数据治理赛道-基于多模态大模型的金融影像智能相似度检测模型\基于多模态大模型的金融影像智能相似度检测模型\loan_011\face_signing.jpg,loan_054,D:\GitHub\jinchuang\23-多模态技术与数据治理赛道-基于多模态大模型的金融影像智能相似度检测模型\基于多模态大模型的金融影像智能相似度检测模型\loan_054\face_signing.jpg,2,0.9831632375717163,high
loan_011,D:\GitHub\jinchuang\23-多模态技术与数据治理赛道-基于多模态大模型的金融影像智能相似度检测模型\基于多模态大模型的金融影像智能相似度检测模型\loan_011\face_signing.jpg,loan_003,D:\GitHub\jinchuang\23-多模态技术与数据治理赛道-基于多模态大模型的金融影像智能相似度检测模型\基于多模态大模型的金融影像智能相似度检测模型\loan_003\face_signing.jpg,3,0.9526364803314209,medium
loan_011,D:\GitHub\jinchuang\23-多模态技术与数据治理赛道-基于多模态大模型的金融影像智能相似度检测模型\基于多模态大模型的金融影像智能相似度检测模型\loan_011\face_signing.jpg,loan_009,D:\GitHub\jinchuang\23-多模态技术与数据治理赛道-基于多模态大模型的金融影像智能相似度检测模型\基于多模态大模型的金融影像智能相似度检测模型\loan_009\face_signing.jpg,4,0.9434486627578735,medium
loan_011,D:\GitHub\jinchuang\23-多模态技术与数据治理赛道-基于多模态大模型的金融影像智能相似度检测模型\基于多模态大模型的金融影像智能相似度检测模型\loan_011\face_signing.jpg,loan_005,D:\GitHub\jinchuang\23-多模态技术与数据治理赛道-基于多模态大模型的金融影像智能相似度检测模型\基于多模态大模型的金融影像智能相似度检测模型\loan_005\face_signing.jpg,5,0.9408692121505737,medium
loan_012,D:\GitHub\jinchuang\23-多模态技术与数据治理赛道-基于多模态大模型的金融影像智能相似度检测模型\基于多模态大模型的金融影像智能相似度检测模型\loan_012\face_signing.jpg,loan_056,D:\GitHub\jinchuang\23-多模态技术与数据治理赛道-基于多模态大模型的金融影像智能相似度检测模型\基于多模态大模型的金融影像智能相似度检测模型\loan_056\face_signing.jpg,1,0.9756375551223755,high
loan_012,D:\GitHub\jinchuang\23-多模态技术与数据治理赛道-基于多模态大模型的金融影像智能相似度检测模型\基于多模态大模型的金融影像智能相似度检测模型\loan_012\face_signing.jpg,loan_055,D:\GitHub\jinchuang\23-多模态技术与数据治理赛道-基于多模态大模型的金融影像智能相似度检测模型\基于多模态大模型的金融影像智能相似度检测模型\loan_055\face_signing.jpg,2,0.972240686416626,high
loan_012,D:\GitHub\jinchuang\23-多模态技术与数据治理赛道-基于多模态大模型的金融影像智能相似度检测模型\基于多模态大模型的金融影像智能相似度检测模型\loan_012\face_signing.jpg,loan_022,D:\GitHub\jinchuang\23-多模态技术与数据治理赛道-基于多模态大模型的金融影像智能相似度检测模型\基于多模态大模型的金融影像智能相似度检测模型\loan_022\face_signing.jpg,3,0.9363504648208618,medium
loan_012,D:\GitHub\jinchuang\23-多模态技术与数据治理赛道-基于多模态大模型的金融影像智能相似度检测模型\基于多模态大模型的金融影像智能相似度检测模型\loan_012\face_signing.jpg,loan_032,D:\GitHub\jinchuang\23-多模态技术与数据治理赛道-基于多模态大模型的金融影像智能相似度检测模型\基于多模态大模型的金融影像智能相似度检测模型\loan_032\face_signing.jpg,4,0.9158697128295898,low
loan_012,D:\GitHub\jinchuang\23-多模态技术与数据治理赛道-基于多模态大模型的金融影像智能相似度检测模型\基于多模态大模型的金融影像智能相似度检测模型\loan_012\face_signing.jpg,loan_040,D:\GitHub\jinchuang\23-多模态技术与数据治理赛道-基于多模态大模型的金融影像智能相似度检测模型\基于多模态大模型的金融影像智能相似度检测模型\loan_040\face_signing.jpg,5,0.913631796836853,low
loan_013,D:\GitHub\jinchuang\23-多模态技术与数据治理赛道-基于多模态大模型的金融影像智能相似度检测模型\基于多模态大模型的金融影像智能相似度检测模型\loan_013\face_signing.jpg,loan_057,D:\GitHub\jinchuang\23-多模态技术与数据治理赛道-基于多模态大模型的金融影像智能相似度检测模型\基于多模态大模型的金融影像智能相似度检测模型\loan_057\face_signing.jpg,1,0.977027177810669,high
loan_013,D:\GitHub\jinchuang\23-多模态技术与数据治理赛道-基于多模态大模型的金融影像智能相似度检测模型\基于多模态大模型的金融影像智能相似度检测模型\loan_013\face_signing.jpg,loan_049,D:\GitHub\jinchuang\23-多模态技术与数据治理赛道-基于多模态大模型的金融影像智能相似度检测模型\基于多模态大模型的金融影像智能相似度检测模型\loan_049\face_signing.jpg,2,0.9354226589202881,medium
loan_013,D:\GitHub\jinchuang\23-多模态技术与数据治理赛道-基于多模态大模型的金融影像智能相似度检测模型\基于多模态大模型的金融影像智能相似度检测模型\loan_013\face_signing.jpg,loan_048,D:\GitHub\jinchuang\23-多模态技术与数据治理赛道-基于多模态大模型的金融影像智能相似度检测模型\基于多模态大模型的金融影像智能相似度检测模型\loan_048\face_signing.jpg,3,0.9284864664077759,low
loan_013,D:\GitHub\jinchuang\23-多模态技术与数据治理赛道-基于多模态大模型的金融影像智能相似度检测模型\基于多模态大模型的金融影像智能相似度检测模型\loan_013\face_signing.jpg,loan_014,D:\GitHub\jinchuang\23-多模态技术与数据治理赛道-基于多模态大模型的金融影像智能相似度检测模型\基于多模态大模型的金融影像智能相似度检测模型\loan_014\face_signing.jpg,4,0.8994297981262207,low
loan_013,D:\GitHub\jinchuang\23-多模态技术与数据治理赛道-基于多模态大模型的金融影像智能相似度检测模型\基于多模态大模型的金融影像智能相似度检测模型\loan_013\face_signing.jpg,loan_071,D:\GitHub\jinchuang\23-多模态技术与数据治理赛道-基于多模态大模型的金融影像智能相似度检测模型\基于多模态大模型的金融影像智能相似度检测模型\loan_071\face_signing.jpg,5,0.8976385593414307,low
loan_014,D:\GitHub\jinchuang\23-多模态技术与数据治理赛道-基于多模态大模型的金融影像智能相似度检测模型\基于多模态大模型的金融影像智能相似度检测模型\loan_014\face_signing.jpg,loan_024,D:\GitHub\jinchuang\23-多模态技术与数据治理赛道-基于多模态大模型的金融影像智能相似度检测模型\基于多模态大模型的金融影像智能相似度检测模型\loan_024\face_signing.jpg,1,0.9320888519287109,medium
loan_014,D:\GitHub\jinchuang\23-多模态技术与数据治理赛道-基于多模态大模型的金融影像智能相似度检测模型\基于多模态大模型的金融影像智能相似度检测模型\loan_014\face_signing.jpg,loan_038,D:\GitHub\jinchuang\23-多模态技术与数据治理赛道-基于多模态大模型的金融影像智能相似度检测模型\基于多模态大模型的金融影像智能相似度检测模型\loan_038\face_signing.jpg,2,0.9183230400085449,low
loan_014,D:\GitHub\jinchuang\23-多模态技术与数据治理赛道-基于多模态大模型的金融影像智能相似度检测模型\基于多模态大模型的金融影像智能相似度检测模型\loan_014\face_signing.jpg,loan_063,D:\GitHub\jinchuang\23-多模态技术与数据治理赛道-基于多模态大模型的金融影像智能相似度检测模型\基于多模态大模型的金融影像智能相似度检测模型\loan_063\face_signing.jpg,3,0.9143664836883545,low
loan_014,D:\GitHub\jinchuang\23-多模态技术与数据治理赛道-基于多模态大模型的金融影像智能相似度检测模型\基于多模态大模型的金融影像智能相似度检测模型\loan_014\face_signing.jpg,loan_048,D:\GitHub\jinchuang\23-多模态技术与数据治理赛道-基于多模态大模型的金融影像智能相似度检测模型\基于多模态大模型的金融影像智能相似度检测模型\loan_048\face_signing.jpg,4,0.9120960831642151,low
loan_014,D:\GitHub\jinchuang\23-多模态技术与数据治理赛道-基于多模态大模型的金融影像智能相似度检测模型\基于多模态大模型的金融影像智能相似度检测模型\loan_014\face_signing.jpg,loan_066,D:\GitHub\jinchuang\23-多模态技术与数据治理赛道-基于多模态大模型的金融影像智能相似度检测模型\基于多模态大模型的金融影像智能相似度检测模型\loan_066\face_signing.jpg,5,0.9083768725395203,low
loan_015,D:\GitHub\jinchuang\23-多模态技术与数据治理赛道-基于多模态大模型的金融影像智能相似度检测模型\基于多模态大模型的金融影像智能相似度检测模型\loan_015\face_signing.jpg,loan_003,D:\GitHub\jinchuang\23-多模态技术与数据治理赛道-基于多模态大模型的金融影像智能相似度检测模型\基于多模态大模型的金融影像智能相似度检测模型\loan_003\face_signing.jpg,1,0.9391154050827026,medium
loan_015,D:\GitHub\jinchuang\23-多模态技术与数据治理赛道-基于多模态大模型的金融影像智能相似度检测模型\基于多模态大模型的金融影像智能相似度检测模型\loan_015\face_signing.jpg,loan_011,D:\GitHub\jinchuang\23-多模态技术与数据治理赛道-基于多模态大模型的金融影像智能相似度检测模型\基于多模态大模型的金融影像智能相似度检测模型\loan_011\face_signing.jpg,2,0.9369170069694519,medium
loan_015,D:\GitHub\jinchuang\23-多模态技术与数据治理赛道-基于多模态大模型的金融影像智能相似度检测模型\基于多模态大模型的金融影像智能相似度检测模型\loan_015\face_signing.jpg,loan_009,D:\GitHub\jinchuang\23-多模态技术与数据治理赛道-基于多模态大模型的金融影像智能相似度检测模型\基于多模态大模型的金融影像智能相似度检测模型\loan_009\face_signing.jpg,3,0.9355660676956177,medium
loan_015,D:\GitHub\jinchuang\23-多模态技术与数据治理赛道-基于多模态大模型的金融影像智能相似度检测模型\基于多模态大模型的金融影像智能相似度检测模型\loan_015\face_signing.jpg,loan_008,D:\GitHub\jinchuang\23-多模态技术与数据治理赛道-基于多模态大模型的金融影像智能相似度检测模型\基于多模态大模型的金融影像智能相似度检测模型\loan_008\face_signing.jpg,4,0.934213399887085,medium
loan_015,D:\GitHub\jinchuang\23-多模态技术与数据治理赛道-基于多模态大模型的金融影像智能相似度检测模型\基于多模态大模型的金融影像智能相似度检测模型\loan_015\face_signing.jpg,loan_054,D:\GitHub\jinchuang\23-多模态技术与数据治理赛道-基于多模态大模型的金融影像智能相似度检测模型\基于多模态大模型的金融影像智能相似度检测模型\loan_054\face_signing.jpg,5,0.9336153864860535,medium
loan_016,D:\GitHub\jinchuang\23-多模态技术与数据治理赛道-基于多模态大模型的金融影像智能相似度检测模型\基于多模态大模型的金融影像智能相似度检测模型\loan_016\face_signing.jpg,loan_059,D:\GitHub\jinchuang\23-多模态技术与数据治理赛道-基于多模态大模型的金融影像智能相似度检测模型\基于多模态大模型的金融影像智能相似度检测模型\loan_059\face_signing.jpg,1,0.9807956218719482,high
loan_016,D:\GitHub\jinchuang\23-多模态技术与数据治理赛道-基于多模态大模型的金融影像智能相似度检测模型\基于多模态大模型的金融影像智能相似度检测模型\loan_016\face_signing.jpg,loan_058,D:\GitHub\jinchuang\23-多模态技术与数据治理赛道-基于多模态大模型的金融影像智能相似度检测模型\基于多模态大模型的金融影像智能相似度检测模型\loan_058\face_signing.jpg,2,0.9799247980117798,high
loan_016,D:\GitHub\jinchuang\23-多模态技术与数据治理赛道-基于多模态大模型的金融影像智能相似度检测模型\基于多模态大模型的金融影像智能相似度检测模型\loan_016\face_signing.jpg,loan_051,D:\GitHub\jinchuang\23-多模态技术与数据治理赛道-基于多模态大模型的金融影像智能相似度检测模型\基于多模态大模型的金融影像智能相似度检测模型\loan_051\face_signing.jpg,3,0.9277586936950684,low
loan_016,D:\GitHub\jinchuang\23-多模态技术与数据治理赛道-基于多模态大模型的金融影像智能相似度检测模型\基于多模态大模型的金融影像智能相似度检测模型\loan_016\face_signing.jpg,loan_035,D:\GitHub\jinchuang\23-多模态技术与数据治理赛道-基于多模态大模型的金融影像智能相似度检测模型\基于多模态大模型的金融影像智能相似度检测模型\loan_035\face_signing.jpg,4,0.9189408421516418,low
loan_016,D:\GitHub\jinchuang\23-多模态技术与数据治理赛道-基于多模态大模型的金融影像智能相似度检测模型\基于多模态大模型的金融影像智能相似度检测模型\loan_016\face_signing.jpg,loan_001,D:\GitHub\jinchuang\23-多模态技术与数据治理赛道-基于多模态大模型的金融影像智能相似度检测模型\基于多模态大模型的金融影像智能相似度检测模型\loan_001\face_signing.jpg,5,0.915921688079834,low
loan_017,D:\GitHub\jinchuang\23-多模态技术与数据治理赛道-基于多模态大模型的金融影像智能相似度检测模型\基于多模态大模型的金融影像智能相似度检测模型\loan_017\face_signing.jpg,loan_061,D:\GitHub\jinchuang\23-多模态技术与数据治理赛道-基于多模态大模型的金融影像智能相似度检测模型\基于多模态大模型的金融影像智能相似度检测模型\loan_061\face_signing.jpg,1,0.9850414991378784,high
loan_017,D:\GitHub\jinchuang\23-多模态技术与数据治理赛道-基于多模态大模型的金融影像智能相似度检测模型\基于多模态大模型的金融影像智能相似度检测模型\loan_017\face_signing.jpg,loan_060,D:\GitHub\jinchuang\23-多模态技术与数据治理赛道-基于多模态大模型的金融影像智能相似度检测模型\基于多模态大模型的金融影像智能相似度检测模型\loan_060\face_signing.jpg,2,0.9748286008834839,high
loan_017,D:\GitHub\jinchuang\23-多模态技术与数据治理赛道-基于多模态大模型的金融影像智能相似度检测模型\基于多模态大模型的金融影像智能相似度检测模型\loan_017\face_signing.jpg,loan_037,D:\GitHub\jinchuang\23-多模态技术与数据治理赛道-基于多模态大模型的金融影像智能相似度检测模型\基于多模态大模型的金融影像智能相似度检测模型\loan_037\face_signing.jpg,3,0.9455434083938599,medium
loan_017,D:\GitHub\jinchuang\23-多模态技术与数据治理赛道-基于多模态大模型的金融影像智能相似度检测模型\基于多模态大模型的金融影像智能相似度检测模型\loan_017\face_signing.jpg,loan_073,D:\GitHub\jinchuang\23-多模态技术与数据治理赛道-基于多模态大模型的金融影像智能相似度检测模型\基于多模态大模型的金融影像智能相似度检测模型\loan_073\face_signing.jpg,4,0.9422873258590698,medium
loan_017,D:\GitHub\jinchuang\23-多模态技术与数据治理赛道-基于多模态大模型的金融影像智能相似度检测模型\基于多模态大模型的金融影像智能相似度检测模型\loan_017\face_signing.jpg,loan_045,D:\GitHub\jinchuang\23-多模态技术与数据治理赛道-基于多模态大模型的金融影像智能相似度检测模型\基于多模态大模型的金融影像智能相似度检测模型\loan_045\face_signing.jpg,5,0.933380126953125,medium
loan_018,D:\GitHub\jinchuang\23-多模态技术与数据治理赛道-基于多模态大模型的金融影像智能相似度检测模型\基于多模态大模型的金融影像智能相似度检测模型\loan_018\face_signing.jpg,loan_008,D:\GitHub\jinchuang\23-多模态技术与数据治理赛道-基于多模态大模型的金融影像智能相似度检测模型\基于多模态大模型的金融影像智能相似度检测模型\loan_008\face_signing.jpg,1,0.936455488204956,medium
loan_018,D:\GitHub\jinchuang\23-多模态技术与数据治理赛道-基于多模态大模型的金融影像智能相似度检测模型\基于多模态大模型的金融影像智能相似度检测模型\loan_018\face_signing.jpg,loan_031,D:\GitHub\jinchuang\23-多模态技术与数据治理赛道-基于多模态大模型的金融影像智能相似度检测模型\基于多模态大模型的金融影像智能相似度检测模型\loan_031\face_signing.jpg,2,0.9106413722038269,low
loan_018,D:\GitHub\jinchuang\23-多模态技术与数据治理赛道-基于多模态大模型的金融影像智能相似度检测模型\基于多模态大模型的金融影像智能相似度检测模型\loan_018\face_signing.jpg,loan_020,D:\GitHub\jinchuang\23-多模态技术与数据治理赛道-基于多模态大模型的金融影像智能相似度检测模型\基于多模态大模型的金融影像智能相似度检测模型\loan_020\face_signing.jpg,3,0.9044845700263977,low
loan_018,D:\GitHub\jinchuang\23-多模态技术与数据治理赛道-基于多模态大模型的金融影像智能相似度检测模型\基于多模态大模型的金融影像智能相似度检测模型\loan_018\face_signing.jpg,loan_005,D:\GitHub\jinchuang\23-多模态技术与数据治理赛道-基于多模态大模型的金融影像智能相似度检测模型\基于多模态大模型的金融影像智能相似度检测模型\loan_005\face_signing.jpg,4,0.9020841121673584,low
loan_018,D:\GitHub\jinchuang\23-多模态技术与数据治理赛道-基于多模态大模型的金融影像智能相似度检测模型\基于多模态大模型的金融影像智能相似度检测模型\loan_018\face_signing.jpg,loan_015,D:\GitHub\jinchuang\23-多模态技术与数据治理赛道-基于多模态大模型的金融影像智能相似度检测模型\基于多模态大模型的金融影像智能相似度检测模型\loan_015\face_signing.jpg,5,0.9020169973373413,low
loan_019,D:\GitHub\jinchuang\23-多模态技术与数据治理赛道-基于多模态大模型的金融影像智能相似度检测模型\基于多模态大模型的金融影像智能相似度检测模型\loan_019\face_signing.jpg,loan_012,D:\GitHub\jinchuang\23-多模态技术与数据治理赛道-基于多模态大模型的金融影像智能相似度检测模型\基于多模态大模型的金融影像智能相似度检测模型\loan_012\face_signing.jpg,1,0.9063180685043335,low
loan_019,D:\GitHub\jinchuang\23-多模态技术与数据治理赛道-基于多模态大模型的金融影像智能相似度检测模型\基于多模态大模型的金融影像智能相似度检测模型\loan_019\face_signing.jpg,loan_051,D:\GitHub\jinchuang\23-多模态技术与数据治理赛道-基于多模态大模型的金融影像智能相似度检测模型\基于多模态大模型的金融影像智能相似度检测模型\loan_051\face_signing.jpg,2,0.8968212604522705,low
loan_019,D:\GitHub\jinchuang\23-多模态技术与数据治理赛道-基于多模态大模型的金融影像智能相似度检测模型\基于多模态大模型的金融影像智能相似度检测模型\loan_019\face_signing.jpg,loan_002,D:\GitHub\jinchuang\23-多模态技术与数据治理赛道-基于多模态大模型的金融影像智能相似度检测模型\基于多模态大模型的金融影像智能相似度检测模型\loan_002\face_signing.jpg,3,0.8957934379577637,low
loan_019,D:\GitHub\jinchuang\23-多模态技术与数据治理赛道-基于多模态大模型的金融影像智能相似度检测模型\基于多模态大模型的金融影像智能相似度检测模型\loan_019\face_signing.jpg,loan_022,D:\GitHub\jinchuang\23-多模态技术与数据治理赛道-基于多模态大模型的金融影像智能相似度检测模型\基于多模态大模型的金融影像智能相似度检测模型\loan_022\face_signing.jpg,4,0.8941159844398499,low
loan_019,D:\GitHub\jinchuang\23-多模态技术与数据治理赛道-基于多模态大模型的金融影像智能相似度检测模型\基于多模态大模型的金融影像智能相似度检测模型\loan_019\face_signing.jpg,loan_004,D:\GitHub\jinchuang\23-多模态技术与数据治理赛道-基于多模态大模型的金融影像智能相似度检测模型\基于多模态大模型的金融影像智能相似度检测模型\loan_004\face_signing.jpg,5,0.8932757377624512,low
loan_020,D:\GitHub\jinchuang\23-多模态技术与数据治理赛道-基于多模态大模型的金融影像智能相似度检测模型\基于多模态大模型的金融影像智能相似度检测模型\loan_020\face_signing.jpg,loan_009,D:\GitHub\jinchuang\23-多模态技术与数据治理赛道-基于多模态大模型的金融影像智能相似度检测模型\基于多模态大模型的金融影像智能相似度检测模型\loan_009\face_signing.jpg,1,0.9321248531341553,medium
loan_020,D:\GitHub\jinchuang\23-多模态技术与数据治理赛道-基于多模态大模型的金融影像智能相似度检测模型\基于多模态大模型的金融影像智能相似度检测模型\loan_020\face_signing.jpg,loan_003,D:\GitHub\jinchuang\23-多模态技术与数据治理赛道-基于多模态大模型的金融影像智能相似度检测模型\基于多模态大模型的金融影像智能相似度检测模型\loan_003\face_signing.jpg,2,0.926437497138977,low
loan_020,D:\GitHub\jinchuang\23-多模态技术与数据治理赛道-基于多模态大模型的金融影像智能相似度检测模型\基于多模态大模型的金融影像智能相似度检测模型\loan_020\face_signing.jpg,loan_008,D:\GitHub\jinchuang\23-多模态技术与数据治理赛道-基于多模态大模型的金融影像智能相似度检测模型\基于多模态大模型的金融影像智能相似度检测模型\loan_008\face_signing.jpg,3,0.922622561454773,low
loan_020,D:\GitHub\jinchuang\23-多模态技术与数据治理赛道-基于多模态大模型的金融影像智能相似度检测模型\基于多模态大模型的金融影像智能相似度检测模型\loan_020\face_signing.jpg,loan_015,D:\GitHub\jinchuang\23-多模态技术与数据治理赛道-基于多模态大模型的金融影像智能相似度检测模型\基于多模态大模型的金融影像智能相似度检测模型\loan_015\face_signing.jpg,4,0.9200475811958313,low
loan_020,D:\GitHub\jinchuang\23-多模态技术与数据治理赛道-基于多模态大模型的金融影像智能相似度检测模型\基于多模态大模型的金融影像智能相似度检测模型\loan_020\face_signing.jpg,loan_005,D:\GitHub\jinchuang\23-多模态技术与数据治理赛道-基于多模态大模型的金融影像智能相似度检测模型\基于多模态大模型的金融影像智能相似度检测模型\loan_005\face_signing.jpg,5,0.9195489287376404,low
loan_021,D:\GitHub\jinchuang\23-多模态技术与数据治理赛道-基于多模态大模型的金融影像智能相似度检测模型\基于多模态大模型的金融影像智能相似度检测模型\loan_021\face_signing.jpg,loan_011,D:\GitHub\jinchuang\23-多模态技术与数据治理赛道-基于多模态大模型的金融影像智能相似度检测模型\基于多模态大模型的金融影像智能相似度检测模型\loan_011\face_signing.jpg,1,0.9268482327461243,low
loan_021,D:\GitHub\jinchuang\23-多模态技术与数据治理赛道-基于多模态大模型的金融影像智能相似度检测模型\基于多模态大模型的金融影像智能相似度检测模型\loan_021\face_signing.jpg,loan_009,D:\GitHub\jinchuang\23-多模态技术与数据治理赛道-基于多模态大模型的金融影像智能相似度检测模型\基于多模态大模型的金融影像智能相似度检测模型\loan_009\face_signing.jpg,2,0.9267842769622803,low
loan_021,D:\GitHub\jinchuang\23-多模态技术与数据治理赛道-基于多模态大模型的金融影像智能相似度检测模型\基于多模态大模型的金融影像智能相似度检测模型\loan_021\face_signing.jpg,loan_046,D:\GitHub\jinchuang\23-多模态技术与数据治理赛道-基于多模态大模型的金融影像智能相似度检测模型\基于多模态大模型的金融影像智能相似度检测模型\loan_046\face_signing.jpg,3,0.921270489692688,low
loan_021,D:\GitHub\jinchuang\23-多模态技术与数据治理赛道-基于多模态大模型的金融影像智能相似度检测模型\基于多模态大模型的金融影像智能相似度检测模型\loan_021\face_signing.jpg,loan_053,D:\GitHub\jinchuang\23-多模态技术与数据治理赛道-基于多模态大模型的金融影像智能相似度检测模型\基于多模态大模型的金融影像智能相似度检测模型\loan_053\face_signing.jpg,4,0.9199645519256592,low
loan_021,D:\GitHub\jinchuang\23-多模态技术与数据治理赛道-基于多模态大模型的金融影像智能相似度检测模型\基于多模态大模型的金融影像智能相似度检测模型\loan_021\face_signing.jpg,loan_054,D:\GitHub\jinchuang\23-多模态技术与数据治理赛道-基于多模态大模型的金融影像智能相似度检测模型\基于多模态大模型的金融影像智能相似度检测模型\loan_054\face_signing.jpg,5,0.9165195226669312,low
loan_022,D:\GitHub\jinchuang\23-多模态技术与数据治理赛道-基于多模态大模型的金融影像智能相似度检测模型\基于多模态大模型的金融影像智能相似度检测模型\loan_022\face_signing.jpg,loan_012,D:\GitHub\jinchuang\23-多模态技术与数据治理赛道-基于多模态大模型的金融影像智能相似度检测模型\基于多模态大模型的金融影像智能相似度检测模型\loan_012\face_signing.jpg,1,0.9363504648208618,medium
loan_022,D:\GitHub\jinchuang\23-多模态技术与数据治理赛道-基于多模态大模型的金融影像智能相似度检测模型\基于多模态大模型的金融影像智能相似度检测模型\loan_022\face_signing.jpg,loan_056,D:\GitHub\jinchuang\23-多模态技术与数据治理赛道-基于多模态大模型的金融影像智能相似度检测模型\基于多模态大模型的金融影像智能相似度检测模型\loan_056\face_signing.jpg,2,0.9270350337028503,low
loan_022,D:\GitHub\jinchuang\23-多模态技术与数据治理赛道-基于多模态大模型的金融影像智能相似度检测模型\基于多模态大模型的金融影像智能相似度检测模型\loan_022\face_signing.jpg,loan_055,D:\GitHub\jinchuang\23-多模态技术与数据治理赛道-基于多模态大模型的金融影像智能相似度检测模型\基于多模态大模型的金融影像智能相似度检测模型\loan_055\face_signing.jpg,3,0.9249297380447388,low
loan_022,D:\GitHub\jinchuang\23-多模态技术与数据治理赛道-基于多模态大模型的金融影像智能相似度检测模型\基于多模态大模型的金融影像智能相似度检测模型\loan_022\face_signing.jpg,loan_004,D:\GitHub\jinchuang\23-多模态技术与数据治理赛道-基于多模态大模型的金融影像智能相似度检测模型\基于多模态大模型的金融影像智能相似度检测模型\loan_004\face_signing.jpg,4,0.9022123217582703,low
loan_022,D:\GitHub\jinchuang\23-多模态技术与数据治理赛道-基于多模态大模型的金融影像智能相似度检测模型\基于多模态大模型的金融影像智能相似度检测模型\loan_022\face_signing.jpg,loan_027,D:\GitHub\jinchuang\23-多模态技术与数据治理赛道-基于多模态大模型的金融影像智能相似度检测模型\基于多模态大模型的金融影像智能相似度检测模型\loan_027\face_signing.jpg,5,0.8946614265441895,low
loan_023,D:\GitHub\jinchuang\23-多模态技术与数据治理赛道-基于多模态大模型的金融影像智能相似度检测模型\基于多模态大模型的金融影像智能相似度检测模型\loan_023\face_signing.jpg,loan_062,D:\GitHub\jinchuang\23-多模态技术与数据治理赛道-基于多模态大模型的金融影像智能相似度检测模型\基于多模态大模型的金融影像智能相似度检测模型\loan_062\face_signing.jpg,1,0.9782823920249939,high
loan_023,D:\GitHub\jinchuang\23-多模态技术与数据治理赛道-基于多模态大模型的金融影像智能相似度检测模型\基于多模态大模型的金融影像智能相似度检测模型\loan_023\face_signing.jpg,loan_071,D:\GitHub\jinchuang\23-多模态技术与数据治理赛道-基于多模态大模型的金融影像智能相似度检测模型\基于多模态大模型的金融影像智能相似度检测模型\loan_071\face_signing.jpg,2,0.9259945750236511,low
loan_023,D:\GitHub\jinchuang\23-多模态技术与数据治理赛道-基于多模态大模型的金融影像智能相似度检测模型\基于多模态大模型的金融影像智能相似度检测模型\loan_023\face_signing.jpg,loan_003,D:\GitHub\jinchuang\23-多模态技术与数据治理赛道-基于多模态大模型的金融影像智能相似度检测模型\基于多模态大模型的金融影像智能相似度检测模型\loan_003\face_signing.jpg,3,0.9226487874984741,low
loan_023,D:\GitHub\jinchuang\23-多模态技术与数据治理赛道-基于多模态大模型的金融影像智能相似度检测模型\基于多模态大模型的金融影像智能相似度检测模型\loan_023\face_signing.jpg,loan_009,D:\GitHub\jinchuang\23-多模态技术与数据治理赛道-基于多模态大模型的金融影像智能相似度检测模型\基于多模态大模型的金融影像智能相似度检测模型\loan_009\face_signing.jpg,4,0.9222234487533569,low
loan_023,D:\GitHub\jinchuang\23-多模态技术与数据治理赛道-基于多模态大模型的金融影像智能相似度检测模型\基于多模态大模型的金融影像智能相似度检测模型\loan_023\face_signing.jpg,loan_054,D:\GitHub\jinchuang\23-多模态技术与数据治理赛道-基于多模态大模型的金融影像智能相似度检测模型\基于多模态大模型的金融影像智能相似度检测模型\loan_054\face_signing.jpg,5,0.9210634827613831,low
loan_024,D:\GitHub\jinchuang\23-多模态技术与数据治理赛道-基于多模态大模型的金融影像智能相似度检测模型\基于多模态大模型的金融影像智能相似度检测模型\loan_024\face_signing.jpg,loan_038,D:\GitHub\jinchuang\23-多模态技术与数据治理赛道-基于多模态大模型的金融影像智能相似度检测模型\基于多模态大模型的金融影像智能相似度检测模型\loan_038\face_signing.jpg,1,0.9353396892547607,medium
loan_024,D:\GitHub\jinchuang\23-多模态技术与数据治理赛道-基于多模态大模型的金融影像智能相似度检测模型\基于多模态大模型的金融影像智能相似度检测模型\loan_024\face_signing.jpg,loan_014,D:\GitHub\jinchuang\23-多模态技术与数据治理赛道-基于多模态大模型的金融影像智能相似度检测模型\基于多模态大模型的金融影像智能相似度检测模型\loan_014\face_signing.jpg,2,0.9320888519287109,medium
loan_024,D:\GitHub\jinchuang\23-多模态技术与数据治理赛道-基于多模态大模型的金融影像智能相似度检测模型\基于多模态大模型的金融影像智能相似度检测模型\loan_024\face_signing.jpg,loan_044,D:\GitHub\jinchuang\23-多模态技术与数据治理赛道-基于多模态大模型的金融影像智能相似度检测模型\基于多模态大模型的金融影像智能相似度检测模型\loan_044\face_signing.jpg,3,0.9299347996711731,low
loan_024,D:\GitHub\jinchuang\23-多模态技术与数据治理赛道-基于多模态大模型的金融影像智能相似度检测模型\基于多模态大模型的金融影像智能相似度检测模型\loan_024\face_signing.jpg,loan_006,D:\GitHub\jinchuang\23-多模态技术与数据治理赛道-基于多模态大模型的金融影像智能相似度检测模型\基于多模态大模型的金融影像智能相似度检测模型\loan_006\face_signing.jpg,4,0.9231809377670288,low
loan_024,D:\GitHub\jinchuang\23-多模态技术与数据治理赛道-基于多模态大模型的金融影像智能相似度检测模型\基于多模态大模型的金融影像智能相似度检测模型\loan_024\face_signing.jpg,loan_047,D:\GitHub\jinchuang\23-多模态技术与数据治理赛道-基于多模态大模型的金融影像智能相似度检测模型\基于多模态大模型的金融影像智能相似度检测模型\loan_047\face_signing.jpg,5,0.9162563681602478,low
loan_025,D:\GitHub\jinchuang\23-多模态技术与数据治理赛道-基于多模态大模型的金融影像智能相似度检测模型\基于多模态大模型的金融影像智能相似度检测模型\loan_025\face_signing.jpg,loan_063,D:\GitHub\jinchuang\23-多模态技术与数据治理赛道-基于多模态大模型的金融影像智能相似度检测模型\基于多模态大模型的金融影像智能相似度检测模型\loan_063\face_signing.jpg,1,0.9788599014282227,high
loan_025,D:\GitHub\jinchuang\23-多模态技术与数据治理赛道-基于多模态大模型的金融影像智能相似度检测模型\基于多模态大模型的金融影像智能相似度检测模型\loan_025\face_signing.jpg,loan_038,D:\GitHub\jinchuang\23-多模态技术与数据治理赛道-基于多模态大模型的金融影像智能相似度检测模型\基于多模态大模型的金融影像智能相似度检测模型\loan_038\face_signing.jpg,2,0.908807098865509,low
loan_025,D:\GitHub\jinchuang\23-多模态技术与数据治理赛道-基于多模态大模型的金融影像智能相似度检测模型\基于多模态大模型的金融影像智能相似度检测模型\loan_025\face_signing.jpg,loan_014,D:\GitHub\jinchuang\23-多模态技术与数据治理赛道-基于多模态大模型的金融影像智能相似度检测模型\基于多模态大模型的金融影像智能相似度检测模型\loan_014\face_signing.jpg,3,0.903967559337616,low
loan_025,D:\GitHub\jinchuang\23-多模态技术与数据治理赛道-基于多模态大模型的金融影像智能相似度检测模型\基于多模态大模型的金融影像智能相似度检测模型\loan_025\face_signing.jpg,loan_044,D:\GitHub\jinchuang\23-多模态技术与数据治理赛道-基于多模态大模型的金融影像智能相似度检测模型\基于多模态大模型的金融影像智能相似度检测模型\loan_044\face_signing.jpg,4,0.896503746509552,low
loan_025,D:\GitHub\jinchuang\23-多模态技术与数据治理赛道-基于多模态大模型的金融影像智能相似度检测模型\基于多模态大模型的金融影像智能相似度检测模型\loan_025\face_signing.jpg,loan_024,D:\GitHub\jinchuang\23-多模态技术与数据治理赛道-基于多模态大模型的金融影像智能相似度检测模型\基于多模态大模型的金融影像智能相似度检测模型\loan_024\face_signing.jpg,5,0.8829842209815979,low
loan_026,D:\GitHub\jinchuang\23-多模态技术与数据治理赛道-基于多模态大模型的金融影像智能相似度检测模型\基于多模态大模型的金融影像智能相似度检测模型\loan_026\face_signing.jpg,loan_010,D:\GitHub\jinchuang\23-多模态技术与数据治理赛道-基于多模态大模型的金融影像智能相似度检测模型\基于多模态大模型的金融影像智能相似度检测模型\loan_010\face_signing.jpg,1,0.9502846598625183,medium
loan_026,D:\GitHub\jinchuang\23-多模态技术与数据治理赛道-基于多模态大模型的金融影像智能相似度检测模型\基于多模态大模型的金融影像智能相似度检测模型\loan_026\face_signing.jpg,loan_036,D:\GitHub\jinchuang\23-多模态技术与数据治理赛道-基于多模态大模型的金融影像智能相似度检测模型\基于多模态大模型的金融影像智能相似度检测模型\loan_036\face_signing.jpg,2,0.9296728372573853,low
loan_026,D:\GitHub\jinchuang\23-多模态技术与数据治理赛道-基于多模态大模型的金融影像智能相似度检测模型\基于多模态大模型的金融影像智能相似度检测模型\loan_026\face_signing.jpg,loan_033,D:\GitHub\jinchuang\23-多模态技术与数据治理赛道-基于多模态大模型的金融影像智能相似度检测模型\基于多模态大模型的金融影像智能相似度检测模型\loan_033\face_signing.jpg,3,0.9191861152648926,low
loan_026,D:\GitHub\jinchuang\23-多模态技术与数据治理赛道-基于多模态大模型的金融影像智能相似度检测模型\基于多模态大模型的金融影像智能相似度检测模型\loan_026\face_signing.jpg,loan_043,D:\GitHub\jinchuang\23-多模态技术与数据治理赛道-基于多模态大模型的金融影像智能相似度检测模型\基于多模态大模型的金融影像智能相似度检测模型\loan_043\face_signing.jpg,4,0.9149376153945923,low
loan_026,D:\GitHub\jinchuang\23-多模态技术与数据治理赛道-基于多模态大模型的金融影像智能相似度检测模型\基于多模态大模型的金融影像智能相似度检测模型\loan_026\face_signing.jpg,loan_064,D:\GitHub\jinchuang\23-多模态技术与数据治理赛道-基于多模态大模型的金融影像智能相似度检测模型\基于多模态大模型的金融影像智能相似度检测模型\loan_064\face_signing.jpg,5,0.9106080532073975,low
loan_027,D:\GitHub\jinchuang\23-多模态技术与数据治理赛道-基于多模态大模型的金融影像智能相似度检测模型\基于多模态大模型的金融影像智能相似度检测模型\loan_027\face_signing.jpg,loan_032,D:\GitHub\jinchuang\23-多模态技术与数据治理赛道-基于多模态大模型的金融影像智能相似度检测模型\基于多模态大模型的金融影像智能相似度检测模型\loan_032\face_signing.jpg,1,0.9444424510002136,medium
loan_027,D:\GitHub\jinchuang\23-多模态技术与数据治理赛道-基于多模态大模型的金融影像智能相似度检测模型\基于多模态大模型的金融影像智能相似度检测模型\loan_027\face_signing.jpg,loan_056,D:\GitHub\jinchuang\23-多模态技术与数据治理赛道-基于多模态大模型的金融影像智能相似度检测模型\基于多模态大模型的金融影像智能相似度检测模型\loan_056\face_signing.jpg,2,0.9206289649009705,low
loan_027,D:\GitHub\jinchuang\23-多模态技术与数据治理赛道-基于多模态大模型的金融影像智能相似度检测模型\基于多模态大模型的金融影像智能相似度检测模型\loan_027\face_signing.jpg,loan_012,D:\GitHub\jinchuang\23-多模态技术与数据治理赛道-基于多模态大模型的金融影像智能相似度检测模型\基于多模态大模型的金融影像智能相似度检测模型\loan_012\face_signing.jpg,3,0.9104816317558289,low
loan_027,D:\GitHub\jinchuang\23-多模态技术与数据治理赛道-基于多模态大模型的金融影像智能相似度检测模型\基于多模态大模型的金融影像智能相似度检测模型\loan_027\face_signing.jpg,loan_055,D:\GitHub\jinchuang\23-多模态技术与数据治理赛道-基于多模态大模型的金融影像智能相似度检测模型\基于多模态大模型的金融影像智能相似度检测模型\loan_055\face_signing.jpg,4,0.9028146266937256,low
loan_027,D:\GitHub\jinchuang\23-多模态技术与数据治理赛道-基于多模态大模型的金融影像智能相似度检测模型\基于多模态大模型的金融影像智能相似度检测模型\loan_027\face_signing.jpg,loan_022,D:\GitHub\jinchuang\23-多模态技术与数据治理赛道-基于多模态大模型的金融影像智能相似度检测模型\基于多模态大模型的金融影像智能相似度检测模型\loan_022\face_signing.jpg,5,0.8946614265441895,low
loan_028,D:\GitHub\jinchuang\23-多模态技术与数据治理赛道-基于多模态大模型的金融影像智能相似度检测模型\基于多模态大模型的金融影像智能相似度检测模型\loan_028\face_signing.jpg,loan_065,D:\GitHub\jinchuang\23-多模态技术与数据治理赛道-基于多模态大模型的金融影像智能相似度检测模型\基于多模态大模型的金融影像智能相似度检测模型\loan_065\face_signing.jpg,1,0.9795780181884766,high
loan_028,D:\GitHub\jinchuang\23-多模态技术与数据治理赛道-基于多模态大模型的金融影像智能相似度检测模型\基于多模态大模型的金融影像智能相似度检测模型\loan_028\face_signing.jpg,loan_064,D:\GitHub\jinchuang\23-多模态技术与数据治理赛道-基于多模态大模型的金融影像智能相似度检测模型\基于多模态大模型的金融影像智能相似度检测模型\loan_064\face_signing.jpg,2,0.9766556620597839,high
loan_028,D:\GitHub\jinchuang\23-多模态技术与数据治理赛道-基于多模态大模型的金融影像智能相似度检测模型\基于多模态大模型的金融影像智能相似度检测模型\loan_028\face_signing.jpg,loan_003,D:\GitHub\jinchuang\23-多模态技术与数据治理赛道-基于多模态大模型的金融影像智能相似度检测模型\基于多模态大模型的金融影像智能相似度检测模型\loan_003\face_signing.jpg,3,0.9258496165275574,low
loan_028,D:\GitHub\jinchuang\23-多模态技术与数据治理赛道-基于多模态大模型的金融影像智能相似度检测模型\基于多模态大模型的金融影像智能相似度检测模型\loan_028\face_signing.jpg,loan_009,D:\GitHub\jinchuang\23-多模态技术与数据治理赛道-基于多模态大模型的金融影像智能相似度检测模型\基于多模态大模型的金融影像智能相似度检测模型\loan_009\face_signing.jpg,4,0.9232267141342163,low
loan_028,D:\GitHub\jinchuang\23-多模态技术与数据治理赛道-基于多模态大模型的金融影像智能相似度检测模型\基于多模态大模型的金融影像智能相似度检测模型\loan_028\face_signing.jpg,loan_005,D:\GitHub\jinchuang\23-多模态技术与数据治理赛道-基于多模态大模型的金融影像智能相似度检测模型\基于多模态大模型的金融影像智能相似度检测模型\loan_005\face_signing.jpg,5,0.9221676588058472,low
loan_029,D:\GitHub\jinchuang\23-多模态技术与数据治理赛道-基于多模态大模型的金融影像智能相似度检测模型\基于多模态大模型的金融影像智能相似度检测模型\loan_029\face_signing.jpg,loan_001,D:\GitHub\jinchuang\23-多模态技术与数据治理赛道-基于多模态大模型的金融影像智能相似度检测模型\基于多模态大模型的金融影像智能相似度检测模型\loan_001\face_signing.jpg,1,0.9099621772766113,low
loan_029,D:\GitHub\jinchuang\23-多模态技术与数据治理赛道-基于多模态大模型的金融影像智能相似度检测模型\基于多模态大模型的金融影像智能相似度检测模型\loan_029\face_signing.jpg,loan_045,D:\GitHub\jinchuang\23-多模态技术与数据治理赛道-基于多模态大模型的金融影像智能相似度检测模型\基于多模态大模型的金融影像智能相似度检测模型\loan_045\face_signing.jpg,2,0.9074529409408569,low
loan_029,D:\GitHub\jinchuang\23-多模态技术与数据治理赛道-基于多模态大模型的金融影像智能相似度检测模型\基于多模态大模型的金融影像智能相似度检测模型\loan_029\face_signing.jpg,loan_051,D:\GitHub\jinchuang\23-多模态技术与数据治理赛道-基于多模态大模型的金融影像智能相似度检测模型\基于多模态大模型的金融影像智能相似度检测模型\loan_051\face_signing.jpg,3,0.9065229296684265,low
loan_029,D:\GitHub\jinchuang\23-多模态技术与数据治理赛道-基于多模态大模型的金融影像智能相似度检测模型\基于多模态大模型的金融影像智能相似度检测模型\loan_029\face_signing.jpg,loan_033,D:\GitHub\jinchuang\23-多模态技术与数据治理赛道-基于多模态大模型的金融影像智能相似度检测模型\基于多模态大模型的金融影像智能相似度检测模型\loan_033\face_signing.jpg,4,0.8970818519592285,low
loan_029,D:\GitHub\jinchuang\23-多模态技术与数据治理赛道-基于多模态大模型的金融影像智能相似度检测模型\基于多模态大模型的金融影像智能相似度检测模型\loan_029\face_signing.jpg,loan_004,D:\GitHub\jinchuang\23-多模态技术与数据治理赛道-基于多模态大模型的金融影像智能相似度检测模型\基于多模态大模型的金融影像智能相似度检测模型\loan_004\face_signing.jpg,5,0.8958849310874939,low
loan_030,D:\GitHub\jinchuang\23-多模态技术与数据治理赛道-基于多模态大模型的金融影像智能相似度检测模型\基于多模态大模型的金融影像智能相似度检测模型\loan_030\face_signing.jpg,loan_004,D:\GitHub\jinchuang\23-多模态技术与数据治理赛道-基于多模态大模型的金融影像智能相似度检测模型\基于多模态大模型的金融影像智能相似度检测模型\loan_004\face_signing.jpg,1,0.9288517236709595,low
loan_030,D:\GitHub\jinchuang\23-多模态技术与数据治理赛道-基于多模态大模型的金融影像智能相似度检测模型\基于多模态大模型的金融影像智能相似度检测模型\loan_030\face_signing.jpg,loan_050,D:\GitHub\jinchuang\23-多模态技术与数据治理赛道-基于多模态大模型的金融影像智能相似度检测模型\基于多模态大模型的金融影像智能相似度检测模型\loan_050\face_signing.jpg,2,0.9196141362190247,low
loan_030,D:\GitHub\jinchuang\23-多模态技术与数据治理赛道-基于多模态大模型的金融影像智能相似度检测模型\基于多模态大模型的金融影像智能相似度检测模型\loan_030\face_signing.jpg,loan_035,D:\GitHub\jinchuang\23-多模态技术与数据治理赛道-基于多模态大模型的金融影像智能相似度检测模型\基于多模态大模型的金融影像智能相似度检测模型\loan_035\face_signing.jpg,3,0.919312059879303,low
loan_030,D:\GitHub\jinchuang\23-多模态技术与数据治理赛道-基于多模态大模型的金融影像智能相似度检测模型\基于多模态大模型的金融影像智能相似度检测模型\loan_030\face_signing.jpg,loan_074,D:\GitHub\jinchuang\23-多模态技术与数据治理赛道-基于多模态大模型的金融影像智能相似度检测模型\基于多模态大模型的金融影像智能相似度检测模型\loan_074\face_signing.jpg,4,0.9192067384719849,low
loan_030,D:\GitHub\jinchuang\23-多模态技术与数据治理赛道-基于多模态大模型的金融影像智能相似度检测模型\基于多模态大模型的金融影像智能相似度检测模型\loan_030\face_signing.jpg,loan_067,D:\GitHub\jinchuang\23-多模态技术与数据治理赛道-基于多模态大模型的金融影像智能相似度检测模型\基于多模态大模型的金融影像智能相似度检测模型\loan_067\face_signing.jpg,5,0.9161143898963928,low
loan_031,D:\GitHub\jinchuang\23-多模态技术与数据治理赛道-基于多模态大模型的金融影像智能相似度检测模型\基于多模态大模型的金融影像智能相似度检测模型\loan_031\face_signing.jpg,loan_008,D:\GitHub\jinchuang\23-多模态技术与数据治理赛道-基于多模态大模型的金融影像智能相似度检测模型\基于多模态大模型的金融影像智能相似度检测模型\loan_008\face_signing.jpg,1,0.9108928442001343,low
loan_031,D:\GitHub\jinchuang\23-多模态技术与数据治理赛道-基于多模态大模型的金融影像智能相似度检测模型\基于多模态大模型的金融影像智能相似度检测模型\loan_031\face_signing.jpg,loan_018,D:\GitHub\jinchuang\23-多模态技术与数据治理赛道-基于多模态大模型的金融影像智能相似度检测模型\基于多模态大模型的金融影像智能相似度检测模型\loan_018\face_signing.jpg,2,0.9106413722038269,low
loan_031,D:\GitHub\jinchuang\23-多模态技术与数据治理赛道-基于多模态大模型的金融影像智能相似度检测模型\基于多模态大模型的金融影像智能相似度检测模型\loan_031\face_signing.jpg,loan_053,D:\GitHub\jinchuang\23-多模态技术与数据治理赛道-基于多模态大模型的金融影像智能相似度检测模型\基于多模态大模型的金融影像智能相似度检测模型\loan_053\face_signing.jpg,3,0.9101279973983765,low
loan_031,D:\GitHub\jinchuang\23-多模态技术与数据治理赛道-基于多模态大模型的金融影像智能相似度检测模型\基于多模态大模型的金融影像智能相似度检测模型\loan_031\face_signing.jpg,loan_041,D:\GitHub\jinchuang\23-多模态技术与数据治理赛道-基于多模态大模型的金融影像智能相似度检测模型\基于多模态大模型的金融影像智能相似度检测模型\loan_041\face_signing.jpg,4,0.9044980406761169,low
loan_031,D:\GitHub\jinchuang\23-多模态技术与数据治理赛道-基于多模态大模型的金融影像智能相似度检测模型\基于多模态大模型的金融影像智能相似度检测模型\loan_031\face_signing.jpg,loan_064,D:\GitHub\jinchuang\23-多模态技术与数据治理赛道-基于多模态大模型的金融影像智能相似度检测模型\基于多模态大模型的金融影像智能相似度检测模型\loan_064\face_signing.jpg,5,0.9019798040390015,low
loan_032,D:\GitHub\jinchuang\23-多模态技术与数据治理赛道-基于多模态大模型的金融影像智能相似度检测模型\基于多模态大模型的金融影像智能相似度检测模型\loan_032\face_signing.jpg,loan_027,D:\GitHub\jinchuang\23-多模态技术与数据治理赛道-基于多模态大模型的金融影像智能相似度检测模型\基于多模态大模型的金融影像智能相似度检测模型\loan_027\face_signing.jpg,1,0.9444424510002136,medium
loan_032,D:\GitHub\jinchuang\23-多模态技术与数据治理赛道-基于多模态大模型的金融影像智能相似度检测模型\基于多模态大模型的金融影像智能相似度检测模型\loan_032\face_signing.jpg,loan_056,D:\GitHub\jinchuang\23-多模态技术与数据治理赛道-基于多模态大模型的金融影像智能相似度检测模型\基于多模态大模型的金融影像智能相似度检测模型\loan_056\face_signing.jpg,2,0.9232271909713745,low
loan_032,D:\GitHub\jinchuang\23-多模态技术与数据治理赛道-基于多模态大模型的金融影像智能相似度检测模型\基于多模态大模型的金融影像智能相似度检测模型\loan_032\face_signing.jpg,loan_012,D:\GitHub\jinchuang\23-多模态技术与数据治理赛道-基于多模态大模型的金融影像智能相似度检测模型\基于多模态大模型的金融影像智能相似度检测模型\loan_012\face_signing.jpg,3,0.9158697128295898,low
loan_032,D:\GitHub\jinchuang\23-多模态技术与数据治理赛道-基于多模态大模型的金融影像智能相似度检测模型\基于多模态大模型的金融影像智能相似度检测模型\loan_032\face_signing.jpg,loan_048,D:\GitHub\jinchuang\23-多模态技术与数据治理赛道-基于多模态大模型的金融影像智能相似度检测模型\基于多模态大模型的金融影像智能相似度检测模型\loan_048\face_signing.jpg,4,0.9131593108177185,low
loan_032,D:\GitHub\jinchuang\23-多模态技术与数据治理赛道-基于多模态大模型的金融影像智能相似度检测模型\基于多模态大模型的金融影像智能相似度检测模型\loan_032\face_signing.jpg,loan_055,D:\GitHub\jinchuang\23-多模态技术与数据治理赛道-基于多模态大模型的金融影像智能相似度检测模型\基于多模态大模型的金融影像智能相似度检测模型\loan_055\face_signing.jpg,5,0.9110655784606934,low
loan_033,D:\GitHub\jinchuang\23-多模态技术与数据治理赛道-基于多模态大模型的金融影像智能相似度检测模型\基于多模态大模型的金融影像智能相似度检测模型\loan_033\face_signing.jpg,loan_010,D:\GitHub\jinchuang\23-多模态技术与数据治理赛道-基于多模态大模型的金融影像智能相似度检测模型\基于多模态大模型的金融影像智能相似度检测模型\loan_010\face_signing.jpg,1,0.9441671371459961,medium
loan_033,D:\GitHub\jinchuang\23-多模态技术与数据治理赛道-基于多模态大模型的金融影像智能相似度检测模型\基于多模态大模型的金融影像智能相似度检测模型\loan_033\face_signing.jpg,loan_043,D:\GitHub\jinchuang\23-多模态技术与数据治理赛道-基于多模态大模型的金融影像智能相似度检测模型\基于多模态大模型的金融影像智能相似度检测模型\loan_043\face_signing.jpg,2,0.9434759020805359,medium
loan_033,D:\GitHub\jinchuang\23-多模态技术与数据治理赛道-基于多模态大模型的金融影像智能相似度检测模型\基于多模态大模型的金融影像智能相似度检测模型\loan_033\face_signing.jpg,loan_071,D:\GitHub\jinchuang\23-多模态技术与数据治理赛道-基于多模态大模型的金融影像智能相似度检测模型\基于多模态大模型的金融影像智能相似度检测模型\loan_071\face_signing.jpg,3,0.9416465759277344,medium
loan_033,D:\GitHub\jinchuang\23-多模态技术与数据治理赛道-基于多模态大模型的金融影像智能相似度检测模型\基于多模态大模型的金融影像智能相似度检测模型\loan_033\face_signing.jpg,loan_070,D:\GitHub\jinchuang\23-多模态技术与数据治理赛道-基于多模态大模型的金融影像智能相似度检测模型\基于多模态大模型的金融影像智能相似度检测模型\loan_070\face_signing.jpg,4,0.9401214718818665,medium
loan_033,D:\GitHub\jinchuang\23-多模态技术与数据治理赛道-基于多模态大模型的金融影像智能相似度检测模型\基于多模态大模型的金融影像智能相似度检测模型\loan_033\face_signing.jpg,loan_053,D:\GitHub\jinchuang\23-多模态技术与数据治理赛道-基于多模态大模型的金融影像智能相似度检测模型\基于多模态大模型的金融影像智能相似度检测模型\loan_053\face_signing.jpg,5,0.9350578784942627,medium
loan_034,D:\GitHub\jinchuang\23-多模态技术与数据治理赛道-基于多模态大模型的金融影像智能相似度检测模型\基于多模态大模型的金融影像智能相似度检测模型\loan_034\face_signing.jpg,loan_044,D:\GitHub\jinchuang\23-多模态技术与数据治理赛道-基于多模态大模型的金融影像智能相似度检测模型\基于多模态大模型的金融影像智能相似度检测模型\loan_044\face_signing.jpg,1,0.9106149673461914,low
loan_034,D:\GitHub\jinchuang\23-多模态技术与数据治理赛道-基于多模态大模型的金融影像智能相似度检测模型\基于多模态大模型的金融影像智能相似度检测模型\loan_034\face_signing.jpg,loan_073,D:\GitHub\jinchuang\23-多模态技术与数据治理赛道-基于多模态大模型的金融影像智能相似度检测模型\基于多模态大模型的金融影像智能相似度检测模型\loan_073\face_signing.jpg,2,0.9019325375556946,low
loan_034,D:\GitHub\jinchuang\23-多模态技术与数据治理赛道-基于多模态大模型的金融影像智能相似度检测模型\基于多模态大模型的金融影像智能相似度检测模型\loan_034\face_signing.jpg,loan_045,D:\GitHub\jinchuang\23-多模态技术与数据治理赛道-基于多模态大模型的金融影像智能相似度检测模型\基于多模态大模型的金融影像智能相似度检测模型\loan_045\face_signing.jpg,3,0.8975859880447388,low
loan_034,D:\GitHub\jinchuang\23-多模态技术与数据治理赛道-基于多模态大模型的金融影像智能相似度检测模型\基于多模态大模型的金融影像智能相似度检测模型\loan_034\face_signing.jpg,loan_024,D:\GitHub\jinchuang\23-多模态技术与数据治理赛道-基于多模态大模型的金融影像智能相似度检测模型\基于多模态大模型的金融影像智能相似度检测模型\loan_024\face_signing.jpg,4,0.8911406993865967,low
loan_034,D:\GitHub\jinchuang\23-多模态技术与数据治理赛道-基于多模态大模型的金融影像智能相似度检测模型\基于多模态大模型的金融影像智能相似度检测模型\loan_034\face_signing.jpg,loan_061,D:\GitHub\jinchuang\23-多模态技术与数据治理赛道-基于多模态大模型的金融影像智能相似度检测模型\基于多模态大模型的金融影像智能相似度检测模型\loan_061\face_signing.jpg,5,0.8903582096099854,low
loan_035,D:\GitHub\jinchuang\23-多模态技术与数据治理赛道-基于多模态大模型的金融影像智能相似度检测模型\基于多模态大模型的金融影像智能相似度检测模型\loan_035\face_signing.jpg,loan_066,D:\GitHub\jinchuang\23-多模态技术与数据治理赛道-基于多模态大模型的金融影像智能相似度检测模型\基于多模态大模型的金融影像智能相似度检测模型\loan_066\face_signing.jpg,1,0.9756929278373718,high
loan_035,D:\GitHub\jinchuang\23-多模态技术与数据治理赛道-基于多模态大模型的金融影像智能相似度检测模型\基于多模态大模型的金融影像智能相似度检测模型\loan_035\face_signing.jpg,loan_067,D:\GitHub\jinchuang\23-多模态技术与数据治理赛道-基于多模态大模型的金融影像智能相似度检测模型\基于多模态大模型的金融影像智能相似度检测模型\loan_067\face_signing.jpg,2,0.9756802916526794,high
loan_035,D:\GitHub\jinchuang\23-多模态技术与数据治理赛道-基于多模态大模型的金融影像智能相似度检测模型\基于多模态大模型的金融影像智能相似度检测模型\loan_035\face_signing.jpg,loan_040,D:\GitHub\jinchuang\23-多模态技术与数据治理赛道-基于多模态大模型的金融影像智能相似度检测模型\基于多模态大模型的金融影像智能相似度检测模型\loan_040\face_signing.jpg,3,0.9334383010864258,medium
loan_035,D:\GitHub\jinchuang\23-多模态技术与数据治理赛道-基于多模态大模型的金融影像智能相似度检测模型\基于多模态大模型的金融影像智能相似度检测模型\loan_035\face_signing.jpg,loan_058,D:\GitHub\jinchuang\23-多模态技术与数据治理赛道-基于多模态大模型的金融影像智能相似度检测模型\基于多模态大模型的金融影像智能相似度检测模型\loan_058\face_signing.jpg,4,0.924990177154541,low
loan_035,D:\GitHub\jinchuang\23-多模态技术与数据治理赛道-基于多模态大模型的金融影像智能相似度检测模型\基于多模态大模型的金融影像智能相似度检测模型\loan_035\face_signing.jpg,loan_004,D:\GitHub\jinchuang\23-多模态技术与数据治理赛道-基于多模态大模型的金融影像智能相似度检测模型\基于多模态大模型的金融影像智能相似度检测模型\loan_004\face_signing.jpg,5,0.9241463541984558,low
loan_036,D:\GitHub\jinchuang\23-多模态技术与数据治理赛道-基于多模态大模型的金融影像智能相似度检测模型\基于多模态大模型的金融影像智能相似度检测模型\loan_036\face_signing.jpg,loan_010,D:\GitHub\jinchuang\23-多模态技术与数据治理赛道-基于多模态大模型的金融影像智能相似度检测模型\基于多模态大模型的金融影像智能相似度检测模型\loan_010\face_signing.jpg,1,0.9484935998916626,medium
loan_036,D:\GitHub\jinchuang\23-多模态技术与数据治理赛道-基于多模态大模型的金融影像智能相似度检测模型\基于多模态大模型的金融影像智能相似度检测模型\loan_036\face_signing.jpg,loan_026,D:\GitHub\jinchuang\23-多模态技术与数据治理赛道-基于多模态大模型的金融影像智能相似度检测模型\基于多模态大模型的金融影像智能相似度检测模型\loan_026\face_signing.jpg,2,0.9296728372573853,low
loan_036,D:\GitHub\jinchuang\23-多模态技术与数据治理赛道-基于多模态大模型的金融影像智能相似度检测模型\基于多模态大模型的金融影像智能相似度检测模型\loan_036\face_signing.jpg,loan_054,D:\GitHub\jinchuang\23-多模态技术与数据治理赛道-基于多模态大模型的金融影像智能相似度检测模型\基于多模态大模型的金融影像智能相似度检测模型\loan_054\face_signing.jpg,3,0.9262263774871826,low
loan_036,D:\GitHub\jinchuang\23-多模态技术与数据治理赛道-基于多模态大模型的金融影像智能相似度检测模型\基于多模态大模型的金融影像智能相似度检测模型\loan_036\face_signing.jpg,loan_011,D:\GitHub\jinchuang\23-多模态技术与数据治理赛道-基于多模态大模型的金融影像智能相似度检测模型\基于多模态大模型的金融影像智能相似度检测模型\loan_011\face_signing.jpg,4,0.9255365133285522,low
loan_036,D:\GitHub\jinchuang\23-多模态技术与数据治理赛道-基于多模态大模型的金融影像智能相似度检测模型\基于多模态大模型的金融影像智能相似度检测模型\loan_036\face_signing.jpg,loan_053,D:\GitHub\jinchuang\23-多模态技术与数据治理赛道-基于多模态大模型的金融影像智能相似度检测模型\基于多模态大模型的金融影像智能相似度检测模型\loan_053\face_signing.jpg,5,0.9225919246673584,low
loan_037,D:\GitHub\jinchuang\23-多模态技术与数据治理赛道-基于多模态大模型的金融影像智能相似度检测模型\基于多模态大模型的金融影像智能相似度检测模型\loan_037\face_signing.jpg,loan_017,D:\GitHub\jinchuang\23-多模态技术与数据治理赛道-基于多模态大模型的金融影像智能相似度检测模型\基于多模态大模型的金融影像智能相似度检测模型\loan_017\face_signing.jpg,1,0.9455434083938599,medium
loan_037,D:\GitHub\jinchuang\23-多模态技术与数据治理赛道-基于多模态大模型的金融影像智能相似度检测模型\基于多模态大模型的金融影像智能相似度检测模型\loan_037\face_signing.jpg,loan_061,D:\GitHub\jinchuang\23-多模态技术与数据治理赛道-基于多模态大模型的金融影像智能相似度检测模型\基于多模态大模型的金融影像智能相似度检测模型\loan_061\face_signing.jpg,2,0.9379845857620239,medium
loan_037,D:\GitHub\jinchuang\23-多模态技术与数据治理赛道-基于多模态大模型的金融影像智能相似度检测模型\基于多模态大模型的金融影像智能相似度检测模型\loan_037\face_signing.jpg,loan_073,D:\GitHub\jinchuang\23-多模态技术与数据治理赛道-基于多模态大模型的金融影像智能相似度检测模型\基于多模态大模型的金融影像智能相似度检测模型\loan_073\face_signing.jpg,3,0.9155068397521973,low
loan_037,D:\GitHub\jinchuang\23-多模态技术与数据治理赛道-基于多模态大模型的金融影像智能相似度检测模型\基于多模态大模型的金融影像智能相似度检测模型\loan_037\face_signing.jpg,loan_060,D:\GitHub\jinchuang\23-多模态技术与数据治理赛道-基于多模态大模型的金融影像智能相似度检测模型\基于多模态大模型的金融影像智能相似度检测模型\loan_060\face_signing.jpg,4,0.9152868390083313,low
loan_037,D:\GitHub\jinchuang\23-多模态技术与数据治理赛道-基于多模态大模型的金融影像智能相似度检测模型\基于多模态大模型的金融影像智能相似度检测模型\loan_037\face_signing.jpg,loan_015,D:\GitHub\jinchuang\23-多模态技术与数据治理赛道-基于多模态大模型的金融影像智能相似度检测模型\基于多模态大模型的金融影像智能相似度检测模型\loan_015\face_signing.jpg,5,0.9111666083335876,low
loan_038,D:\GitHub\jinchuang\23-多模态技术与数据治理赛道-基于多模态大模型的金融影像智能相似度检测模型\基于多模态大模型的金融影像智能相似度检测模型\loan_038\face_signing.jpg,loan_024,D:\GitHub\jinchuang\23-多模态技术与数据治理赛道-基于多模态大模型的金融影像智能相似度检测模型\基于多模态大模型的金融影像智能相似度检测模型\loan_024\face_signing.jpg,1,0.9353396892547607,medium
loan_038,D:\GitHub\jinchuang\23-多模态技术与数据治理赛道-基于多模态大模型的金融影像智能相似度检测模型\基于多模态大模型的金融影像智能相似度检测模型\loan_038\face_signing.jpg,loan_006,D:\GitHub\jinchuang\23-多模态技术与数据治理赛道-基于多模态大模型的金融影像智能相似度检测模型\基于多模态大模型的金融影像智能相似度检测模型\loan_006\face_signing.jpg,2,0.9315801858901978,medium
loan_038,D:\GitHub\jinchuang\23-多模态技术与数据治理赛道-基于多模态大模型的金融影像智能相似度检测模型\基于多模态大模型的金融影像智能相似度检测模型\loan_038\face_signing.jpg,loan_063,D:\GitHub\jinchuang\23-多模态技术与数据治理赛道-基于多模态大模型的金融影像智能相似度检测模型\基于多模态大模型的金融影像智能相似度检测模型\loan_063\face_signing.jpg,3,0.9245507717132568,low
loan_038,D:\GitHub\jinchuang\23-多模态技术与数据治理赛道-基于多模态大模型的金融影像智能相似度检测模型\基于多模态大模型的金融影像智能相似度检测模型\loan_038\face_signing.jpg,loan_014,D:\GitHub\jinchuang\23-多模态技术与数据治理赛道-基于多模态大模型的金融影像智能相似度检测模型\基于多模态大模型的金融影像智能相似度检测模型\loan_014\face_signing.jpg,4,0.9183230400085449,low
loan_038,D:\GitHub\jinchuang\23-多模态技术与数据治理赛道-基于多模态大模型的金融影像智能相似度检测模型\基于多模态大模型的金融影像智能相似度检测模型\loan_038\face_signing.jpg,loan_048,D:\GitHub\jinchuang\23-多模态技术与数据治理赛道-基于多模态大模型的金融影像智能相似度检测模型\基于多模态大模型的金融影像智能相似度检测模型\loan_048\face_signing.jpg,5,0.9140030145645142,low
loan_039,D:\GitHub\jinchuang\23-多模态技术与数据治理赛道-基于多模态大模型的金融影像智能相似度检测模型\基于多模态大模型的金融影像智能相似度检测模型\loan_039\face_signing.jpg,loan_049,D:\GitHub\jinchuang\23-多模态技术与数据治理赛道-基于多模态大模型的金融影像智能相似度检测模型\基于多模态大模型的金融影像智能相似度检测模型\loan_049\face_signing.jpg,1,0.9064699411392212,low
loan_039,D:\GitHub\jinchuang\23-多模态技术与数据治理赛道-基于多模态大模型的金融影像智能相似度检测模型\基于多模态大模型的金融影像智能相似度检测模型\loan_039\face_signing.jpg,loan_029,D:\GitHub\jinchuang\23-多模态技术与数据治理赛道-基于多模态大模型的金融影像智能相似度检测模型\基于多模态大模型的金融影像智能相似度检测模型\loan_029\face_signing.jpg,2,0.8895189762115479,low
loan_039,D:\GitHub\jinchuang\23-多模态技术与数据治理赛道-基于多模态大模型的金融影像智能相似度检测模型\基于多模态大模型的金融影像智能相似度检测模型\loan_039\face_signing.jpg,loan_057,D:\GitHub\jinchuang\23-多模态技术与数据治理赛道-基于多模态大模型的金融影像智能相似度检测模型\基于多模态大模型的金融影像智能相似度检测模型\loan_057\face_signing.jpg,3,0.8818744421005249,low
loan_039,D:\GitHub\jinchuang\23-多模态技术与数据治理赛道-基于多模态大模型的金融影像智能相似度检测模型\基于多模态大模型的金融影像智能相似度检测模型\loan_039\face_signing.jpg,loan_013,D:\GitHub\jinchuang\23-多模态技术与数据治理赛道-基于多模态大模型的金融影像智能相似度检测模型\基于多模态大模型的金融影像智能相似度检测模型\loan_013\face_signing.jpg,4,0.8810107111930847,low
loan_039,D:\GitHub\jinchuang\23-多模态技术与数据治理赛道-基于多模态大模型的金融影像智能相似度检测模型\基于多模态大模型的金融影像智能相似度检测模型\loan_039\face_signing.jpg,loan_024,D:\GitHub\jinchuang\23-多模态技术与数据治理赛道-基于多模态大模型的金融影像智能相似度检测模型\基于多模态大模型的金融影像智能相似度检测模型\loan_024\face_signing.jpg,5,0.8757694363594055,low
loan_040,D:\GitHub\jinchuang\23-多模态技术与数据治理赛道-基于多模态大模型的金融影像智能相似度检测模型\基于多模态大模型的金融影像智能相似度检测模型\loan_040\face_signing.jpg,loan_074,D:\GitHub\jinchuang\23-多模态技术与数据治理赛道-基于多模态大模型的金融影像智能相似度检测模型\基于多模态大模型的金融影像智能相似度检测模型\loan_074\face_signing.jpg,1,0.9349651336669922,medium
loan_040,D:\GitHub\jinchuang\23-多模态技术与数据治理赛道-基于多模态大模型的金融影像智能相似度检测模型\基于多模态大模型的金融影像智能相似度检测模型\loan_040\face_signing.jpg,loan_035,D:\GitHub\jinchuang\23-多模态技术与数据治理赛道-基于多模态大模型的金融影像智能相似度检测模型\基于多模态大模型的金融影像智能相似度检测模型\loan_035\face_signing.jpg,2,0.9334383010864258,medium
loan_040,D:\GitHub\jinchuang\23-多模态技术与数据治理赛道-基于多模态大模型的金融影像智能相似度检测模型\基于多模态大模型的金融影像智能相似度检测模型\loan_040\face_signing.jpg,loan_004,D:\GitHub\jinchuang\23-多模态技术与数据治理赛道-基于多模态大模型的金融影像智能相似度检测模型\基于多模态大模型的金融影像智能相似度检测模型\loan_004\face_signing.jpg,3,0.9306654930114746,medium
loan_040,D:\GitHub\jinchuang\23-多模态技术与数据治理赛道-基于多模态大模型的金融影像智能相似度检测模型\基于多模态大模型的金融影像智能相似度检测模型\loan_040\face_signing.jpg,loan_050,D:\GitHub\jinchuang\23-多模态技术与数据治理赛道-基于多模态大模型的金融影像智能相似度检测模型\基于多模态大模型的金融影像智能相似度检测模型\loan_050\face_signing.jpg,4,0.9286341071128845,low
loan_040,D:\GitHub\jinchuang\23-多模态技术与数据治理赛道-基于多模态大模型的金融影像智能相似度检测模型\基于多模态大模型的金融影像智能相似度检测模型\loan_040\face_signing.jpg,loan_051,D:\GitHub\jinchuang\23-多模态技术与数据治理赛道-基于多模态大模型的金融影像智能相似度检测模型\基于多模态大模型的金融影像智能相似度检测模型\loan_051\face_signing.jpg,5,0.9241958856582642,low
loan_041,D:\GitHub\jinchuang\23-多模态技术与数据治理赛道-基于多模态大模型的金融影像智能相似度检测模型\基于多模态大模型的金融影像智能相似度检测模型\loan_041\face_signing.jpg,loan_053,D:\GitHub\jinchuang\23-多模态技术与数据治理赛道-基于多模态大模型的金融影像智能相似度检测模型\基于多模态大模型的金融影像智能相似度检测模型\loan_053\face_signing.jpg,1,0.9420357346534729,medium
loan_041,D:\GitHub\jinchuang\23-多模态技术与数据治理赛道-基于多模态大模型的金融影像智能相似度检测模型\基于多模态大模型的金融影像智能相似度检测模型\loan_041\face_signing.jpg,loan_054,D:\GitHub\jinchuang\23-多模态技术与数据治理赛道-基于多模态大模型的金融影像智能相似度检测模型\基于多模态大模型的金融影像智能相似度检测模型\loan_054\face_signing.jpg,2,0.9372868537902832,medium
loan_041,D:\GitHub\jinchuang\23-多模态技术与数据治理赛道-基于多模态大模型的金融影像智能相似度检测模型\基于多模态大模型的金融影像智能相似度检测模型\loan_041\face_signing.jpg,loan_011,D:\GitHub\jinchuang\23-多模态技术与数据治理赛道-基于多模态大模型的金融影像智能相似度检测模型\基于多模态大模型的金融影像智能相似度检测模型\loan_011\face_signing.jpg,3,0.9372712969779968,medium
loan_041,D:\GitHub\jinchuang\23-多模态技术与数据治理赛道-基于多模态大模型的金融影像智能相似度检测模型\基于多模态大模型的金融影像智能相似度检测模型\loan_041\face_signing.jpg,loan_070,D:\GitHub\jinchuang\23-多模态技术与数据治理赛道-基于多模态大模型的金融影像智能相似度检测模型\基于多模态大模型的金融影像智能相似度检测模型\loan_070\face_signing.jpg,4,0.9304887056350708,medium
loan_041,D:\GitHub\jinchuang\23-多模态技术与数据治理赛道-基于多模态大模型的金融影像智能相似度检测模型\基于多模态大模型的金融影像智能相似度检测模型\loan_041\face_signing.jpg,loan_008,D:\GitHub\jinchuang\23-多模态技术与数据治理赛道-基于多模态大模型的金融影像智能相似度检测模型\基于多模态大模型的金融影像智能相似度检测模型\loan_008\face_signing.jpg,5,0.9298110008239746,low
loan_042,D:\GitHub\jinchuang\23-多模态技术与数据治理赛道-基于多模态大模型的金融影像智能相似度检测模型\基于多模态大模型的金融影像智能相似度检测模型\loan_042\face_signing.jpg,loan_068,D:\GitHub\jinchuang\23-多模态技术与数据治理赛道-基于多模态大模型的金融影像智能相似度检测模型\基于多模态大模型的金融影像智能相似度检测模型\loan_068\face_signing.jpg,1,0.9789076447486877,high
loan_042,D:\GitHub\jinchuang\23-多模态技术与数据治理赛道-基于多模态大模型的金融影像智能相似度检测模型\基于多模态大模型的金融影像智能相似度检测模型\loan_042\face_signing.jpg,loan_069,D:\GitHub\jinchuang\23-多模态技术与数据治理赛道-基于多模态大模型的金融影像智能相似度检测模型\基于多模态大模型的金融影像智能相似度检测模型\loan_069\face_signing.jpg,2,0.9760713577270508,high
loan_042,D:\GitHub\jinchuang\23-多模态技术与数据治理赛道-基于多模态大模型的金融影像智能相似度检测模型\基于多模态大模型的金融影像智能相似度检测模型\loan_042\face_signing.jpg,loan_012,D:\GitHub\jinchuang\23-多模态技术与数据治理赛道-基于多模态大模型的金融影像智能相似度检测模型\基于多模态大模型的金融影像智能相似度检测模型\loan_012\face_signing.jpg,3,0.8923935890197754,low
loan_042,D:\GitHub\jinchuang\23-多模态技术与数据治理赛道-基于多模态大模型的金融影像智能相似度检测模型\基于多模态大模型的金融影像智能相似度检测模型\loan_042\face_signing.jpg,loan_055,D:\GitHub\jinchuang\23-多模态技术与数据治理赛道-基于多模态大模型的金融影像智能相似度检测模型\基于多模态大模型的金融影像智能相似度检测模型\loan_055\face_signing.jpg,4,0.890343189239502,low
loan_042,D:\GitHub\jinchuang\23-多模态技术与数据治理赛道-基于多模态大模型的金融影像智能相似度检测模型\基于多模态大模型的金融影像智能相似度检测模型\loan_042\face_signing.jpg,loan_019,D:\GitHub\jinchuang\23-多模态技术与数据治理赛道-基于多模态大模型的金融影像智能相似度检测模型\基于多模态大模型的金融影像智能相似度检测模型\loan_019\face_signing.jpg,5,0.8771601915359497,low
loan_043,D:\GitHub\jinchuang\23-多模态技术与数据治理赛道-基于多模态大模型的金融影像智能相似度检测模型\基于多模态大模型的金融影像智能相似度检测模型\loan_043\face_signing.jpg,loan_070,D:\GitHub\jinchuang\23-多模态技术与数据治理赛道-基于多模态大模型的金融影像智能相似度检测模型\基于多模态大模型的金融影像智能相似度检测模型\loan_070\face_signing.jpg,1,0.9789483547210693,high
loan_043,D:\GitHub\jinchuang\23-多模态技术与数据治理赛道-基于多模态大模型的金融影像智能相似度检测模型\基于多模态大模型的金融影像智能相似度检测模型\loan_043\face_signing.jpg,loan_071,D:\GitHub\jinchuang\23-多模态技术与数据治理赛道-基于多模态大模型的金融影像智能相似度检测模型\基于多模态大模型的金融影像智能相似度检测模型\loan_071\face_signing.jpg,2,0.9754535555839539,high
loan_043,D:\GitHub\jinchuang\23-多模态技术与数据治理赛道-基于多模态大模型的金融影像智能相似度检测模型\基于多模态大模型的金融影像智能相似度检测模型\loan_043\face_signing.jpg,loan_033,D:\GitHub\jinchuang\23-多模态技术与数据治理赛道-基于多模态大模型的金融影像智能相似度检测模型\基于多模态大模型的金融影像智能相似度检测模型\loan_033\face_signing.jpg,3,0.9434759020805359,medium
loan_043,D:\GitHub\jinchuang\23-多模态技术与数据治理赛道-基于多模态大模型的金融影像智能相似度检测模型\基于多模态大模型的金融影像智能相似度检测模型\loan_043\face_signing.jpg,loan_010,D:\GitHub\jinchuang\23-多模态技术与数据治理赛道-基于多模态大模型的金融影像智能相似度检测模型\基于多模态大模型的金融影像智能相似度检测模型\loan_010\face_signing.jpg,4,0.9384954571723938,medium
loan_043,D:\GitHub\jinchuang\23-多模态技术与数据治理赛道-基于多模态大模型的金融影像智能相似度检测模型\基于多模态大模型的金融影像智能相似度检测模型\loan_043\face_signing.jpg,loan_054,D:\GitHub\jinchuang\23-多模态技术与数据治理赛道-基于多模态大模型的金融影像智能相似度检测模型\基于多模态大模型的金融影像智能相似度检测模型\loan_054\face_signing.jpg,5,0.9337303638458252,medium
loan_044,D:\GitHub\jinchuang\23-多模态技术与数据治理赛道-基于多模态大模型的金融影像智能相似度检测模型\基于多模态大模型的金融影像智能相似度检测模型\loan_044\face_signing.jpg,loan_024,D:\GitHub\jinchuang\23-多模态技术与数据治理赛道-基于多模态大模型的金融影像智能相似度检测模型\基于多模态大模型的金融影像智能相似度检测模型\loan_024\face_signing.jpg,1,0.9299347996711731,low
loan_044,D:\GitHub\jinchuang\23-多模态技术与数据治理赛道-基于多模态大模型的金融影像智能相似度检测模型\基于多模态大模型的金融影像智能相似度检测模型\loan_044\face_signing.jpg,loan_047,D:\GitHub\jinchuang\23-多模态技术与数据治理赛道-基于多模态大模型的金融影像智能相似度检测模型\基于多模态大模型的金融影像智能相似度检测模型\loan_047\face_signing.jpg,2,0.9215526580810547,low
loan_044,D:\GitHub\jinchuang\23-多模态技术与数据治理赛道-基于多模态大模型的金融影像智能相似度检测模型\基于多模态大模型的金融影像智能相似度检测模型\loan_044\face_signing.jpg,loan_073,D:\GitHub\jinchuang\23-多模态技术与数据治理赛道-基于多模态大模型的金融影像智能相似度检测模型\基于多模态大模型的金融影像智能相似度检测模型\loan_073\face_signing.jpg,3,0.9169996380805969,low
loan_044,D:\GitHub\jinchuang\23-多模态技术与数据治理赛道-基于多模态大模型的金融影像智能相似度检测模型\基于多模态大模型的金融影像智能相似度检测模型\loan_044\face_signing.jpg,loan_063,D:\GitHub\jinchuang\23-多模态技术与数据治理赛道-基于多模态大模型的金融影像智能相似度检测模型\基于多模态大模型的金融影像智能相似度检测模型\loan_063\face_signing.jpg,4,0.9145288467407227,low
loan_044,D:\GitHub\jinchuang\23-多模态技术与数据治理赛道-基于多模态大模型的金融影像智能相似度检测模型\基于多模态大模型的金融影像智能相似度检测模型\loan_044\face_signing.jpg,loan_006,D:\GitHub\jinchuang\23-多模态技术与数据治理赛道-基于多模态大模型的金融影像智能相似度检测模型\基于多模态大模型的金融影像智能相似度检测模型\loan_006\face_signing.jpg,5,0.9122328758239746,low
loan_045,D:\GitHub\jinchuang\23-多模态技术与数据治理赛道-基于多模态大模型的金融影像智能相似度检测模型\基于多模态大模型的金融影像智能相似度检测模型\loan_045\face_signing.jpg,loan_073,D:\GitHub\jinchuang\23-多模态技术与数据治理赛道-基于多模态大模型的金融影像智能相似度检测模型\基于多模态大模型的金融影像智能相似度检测模型\loan_073\face_signing.jpg,1,0.9726481437683105,high
loan_045,D:\GitHub\jinchuang\23-多模态技术与数据治理赛道-基于多模态大模型的金融影像智能相似度检测模型\基于多模态大模型的金融影像智能相似度检测模型\loan_045\face_signing.jpg,loan_072,D:\GitHub\jinchuang\23-多模态技术与数据治理赛道-基于多模态大模型的金融影像智能相似度检测模型\基于多模态大模型的金融影像智能相似度检测模型\loan_072\face_signing.jpg,2,0.9725449085235596,high
loan_045,D:\GitHub\jinchuang\23-多模态技术与数据治理赛道-基于多模态大模型的金融影像智能相似度检测模型\基于多模态大模型的金融影像智能相似度检测模型\loan_045\face_signing.jpg,loan_017,D:\GitHub\jinchuang\23-多模态技术与数据治理赛道-基于多模态大模型的金融影像智能相似度检测模型\基于多模态大模型的金融影像智能相似度检测模型\loan_017\face_signing.jpg,3,0.933380126953125,medium
loan_045,D:\GitHub\jinchuang\23-多模态技术与数据治理赛道-基于多模态大模型的金融影像智能相似度检测模型\基于多模态大模型的金融影像智能相似度检测模型\loan_045\face_signing.jpg,loan_060,D:\GitHub\jinchuang\23-多模态技术与数据治理赛道-基于多模态大模型的金融影像智能相似度检测模型\基于多模态大模型的金融影像智能相似度检测模型\loan_060\face_signing.jpg,4,0.9223369359970093,low
loan_045,D:\GitHub\jinchuang\23-多模态技术与数据治理赛道-基于多模态大模型的金融影像智能相似度检测模型\基于多模态大模型的金融影像智能相似度检测模型\loan_045\face_signing.jpg,loan_061,D:\GitHub\jinchuang\23-多模态技术与数据治理赛道-基于多模态大模型的金融影像智能相似度检测模型\基于多模态大模型的金融影像智能相似度检测模型\loan_061\face_signing.jpg,5,0.9210922718048096,low
loan_046,D:\GitHub\jinchuang\23-多模态技术与数据治理赛道-基于多模态大模型的金融影像智能相似度检测模型\基于多模态大模型的金融影像智能相似度检测模型\loan_046\face_signing.jpg,loan_003,D:\GitHub\jinchuang\23-多模态技术与数据治理赛道-基于多模态大模型的金融影像智能相似度检测模型\基于多模态大模型的金融影像智能相似度检测模型\loan_003\face_signing.jpg,1,0.9215044975280762,low
loan_046,D:\GitHub\jinchuang\23-多模态技术与数据治理赛道-基于多模态大模型的金融影像智能相似度检测模型\基于多模态大模型的金融影像智能相似度检测模型\loan_046\face_signing.jpg,loan_021,D:\GitHub\jinchuang\23-多模态技术与数据治理赛道-基于多模态大模型的金融影像智能相似度检测模型\基于多模态大模型的金融影像智能相似度检测模型\loan_021\face_signing.jpg,2,0.921270489692688,low
loan_046,D:\GitHub\jinchuang\23-多模态技术与数据治理赛道-基于多模态大模型的金融影像智能相似度检测模型\基于多模态大模型的金融影像智能相似度检测模型\loan_046\face_signing.jpg,loan_005,D:\GitHub\jinchuang\23-多模态技术与数据治理赛道-基于多模态大模型的金融影像智能相似度检测模型\基于多模态大模型的金融影像智能相似度检测模型\loan_005\face_signing.jpg,3,0.9199186563491821,low
loan_046,D:\GitHub\jinchuang\23-多模态技术与数据治理赛道-基于多模态大模型的金融影像智能相似度检测模型\基于多模态大模型的金融影像智能相似度检测模型\loan_046\face_signing.jpg,loan_009,D:\GitHub\jinchuang\23-多模态技术与数据治理赛道-基于多模态大模型的金融影像智能相似度检测模型\基于多模态大模型的金融影像智能相似度检测模型\loan_009\face_signing.jpg,4,0.9181058406829834,low
loan_046,D:\GitHub\jinchuang\23-多模态技术与数据治理赛道-基于多模态大模型的金融影像智能相似度检测模型\基于多模态大模型的金融影像智能相似度检测模型\loan_046\face_signing.jpg,loan_008,D:\GitHub\jinchuang\23-多模态技术与数据治理赛道-基于多模态大模型的金融影像智能相似度检测模型\基于多模态大模型的金融影像智能相似度检测模型\loan_008\face_signing.jpg,5,0.9162132143974304,low
loan_047,D:\GitHub\jinchuang\23-多模态技术与数据治理赛道-基于多模态大模型的金融影像智能相似度检测模型\基于多模态大模型的金融影像智能相似度检测模型\loan_047\face_signing.jpg,loan_006,D:\GitHub\jinchuang\23-多模态技术与数据治理赛道-基于多模态大模型的金融影像智能相似度检测模型\基于多模态大模型的金融影像智能相似度检测模型\loan_006\face_signing.jpg,1,0.9406509399414062,medium
loan_047,D:\GitHub\jinchuang\23-多模态技术与数据治理赛道-基于多模态大模型的金融影像智能相似度检测模型\基于多模态大模型的金融影像智能相似度检测模型\loan_047\face_signing.jpg,loan_044,D:\GitHub\jinchuang\23-多模态技术与数据治理赛道-基于多模态大模型的金融影像智能相似度检测模型\基于多模态大模型的金融影像智能相似度检测模型\loan_044\face_signing.jpg,2,0.9215526580810547,low
loan_047,D:\GitHub\jinchuang\23-多模态技术与数据治理赛道-基于多模态大模型的金融影像智能相似度检测模型\基于多模态大模型的金融影像智能相似度检测模型\loan_047\face_signing.jpg,loan_024,D:\GitHub\jinchuang\23-多模态技术与数据治理赛道-基于多模态大模型的金融影像智能相似度检测模型\基于多模态大模型的金融影像智能相似度检测模型\loan_024\face_signing.jpg,3,0.9162563681602478,low
loan_047,D:\GitHub\jinchuang\23-多模态技术与数据治理赛道-基于多模态大模型的金融影像智能相似度检测模型\基于多模态大模型的金融影像智能相似度检测模型\loan_047\face_signing.jpg,loan_073,D:\GitHub\jinchuang\23-多模态技术与数据治理赛道-基于多模态大模型的金融影像智能相似度检测模型\基于多模态大模型的金融影像智能相似度检测模型\loan_073\face_signing.jpg,4,0.9157553911209106,low
loan_047,D:\GitHub\jinchuang\23-多模态技术与数据治理赛道-基于多模态大模型的金融影像智能相似度检测模型\基于多模态大模型的金融影像智能相似度检测模型\loan_047\face_signing.jpg,loan_017,D:\GitHub\jinchuang\23-多模态技术与数据治理赛道-基于多模态大模型的金融影像智能相似度检测模型\基于多模态大模型的金融影像智能相似度检测模型\loan_017\face_signing.jpg,5,0.9083490967750549,low
loan_048,D:\GitHub\jinchuang\23-多模态技术与数据治理赛道-基于多模态大模型的金融影像智能相似度检测模型\基于多模态大模型的金融影像智能相似度检测模型\loan_048\face_signing.jpg,loan_013,D:\GitHub\jinchuang\23-多模态技术与数据治理赛道-基于多模态大模型的金融影像智能相似度检测模型\基于多模态大模型的金融影像智能相似度检测模型\loan_013\face_signing.jpg,1,0.9284864664077759,low
loan_048,D:\GitHub\jinchuang\23-多模态技术与数据治理赛道-基于多模态大模型的金融影像智能相似度检测模型\基于多模态大模型的金融影像智能相似度检测模型\loan_048\face_signing.jpg,loan_038,D:\GitHub\jinchuang\23-多模态技术与数据治理赛道-基于多模态大模型的金融影像智能相似度检测模型\基于多模态大模型的金融影像智能相似度检测模型\loan_038\face_signing.jpg,2,0.9140030145645142,low
loan_048,D:\GitHub\jinchuang\23-多模态技术与数据治理赛道-基于多模态大模型的金融影像智能相似度检测模型\基于多模态大模型的金融影像智能相似度检测模型\loan_048\face_signing.jpg,loan_032,D:\GitHub\jinchuang\23-多模态技术与数据治理赛道-基于多模态大模型的金融影像智能相似度检测模型\基于多模态大模型的金融影像智能相似度检测模型\loan_032\face_signing.jpg,3,0.9131593108177185,low
loan_048,D:\GitHub\jinchuang\23-多模态技术与数据治理赛道-基于多模态大模型的金融影像智能相似度检测模型\基于多模态大模型的金融影像智能相似度检测模型\loan_048\face_signing.jpg,loan_014,D:\GitHub\jinchuang\23-多模态技术与数据治理赛道-基于多模态大模型的金融影像智能相似度检测模型\基于多模态大模型的金融影像智能相似度检测模型\loan_014\face_signing.jpg,4,0.9120960831642151,low
loan_048,D:\GitHub\jinchuang\23-多模态技术与数据治理赛道-基于多模态大模型的金融影像智能相似度检测模型\基于多模态大模型的金融影像智能相似度检测模型\loan_048\face_signing.jpg,loan_017,D:\GitHub\jinchuang\23-多模态技术与数据治理赛道-基于多模态大模型的金融影像智能相似度检测模型\基于多模态大模型的金融影像智能相似度检测模型\loan_017\face_signing.jpg,5,0.9090967178344727,low
loan_049,D:\GitHub\jinchuang\23-多模态技术与数据治理赛道-基于多模态大模型的金融影像智能相似度检测模型\基于多模态大模型的金融影像智能相似度检测模型\loan_049\face_signing.jpg,loan_013,D:\GitHub\jinchuang\23-多模态技术与数据治理赛道-基于多模态大模型的金融影像智能相似度检测模型\基于多模态大模型的金融影像智能相似度检测模型\loan_013\face_signing.jpg,1,0.9354226589202881,medium
loan_049,D:\GitHub\jinchuang\23-多模态技术与数据治理赛道-基于多模态大模型的金融影像智能相似度检测模型\基于多模态大模型的金融影像智能相似度检测模型\loan_049\face_signing.jpg,loan_057,D:\GitHub\jinchuang\23-多模态技术与数据治理赛道-基于多模态大模型的金融影像智能相似度检测模型\基于多模态大模型的金融影像智能相似度检测模型\loan_057\face_signing.jpg,2,0.9206607937812805,low
loan_049,D:\GitHub\jinchuang\23-多模态技术与数据治理赛道-基于多模态大模型的金融影像智能相似度检测模型\基于多模态大模型的金融影像智能相似度检测模型\loan_049\face_signing.jpg,loan_039,D:\GitHub\jinchuang\23-多模态技术与数据治理赛道-基于多模态大模型的金融影像智能相似度检测模型\基于多模态大模型的金融影像智能相似度检测模型\loan_039\face_signing.jpg,3,0.9064699411392212,low
loan_049,D:\GitHub\jinchuang\23-多模态技术与数据治理赛道-基于多模态大模型的金融影像智能相似度检测模型\基于多模态大模型的金融影像智能相似度检测模型\loan_049\face_signing.jpg,loan_037,D:\GitHub\jinchuang\23-多模态技术与数据治理赛道-基于多模态大模型的金融影像智能相似度检测模型\基于多模态大模型的金融影像智能相似度检测模型\loan_037\face_signing.jpg,4,0.9033257365226746,low
loan_049,D:\GitHub\jinchuang\23-多模态技术与数据治理赛道-基于多模态大模型的金融影像智能相似度检测模型\基于多模态大模型的金融影像智能相似度检测模型\loan_049\face_signing.jpg,loan_062,D:\GitHub\jinchuang\23-多模态技术与数据治理赛道-基于多模态大模型的金融影像智能相似度检测模型\基于多模态大模型的金融影像智能相似度检测模型\loan_062\face_signing.jpg,5,0.8992745280265808,low
loan_050,D:\GitHub\jinchuang\23-多模态技术与数据治理赛道-基于多模态大模型的金融影像智能相似度检测模型\基于多模态大模型的金融影像智能相似度检测模型\loan_050\face_signing.jpg,loan_074,D:\GitHub\jinchuang\23-多模态技术与数据治理赛道-基于多模态大模型的金融影像智能相似度检测模型\基于多模态大模型的金融影像智能相似度检测模型\loan_074\face_signing.jpg,1,0.980711817741394,high
loan_050,D:\GitHub\jinchuang\23-多模态技术与数据治理赛道-基于多模态大模型的金融影像智能相似度检测模型\基于多模态大模型的金融影像智能相似度检测模型\loan_050\face_signing.jpg,loan_040,D:\GitHub\jinchuang\23-多模态技术与数据治理赛道-基于多模态大模型的金融影像智能相似度检测模型\基于多模态大模型的金融影像智能相似度检测模型\loan_040\face_signing.jpg,2,0.9286341071128845,low
loan_050,D:\GitHub\jinchuang\23-多模态技术与数据治理赛道-基于多模态大模型的金融影像智能相似度检测模型\基于多模态大模型的金融影像智能相似度检测模型\loan_050\face_signing.jpg,loan_004,D:\GitHub\jinchuang\23-多模态技术与数据治理赛道-基于多模态大模型的金融影像智能相似度检测模型\基于多模态大模型的金融影像智能相似度检测模型\loan_004\face_signing.jpg,3,0.9273146390914917,low
loan_050,D:\GitHub\jinchuang\23-多模态技术与数据治理赛道-基于多模态大模型的金融影像智能相似度检测模型\基于多模态大模型的金融影像智能相似度检测模型\loan_050\face_signing.jpg,loan_030,D:\GitHub\jinchuang\23-多模态技术与数据治理赛道-基于多模态大模型的金融影像智能相似度检测模型\基于多模态大模型的金融影像智能相似度检测模型\loan_030\face_signing.jpg,4,0.9196141362190247,low
loan_050,D:\GitHub\jinchuang\23-多模态技术与数据治理赛道-基于多模态大模型的金融影像智能相似度检测模型\基于多模态大模型的金融影像智能相似度检测模型\loan_050\face_signing.jpg,loan_035,D:\GitHub\jinchuang\23-多模态技术与数据治理赛道-基于多模态大模型的金融影像智能相似度检测模型\基于多模态大模型的金融影像智能相似度检测模型\loan_035\face_signing.jpg,5,0.9063329696655273,low
loan_051,D:\GitHub\jinchuang\23-多模态技术与数据治理赛道-基于多模态大模型的金融影像智能相似度检测模型\基于多模态大模型的金融影像智能相似度检测模型\loan_051\face_signing.jpg,loan_002,D:\GitHub\jinchuang\23-多模态技术与数据治理赛道-基于多模态大模型的金融影像智能相似度检测模型\基于多模态大模型的金融影像智能相似度检测模型\loan_002\face_signing.jpg,1,0.9753119349479675,high
loan_051,D:\GitHub\jinchuang\23-多模态技术与数据治理赛道-基于多模态大模型的金融影像智能相似度检测模型\基于多模态大模型的金融影像智能相似度检测模型\loan_051\face_signing.jpg,loan_004,D:\GitHub\jinchuang\23-多模态技术与数据治理赛道-基于多模态大模型的金融影像智能相似度检测模型\基于多模态大模型的金融影像智能相似度检测模型\loan_004\face_signing.jpg,2,0.9520628452301025,medium
loan_051,D:\GitHub\jinchuang\23-多模态技术与数据治理赛道-基于多模态大模型的金融影像智能相似度检测模型\基于多模态大模型的金融影像智能相似度检测模型\loan_051\face_signing.jpg,loan_001,D:\GitHub\jinchuang\23-多模态技术与数据治理赛道-基于多模态大模型的金融影像智能相似度检测模型\基于多模态大模型的金融影像智能相似度检测模型\loan_001\face_signing.jpg,3,0.9409357309341431,medium
loan_051,D:\GitHub\jinchuang\23-多模态技术与数据治理赛道-基于多模态大模型的金融影像智能相似度检测模型\基于多模态大模型的金融影像智能相似度检测模型\loan_051\face_signing.jpg,loan_016,D:\GitHub\jinchuang\23-多模态技术与数据治理赛道-基于多模态大模型的金融影像智能相似度检测模型\基于多模态大模型的金融影像智能相似度检测模型\loan_016\face_signing.jpg,4,0.9277586936950684,low
loan_051,D:\GitHub\jinchuang\23-多模态技术与数据治理赛道-基于多模态大模型的金融影像智能相似度检测模型\基于多模态大模型的金融影像智能相似度检测模型\loan_051\face_signing.jpg,loan_010,D:\GitHub\jinchuang\23-多模态技术与数据治理赛道-基于多模态大模型的金融影像智能相似度检测模型\基于多模态大模型的金融影像智能相似度检测模型\loan_010\face_signing.jpg,5,0.9272760152816772,low
loan_052,D:\GitHub\jinchuang\23-多模态技术与数据治理赛道-基于多模态大模型的金融影像智能相似度检测模型\基于多模态大模型的金融影像智能相似度检测模型\loan_052\face_signing.jpg,loan_005,D:\GitHub\jinchuang\23-多模态技术与数据治理赛道-基于多模态大模型的金融影像智能相似度检测模型\基于多模态大模型的金融影像智能相似度检测模型\loan_005\face_signing.jpg,1,0.9747554659843445,high
loan_052,D:\GitHub\jinchuang\23-多模态技术与数据治理赛道-基于多模态大模型的金融影像智能相似度检测模型\基于多模态大模型的金融影像智能相似度检测模型\loan_052\face_signing.jpg,loan_008,D:\GitHub\jinchuang\23-多模态技术与数据治理赛道-基于多模态大模型的金融影像智能相似度检测模型\基于多模态大模型的金融影像智能相似度检测模型\loan_008\face_signing.jpg,2,0.9510906338691711,medium
loan_052,D:\GitHub\jinchuang\23-多模态技术与数据治理赛道-基于多模态大模型的金融影像智能相似度检测模型\基于多模态大模型的金融影像智能相似度检测模型\loan_052\face_signing.jpg,loan_003,D:\GitHub\jinchuang\23-多模态技术与数据治理赛道-基于多模态大模型的金融影像智能相似度检测模型\基于多模态大模型的金融影像智能相似度检测模型\loan_003\face_signing.jpg,3,0.9503746032714844,medium
loan_052,D:\GitHub\jinchuang\23-多模态技术与数据治理赛道-基于多模态大模型的金融影像智能相似度检测模型\基于多模态大模型的金融影像智能相似度检测模型\loan_052\face_signing.jpg,loan_053,D:\GitHub\jinchuang\23-多模态技术与数据治理赛道-基于多模态大模型的金融影像智能相似度检测模型\基于多模态大模型的金融影像智能相似度检测模型\loan_053\face_signing.jpg,4,0.9278874397277832,low
loan_052,D:\GitHub\jinchuang\23-多模态技术与数据治理赛道-基于多模态大模型的金融影像智能相似度检测模型\基于多模态大模型的金融影像智能相似度检测模型\loan_052\face_signing.jpg,loan_054,D:\GitHub\jinchuang\23-多模态技术与数据治理赛道-基于多模态大模型的金融影像智能相似度检测模型\基于多模态大模型的金融影像智能相似度检测模型\loan_054\face_signing.jpg,5,0.9225606322288513,low
loan_053,D:\GitHub\jinchuang\23-多模态技术与数据治理赛道-基于多模态大模型的金融影像智能相似度检测模型\基于多模态大模型的金融影像智能相似度检测模型\loan_053\face_signing.jpg,loan_054,D:\GitHub\jinchuang\23-多模态技术与数据治理赛道-基于多模态大模型的金融影像智能相似度检测模型\基于多模态大模型的金融影像智能相似度检测模型\loan_054\face_signing.jpg,1,0.9843325614929199,high
loan_053,D:\GitHub\jinchuang\23-多模态技术与数据治理赛道-基于多模态大模型的金融影像智能相似度检测模型\基于多模态大模型的金融影像智能相似度检测模型\loan_053\face_signing.jpg,loan_011,D:\GitHub\jinchuang\23-多模态技术与数据治理赛道-基于多模态大模型的金融影像智能相似度检测模型\基于多模态大模型的金融影像智能相似度检测模型\loan_011\face_signing.jpg,2,0.9836162328720093,high
loan_053,D:\GitHub\jinchuang\23-多模态技术与数据治理赛道-基于多模态大模型的金融影像智能相似度检测模型\基于多模态大模型的金融影像智能相似度检测模型\loan_053\face_signing.jpg,loan_003,D:\GitHub\jinchuang\23-多模态技术与数据治理赛道-基于多模态大模型的金融影像智能相似度检测模型\基于多模态大模型的金融影像智能相似度检测模型\loan_003\face_signing.jpg,3,0.9474108815193176,medium
loan_053,D:\GitHub\jinchuang\23-多模态技术与数据治理赛道-基于多模态大模型的金融影像智能相似度检测模型\基于多模态大模型的金融影像智能相似度检测模型\loan_053\face_signing.jpg,loan_041,D:\GitHub\jinchuang\23-多模态技术与数据治理赛道-基于多模态大模型的金融影像智能相似度检测模型\基于多模态大模型的金融影像智能相似度检测模型\loan_041\face_signing.jpg,4,0.9420357346534729,medium
loan_053,D:\GitHub\jinchuang\23-多模态技术与数据治理赛道-基于多模态大模型的金融影像智能相似度检测模型\基于多模态大模型的金融影像智能相似度检测模型\loan_053\face_signing.jpg,loan_071,D:\GitHub\jinchuang\23-多模态技术与数据治理赛道-基于多模态大模型的金融影像智能相似度检测模型\基于多模态大模型的金融影像智能相似度检测模型\loan_071\face_signing.jpg,5,0.9404296278953552,medium
loan_054,D:\GitHub\jinchuang\23-多模态技术与数据治理赛道-基于多模态大模型的金融影像智能相似度检测模型\基于多模态大模型的金融影像智能相似度检测模型\loan_054\face_signing.jpg,loan_053,D:\GitHub\jinchuang\23-多模态技术与数据治理赛道-基于多模态大模型的金融影像智能相似度检测模型\基于多模态大模型的金融影像智能相似度检测模型\loan_053\face_signing.jpg,1,0.9843325614929199,high
loan_054,D:\GitHub\jinchuang\23-多模态技术与数据治理赛道-基于多模态大模型的金融影像智能相似度检测模型\基于多模态大模型的金融影像智能相似度检测模型\loan_054\face_signing.jpg,loan_011,D:\GitHub\jinchuang\23-多模态技术与数据治理赛道-基于多模态大模型的金融影像智能相似度检测模型\基于多模态大模型的金融影像智能相似度检测模型\loan_011\face_signing.jpg,2,0.9831632375717163,high
loan_054,D:\GitHub\jinchuang\23-多模态技术与数据治理赛道-基于多模态大模型的金融影像智能相似度检测模型\基于多模态大模型的金融影像智能相似度检测模型\loan_054\face_signing.jpg,loan_003,D:\GitHub\jinchuang\23-多模态技术与数据治理赛道-基于多模态大模型的金融影像智能相似度检测模型\基于多模态大模型的金融影像智能相似度检测模型\loan_003\face_signing.jpg,3,0.9489835500717163,medium
loan_054,D:\GitHub\jinchuang\23-多模态技术与数据治理赛道-基于多模态大模型的金融影像智能相似度检测模型\基于多模态大模型的金融影像智能相似度检测模型\loan_054\face_signing.jpg,loan_071,D:\GitHub\jinchuang\23-多模态技术与数据治理赛道-基于多模态大模型的金融影像智能相似度检测模型\基于多模态大模型的金融影像智能相似度检测模型\loan_071\face_signing.jpg,4,0.9407218098640442,medium
loan_054,D:\GitHub\jinchuang\23-多模态技术与数据治理赛道-基于多模态大模型的金融影像智能相似度检测模型\基于多模态大模型的金融影像智能相似度检测模型\loan_054\face_signing.jpg,loan_041,D:\GitHub\jinchuang\23-多模态技术与数据治理赛道-基于多模态大模型的金融影像智能相似度检测模型\基于多模态大模型的金融影像智能相似度检测模型\loan_041\face_signing.jpg,5,0.9372868537902832,medium
loan_055,D:\GitHub\jinchuang\23-多模态技术与数据治理赛道-基于多模态大模型的金融影像智能相似度检测模型\基于多模态大模型的金融影像智能相似度检测模型\loan_055\face_signing.jpg,loan_012,D:\GitHub\jinchuang\23-多模态技术与数据治理赛道-基于多模态大模型的金融影像智能相似度检测模型\基于多模态大模型的金融影像智能相似度检测模型\loan_012\face_signing.jpg,1,0.972240686416626,high
loan_055,D:\GitHub\jinchuang\23-多模态技术与数据治理赛道-基于多模态大模型的金融影像智能相似度检测模型\基于多模态大模型的金融影像智能相似度检测模型\loan_055\face_signing.jpg,loan_056,D:\GitHub\jinchuang\23-多模态技术与数据治理赛道-基于多模态大模型的金融影像智能相似度检测模型\基于多模态大模型的金融影像智能相似度检测模型\loan_056\face_signing.jpg,2,0.971032977104187,high
loan_055,D:\GitHub\jinchuang\23-多模态技术与数据治理赛道-基于多模态大模型的金融影像智能相似度检测模型\基于多模态大模型的金融影像智能相似度检测模型\loan_055\face_signing.jpg,loan_022,D:\GitHub\jinchuang\23-多模态技术与数据治理赛道-基于多模态大模型的金融影像智能相似度检测模型\基于多模态大模型的金融影像智能相似度检测模型\loan_022\face_signing.jpg,3,0.9249297380447388,low
loan_055,D:\GitHub\jinchuang\23-多模态技术与数据治理赛道-基于多模态大模型的金融影像智能相似度检测模型\基于多模态大模型的金融影像智能相似度检测模型\loan_055\face_signing.jpg,loan_032,D:\GitHub\jinchuang\23-多模态技术与数据治理赛道-基于多模态大模型的金融影像智能相似度检测模型\基于多模态大模型的金融影像智能相似度检测模型\loan_032\face_signing.jpg,4,0.9110655784606934,low
loan_055,D:\GitHub\jinchuang\23-多模态技术与数据治理赛道-基于多模态大模型的金融影像智能相似度检测模型\基于多模态大模型的金融影像智能相似度检测模型\loan_055\face_signing.jpg,loan_027,D:\GitHub\jinchuang\23-多模态技术与数据治理赛道-基于多模态大模型的金融影像智能相似度检测模型\基于多模态大模型的金融影像智能相似度检测模型\loan_027\face_signing.jpg,5,0.9028146266937256,low
loan_056,D:\GitHub\jinchuang\23-多模态技术与数据治理赛道-基于多模态大模型的金融影像智能相似度检测模型\基于多模态大模型的金融影像智能相似度检测模型\loan_056\face_signing.jpg,loan_012,D:\GitHub\jinchuang\23-多模态技术与数据治理赛道-基于多模态大模型的金融影像智能相似度检测模型\基于多模态大模型的金融影像智能相似度检测模型\loan_012\face_signing.jpg,1,0.9756375551223755,high
loan_056,D:\GitHub\jinchuang\23-多模态技术与数据治理赛道-基于多模态大模型的金融影像智能相似度检测模型\基于多模态大模型的金融影像智能相似度检测模型\loan_056\face_signing.jpg,loan_055,D:\GitHub\jinchuang\23-多模态技术与数据治理赛道-基于多模态大模型的金融影像智能相似度检测模型\基于多模态大模型的金融影像智能相似度检测模型\loan_055\face_signing.jpg,2,0.971032977104187,high
loan_056,D:\GitHub\jinchuang\23-多模态技术与数据治理赛道-基于多模态大模型的金融影像智能相似度检测模型\基于多模态大模型的金融影像智能相似度检测模型\loan_056\face_signing.jpg,loan_022,D:\GitHub\jinchuang\23-多模态技术与数据治理赛道-基于多模态大模型的金融影像智能相似度检测模型\基于多模态大模型的金融影像智能相似度检测模型\loan_022\face_signing.jpg,3,0.9270350337028503,low
loan_056,D:\GitHub\jinchuang\23-多模态技术与数据治理赛道-基于多模态大模型的金融影像智能相似度检测模型\基于多模态大模型的金融影像智能相似度检测模型\loan_056\face_signing.jpg,loan_032,D:\GitHub\jinchuang\23-多模态技术与数据治理赛道-基于多模态大模型的金融影像智能相似度检测模型\基于多模态大模型的金融影像智能相似度检测模型\loan_032\face_signing.jpg,4,0.9232271909713745,low
loan_056,D:\GitHub\jinchuang\23-多模态技术与数据治理赛道-基于多模态大模型的金融影像智能相似度检测模型\基于多模态大模型的金融影像智能相似度检测模型\loan_056\face_signing.jpg,loan_027,D:\GitHub\jinchuang\23-多模态技术与数据治理赛道-基于多模态大模型的金融影像智能相似度检测模型\基于多模态大模型的金融影像智能相似度检测模型\loan_027\face_signing.jpg,5,0.9206289649009705,low
loan_057,D:\GitHub\jinchuang\23-多模态技术与数据治理赛道-基于多模态大模型的金融影像智能相似度检测模型\基于多模态大模型的金融影像智能相似度检测模型\loan_057\face_signing.jpg,loan_013,D:\GitHub\jinchuang\23-多模态技术与数据治理赛道-基于多模态大模型的金融影像智能相似度检测模型\基于多模态大模型的金融影像智能相似度检测模型\loan_013\face_signing.jpg,1,0.977027177810669,high
loan_057,D:\GitHub\jinchuang\23-多模态技术与数据治理赛道-基于多模态大模型的金融影像智能相似度检测模型\基于多模态大模型的金融影像智能相似度检测模型\loan_057\face_signing.jpg,loan_049,D:\GitHub\jinchuang\23-多模态技术与数据治理赛道-基于多模态大模型的金融影像智能相似度检测模型\基于多模态大模型的金融影像智能相似度检测模型\loan_049\face_signing.jpg,2,0.9206607937812805,low
loan_057,D:\GitHub\jinchuang\23-多模态技术与数据治理赛道-基于多模态大模型的金融影像智能相似度检测模型\基于多模态大模型的金融影像智能相似度检测模型\loan_057\face_signing.jpg,loan_048,D:\GitHub\jinchuang\23-多模态技术与数据治理赛道-基于多模态大模型的金融影像智能相似度检测模型\基于多模态大模型的金融影像智能相似度检测模型\loan_048\face_signing.jpg,3,0.9072388410568237,low
loan_057,D:\GitHub\jinchuang\23-多模态技术与数据治理赛道-基于多模态大模型的金融影像智能相似度检测模型\基于多模态大模型的金融影像智能相似度检测模型\loan_057\face_signing.jpg,loan_014,D:\GitHub\jinchuang\23-多模态技术与数据治理赛道-基于多模态大模型的金融影像智能相似度检测模型\基于多模态大模型的金融影像智能相似度检测模型\loan_014\face_signing.jpg,4,0.9033273458480835,low
loan_057,D:\GitHub\jinchuang\23-多模态技术与数据治理赛道-基于多模态大模型的金融影像智能相似度检测模型\基于多模态大模型的金融影像智能相似度检测模型\loan_057\face_signing.jpg,loan_070,D:\GitHub\jinchuang\23-多模态技术与数据治理赛道-基于多模态大模型的金融影像智能相似度检测模型\基于多模态大模型的金融影像智能相似度检测模型\loan_070\face_signing.jpg,5,0.8874538540840149,low
loan_058,D:\GitHub\jinchuang\23-多模态技术与数据治理赛道-基于多模态大模型的金融影像智能相似度检测模型\基于多模态大模型的金融影像智能相似度检测模型\loan_058\face_signing.jpg,loan_059,D:\GitHub\jinchuang\23-多模态技术与数据治理赛道-基于多模态大模型的金融影像智能相似度检测模型\基于多模态大模型的金融影像智能相似度检测模型\loan_059\face_signing.jpg,1,0.9857848286628723,high
loan_058,D:\GitHub\jinchuang\23-多模态技术与数据治理赛道-基于多模态大模型的金融影像智能相似度检测模型\基于多模态大模型的金融影像智能相似度检测模型\loan_058\face_signing.jpg,loan_016,D:\GitHub\jinchuang\23-多模态技术与数据治理赛道-基于多模态大模型的金融影像智能相似度检测模型\基于多模态大模型的金融影像智能相似度检测模型\loan_016\face_signing.jpg,2,0.9799247980117798,high
loan_058,D:\GitHub\jinchuang\23-多模态技术与数据治理赛道-基于多模态大模型的金融影像智能相似度检测模型\基于多模态大模型的金融影像智能相似度检测模型\loan_058\face_signing.jpg,loan_035,D:\GitHub\jinchuang\23-多模态技术与数据治理赛道-基于多模态大模型的金融影像智能相似度检测模型\基于多模态大模型的金融影像智能相似度检测模型\loan_035\face_signing.jpg,3,0.924990177154541,low
loan_058,D:\GitHub\jinchuang\23-多模态技术与数据治理赛道-基于多模态大模型的金融影像智能相似度检测模型\基于多模态大模型的金融影像智能相似度检测模型\loan_058\face_signing.jpg,loan_067,D:\GitHub\jinchuang\23-多模态技术与数据治理赛道-基于多模态大模型的金融影像智能相似度检测模型\基于多模态大模型的金融影像智能相似度检测模型\loan_067\face_signing.jpg,4,0.9226458072662354,low
loan_058,D:\GitHub\jinchuang\23-多模态技术与数据治理赛道-基于多模态大模型的金融影像智能相似度检测模型\基于多模态大模型的金融影像智能相似度检测模型\loan_058\face_signing.jpg,loan_066,D:\GitHub\jinchuang\23-多模态技术与数据治理赛道-基于多模态大模型的金融影像智能相似度检测模型\基于多模态大模型的金融影像智能相似度检测模型\loan_066\face_signing.jpg,5,0.9214091300964355,low
loan_059,D:\GitHub\jinchuang\23-多模态技术与数据治理赛道-基于多模态大模型的金融影像智能相似度检测模型\基于多模态大模型的金融影像智能相似度检测模型\loan_059\face_signing.jpg,loan_058,D:\GitHub\jinchuang\23-多模态技术与数据治理赛道-基于多模态大模型的金融影像智能相似度检测模型\基于多模态大模型的金融影像智能相似度检测模型\loan_058\face_signing.jpg,1,0.9857848286628723,high
loan_059,D:\GitHub\jinchuang\23-多模态技术与数据治理赛道-基于多模态大模型的金融影像智能相似度检测模型\基于多模态大模型的金融影像智能相似度检测模型\loan_059\face_signing.jpg,loan_016,D:\GitHub\jinchuang\23-多模态技术与数据治理赛道-基于多模态大模型的金融影像智能相似度检测模型\基于多模态大模型的金融影像智能相似度检测模型\loan_016\face_signing.jpg,2,0.9807956218719482,high
loan_059,D:\GitHub\jinchuang\23-多模态技术与数据治理赛道-基于多模态大模型的金融影像智能相似度检测模型\基于多模态大模型的金融影像智能相似度检测模型\loan_059\face_signing.jpg,loan_035,D:\GitHub\jinchuang\23-多模态技术与数据治理赛道-基于多模态大模型的金融影像智能相似度检测模型\基于多模态大模型的金融影像智能相似度检测模型\loan_035\face_signing.jpg,3,0.9237850904464722,low
loan_059,D:\GitHub\jinchuang\23-多模态技术与数据治理赛道-基于多模态大模型的金融影像智能相似度检测模型\基于多模态大模型的金融影像智能相似度检测模型\loan_059\face_signing.jpg,loan_051,D:\GitHub\jinchuang\23-多模态技术与数据治理赛道-基于多模态大模型的金融影像智能相似度检测模型\基于多模态大模型的金融影像智能相似度检测模型\loan_051\face_signing.jpg,4,0.922741174697876,low
loan_059,D:\GitHub\jinchuang\23-多模态技术与数据治理赛道-基于多模态大模型的金融影像智能相似度检测模型\基于多模态大模型的金融影像智能相似度检测模型\loan_059\face_signing.jpg,loan_067,D:\GitHub\jinchuang\23-多模态技术与数据治理赛道-基于多模态大模型的金融影像智能相似度检测模型\基于多模态大模型的金融影像智能相似度检测模型\loan_067\face_signing.jpg,5,0.9199294447898865,low
loan_060,D:\GitHub\jinchuang\23-多模态技术与数据治理赛道-基于多模态大模型的金融影像智能相似度检测模型\基于多模态大模型的金融影像智能相似度检测模型\loan_060\face_signing.jpg,loan_061,D:\GitHub\jinchuang\23-多模态技术与数据治理赛道-基于多模态大模型的金融影像智能相似度检测模型\基于多模态大模型的金融影像智能相似度检测模型\loan_061\face_signing.jpg,1,0.9756958484649658,high
loan_060,D:\GitHub\jinchuang\23-多模态技术与数据治理赛道-基于多模态大模型的金融影像智能相似度检测模型\基于多模态大模型的金融影像智能相似度检测模型\loan_060\face_signing.jpg,loan_017,D:\GitHub\jinchuang\23-多模态技术与数据治理赛道-基于多模态大模型的金融影像智能相似度检测模型\基于多模态大模型的金融影像智能相似度检测模型\loan_017\face_signing.jpg,2,0.9748286008834839,high
loan_060,D:\GitHub\jinchuang\23-多模态技术与数据治理赛道-基于多模态大模型的金融影像智能相似度检测模型\基于多模态大模型的金融影像智能相似度检测模型\loan_060\face_signing.jpg,loan_073,D:\GitHub\jinchuang\23-多模态技术与数据治理赛道-基于多模态大模型的金融影像智能相似度检测模型\基于多模态大模型的金融影像智能相似度检测模型\loan_073\face_signing.jpg,3,0.930081844329834,medium
loan_060,D:\GitHub\jinchuang\23-多模态技术与数据治理赛道-基于多模态大模型的金融影像智能相似度检测模型\基于多模态大模型的金融影像智能相似度检测模型\loan_060\face_signing.jpg,loan_045,D:\GitHub\jinchuang\23-多模态技术与数据治理赛道-基于多模态大模型的金融影像智能相似度检测模型\基于多模态大模型的金融影像智能相似度检测模型\loan_045\face_signing.jpg,4,0.9223369359970093,low
loan_060,D:\GitHub\jinchuang\23-多模态技术与数据治理赛道-基于多模态大模型的金融影像智能相似度检测模型\基于多模态大模型的金融影像智能相似度检测模型\loan_060\face_signing.jpg,loan_004,D:\GitHub\jinchuang\23-多模态技术与数据治理赛道-基于多模态大模型的金融影像智能相似度检测模型\基于多模态大模型的金融影像智能相似度检测模型\loan_004\face_signing.jpg,5,0.9194216728210449,low
loan_061,D:\GitHub\jinchuang\23-多模态技术与数据治理赛道-基于多模态大模型的金融影像智能相似度检测模型\基于多模态大模型的金融影像智能相似度检测模型\loan_061\face_signing.jpg,loan_017,D:\GitHub\jinchuang\23-多模态技术与数据治理赛道-基于多模态大模型的金融影像智能相似度检测模型\基于多模态大模型的金融影像智能相似度检测模型\loan_017\face_signing.jpg,1,0.9850414991378784,high
loan_061,D:\GitHub\jinchuang\23-多模态技术与数据治理赛道-基于多模态大模型的金融影像智能相似度检测模型\基于多模态大模型的金融影像智能相似度检测模型\loan_061\face_signing.jpg,loan_060,D:\GitHub\jinchuang\23-多模态技术与数据治理赛道-基于多模态大模型的金融影像智能相似度检测模型\基于多模态大模型的金融影像智能相似度检测模型\loan_060\face_signing.jpg,2,0.9756958484649658,high
loan_061,D:\GitHub\jinchuang\23-多模态技术与数据治理赛道-基于多模态大模型的金融影像智能相似度检测模型\基于多模态大模型的金融影像智能相似度检测模型\loan_061\face_signing.jpg,loan_037,D:\GitHub\jinchuang\23-多模态技术与数据治理赛道-基于多模态大模型的金融影像智能相似度检测模型\基于多模态大模型的金融影像智能相似度检测模型\loan_037\face_signing.jpg,3,0.9379845857620239,medium
loan_061,D:\GitHub\jinchuang\23-多模态技术与数据治理赛道-基于多模态大模型的金融影像智能相似度检测模型\基于多模态大模型的金融影像智能相似度检测模型\loan_061\face_signing.jpg,loan_073,D:\GitHub\jinchuang\23-多模态技术与数据治理赛道-基于多模态大模型的金融影像智能相似度检测模型\基于多模态大模型的金融影像智能相似度检测模型\loan_073\face_signing.jpg,4,0.9331634640693665,medium
loan_061,D:\GitHub\jinchuang\23-多模态技术与数据治理赛道-基于多模态大模型的金融影像智能相似度检测模型\基于多模态大模型的金融影像智能相似度检测模型\loan_061\face_signing.jpg,loan_045,D:\GitHub\jinchuang\23-多模态技术与数据治理赛道-基于多模态大模型的金融影像智能相似度检测模型\基于多模态大模型的金融影像智能相似度检测模型\loan_045\face_signing.jpg,5,0.9210922718048096,low
loan_062,D:\GitHub\jinchuang\23-多模态技术与数据治理赛道-基于多模态大模型的金融影像智能相似度检测模型\基于多模态大模型的金融影像智能相似度检测模型\loan_062\face_signing.jpg,loan_023,D:\GitHub\jinchuang\23-多模态技术与数据治理赛道-基于多模态大模型的金融影像智能相似度检测模型\基于多模态大模型的金融影像智能相似度检测模型\loan_023\face_signing.jpg,1,0.9782823920249939,high
loan_062,D:\GitHub\jinchuang\23-多模态技术与数据治理赛道-基于多模态大模型的金融影像智能相似度检测模型\基于多模态大模型的金融影像智能相似度检测模型\loan_062\face_signing.jpg,loan_071,D:\GitHub\jinchuang\23-多模态技术与数据治理赛道-基于多模态大模型的金融影像智能相似度检测模型\基于多模态大模型的金融影像智能相似度检测模型\loan_071\face_signing.jpg,2,0.9308663606643677,medium
loan_062,D:\GitHub\jinchuang\23-多模态技术与数据治理赛道-基于多模态大模型的金融影像智能相似度检测模型\基于多模态大模型的金融影像智能相似度检测模型\loan_062\face_signing.jpg,loan_041,D:\GitHub\jinchuang\23-多模态技术与数据治理赛道-基于多模态大模型的金融影像智能相似度检测模型\基于多模态大模型的金融影像智能相似度检测模型\loan_041\face_signing.jpg,3,0.9210157990455627,low
loan_062,D:\GitHub\jinchuang\23-多模态技术与数据治理赛道-基于多模态大模型的金融影像智能相似度检测模型\基于多模态大模型的金融影像智能相似度检测模型\loan_062\face_signing.jpg,loan_008,D:\GitHub\jinchuang\23-多模态技术与数据治理赛道-基于多模态大模型的金融影像智能相似度检测模型\基于多模态大模型的金融影像智能相似度检测模型\loan_008\face_signing.jpg,4,0.9209496378898621,low
loan_062,D:\GitHub\jinchuang\23-多模态技术与数据治理赛道-基于多模态大模型的金融影像智能相似度检测模型\基于多模态大模型的金融影像智能相似度检测模型\loan_062\face_signing.jpg,loan_005,D:\GitHub\jinchuang\23-多模态技术与数据治理赛道-基于多模态大模型的金融影像智能相似度检测模型\基于多模态大模型的金融影像智能相似度检测模型\loan_005\face_signing.jpg,5,0.9208050966262817,low
loan_063,D:\GitHub\jinchuang\23-多模态技术与数据治理赛道-基于多模态大模型的金融影像智能相似度检测模型\基于多模态大模型的金融影像智能相似度检测模型\loan_063\face_signing.jpg,loan_025,D:\GitHub\jinchuang\23-多模态技术与数据治理赛道-基于多模态大模型的金融影像智能相似度检测模型\基于多模态大模型的金融影像智能相似度检测模型\loan_025\face_signing.jpg,1,0.9788599014282227,high
loan_063,D:\GitHub\jinchuang\23-多模态技术与数据治理赛道-基于多模态大模型的金融影像智能相似度检测模型\基于多模态大模型的金融影像智能相似度检测模型\loan_063\face_signing.jpg,loan_038,D:\GitHub\jinchuang\23-多模态技术与数据治理赛道-基于多模态大模型的金融影像智能相似度检测模型\基于多模态大模型的金融影像智能相似度检测模型\loan_038\face_signing.jpg,2,0.9245507717132568,low
loan_063,D:\GitHub\jinchuang\23-多模态技术与数据治理赛道-基于多模态大模型的金融影像智能相似度检测模型\基于多模态大模型的金融影像智能相似度检测模型\loan_063\face_signing.jpg,loan_044,D:\GitHub\jinchuang\23-多模态技术与数据治理赛道-基于多模态大模型的金融影像智能相似度检测模型\基于多模态大模型的金融影像智能相似度检测模型\loan_044\face_signing.jpg,3,0.9145288467407227,low
loan_063,D:\GitHub\jinchuang\23-多模态技术与数据治理赛道-基于多模态大模型的金融影像智能相似度检测模型\基于多模态大模型的金融影像智能相似度检测模型\loan_063\face_signing.jpg,loan_014,D:\GitHub\jinchuang\23-多模态技术与数据治理赛道-基于多模态大模型的金融影像智能相似度检测模型\基于多模态大模型的金融影像智能相似度检测模型\loan_014\face_signing.jpg,4,0.9143664836883545,low
loan_063,D:\GitHub\jinchuang\23-多模态技术与数据治理赛道-基于多模态大模型的金融影像智能相似度检测模型\基于多模态大模型的金融影像智能相似度检测模型\loan_063\face_signing.jpg,loan_024,D:\GitHub\jinchuang\23-多模态技术与数据治理赛道-基于多模态大模型的金融影像智能相似度检测模型\基于多模态大模型的金融影像智能相似度检测模型\loan_024\face_signing.jpg,5,0.9125314950942993,low
loan_064,D:\GitHub\jinchuang\23-多模态技术与数据治理赛道-基于多模态大模型的金融影像智能相似度检测模型\基于多模态大模型的金融影像智能相似度检测模型\loan_064\face_signing.jpg,loan_028,D:\GitHub\jinchuang\23-多模态技术与数据治理赛道-基于多模态大模型的金融影像智能相似度检测模型\基于多模态大模型的金融影像智能相似度检测模型\loan_028\face_signing.jpg,1,0.9766556620597839,high
loan_064,D:\GitHub\jinchuang\23-多模态技术与数据治理赛道-基于多模态大模型的金融影像智能相似度检测模型\基于多模态大模型的金融影像智能相似度检测模型\loan_064\face_signing.jpg,loan_065,D:\GitHub\jinchuang\23-多模态技术与数据治理赛道-基于多模态大模型的金融影像智能相似度检测模型\基于多模态大模型的金融影像智能相似度检测模型\loan_065\face_signing.jpg,2,0.9747915863990784,high
loan_064,D:\GitHub\jinchuang\23-多模态技术与数据治理赛道-基于多模态大模型的金融影像智能相似度检测模型\基于多模态大模型的金融影像智能相似度检测模型\loan_064\face_signing.jpg,loan_009,D:\GitHub\jinchuang\23-多模态技术与数据治理赛道-基于多模态大模型的金融影像智能相似度检测模型\基于多模态大模型的金融影像智能相似度检测模型\loan_009\face_signing.jpg,3,0.9297761917114258,low
loan_064,D:\GitHub\jinchuang\23-多模态技术与数据治理赛道-基于多模态大模型的金融影像智能相似度检测模型\基于多模态大模型的金融影像智能相似度检测模型\loan_064\face_signing.jpg,loan_007,D:\GitHub\jinchuang\23-多模态技术与数据治理赛道-基于多模态大模型的金融影像智能相似度检测模型\基于多模态大模型的金融影像智能相似度检测模型\loan_007\face_signing.jpg,4,0.9271196126937866,low
loan_064,D:\GitHub\jinchuang\23-多模态技术与数据治理赛道-基于多模态大模型的金融影像智能相似度检测模型\基于多模态大模型的金融影像智能相似度检测模型\loan_064\face_signing.jpg,loan_010,D:\GitHub\jinchuang\23-多模态技术与数据治理赛道-基于多模态大模型的金融影像智能相似度检测模型\基于多模态大模型的金融影像智能相似度检测模型\loan_010\face_signing.jpg,5,0.9239981174468994,low
loan_065,D:\GitHub\jinchuang\23-多模态技术与数据治理赛道-基于多模态大模型的金融影像智能相似度检测模型\基于多模态大模型的金融影像智能相似度检测模型\loan_065\face_signing.jpg,loan_028,D:\GitHub\jinchuang\23-多模态技术与数据治理赛道-基于多模态大模型的金融影像智能相似度检测模型\基于多模态大模型的金融影像智能相似度检测模型\loan_028\face_signing.jpg,1,0.9795780181884766,high
loan_065,D:\GitHub\jinchuang\23-多模态技术与数据治理赛道-基于多模态大模型的金融影像智能相似度检测模型\基于多模态大模型的金融影像智能相似度检测模型\loan_065\face_signing.jpg,loan_064,D:\GitHub\jinchuang\23-多模态技术与数据治理赛道-基于多模态大模型的金融影像智能相似度检测模型\基于多模态大模型的金融影像智能相似度检测模型\loan_064\face_signing.jpg,2,0.9747915863990784,high
loan_065,D:\GitHub\jinchuang\23-多模态技术与数据治理赛道-基于多模态大模型的金融影像智能相似度检测模型\基于多模态大模型的金融影像智能相似度检测模型\loan_065\face_signing.jpg,loan_005,D:\GitHub\jinchuang\23-多模态技术与数据治理赛道-基于多模态大模型的金融影像智能相似度检测模型\基于多模态大模型的金融影像智能相似度检测模型\loan_005\face_signing.jpg,3,0.932181715965271,medium
loan_065,D:\GitHub\jinchuang\23-多模态技术与数据治理赛道-基于多模态大模型的金融影像智能相似度检测模型\基于多模态大模型的金融影像智能相似度检测模型\loan_065\face_signing.jpg,loan_009,D:\GitHub\jinchuang\23-多模态技术与数据治理赛道-基于多模态大模型的金融影像智能相似度检测模型\基于多模态大模型的金融影像智能相似度检测模型\loan_009\face_signing.jpg,4,0.93022221326828,medium
loan_065,D:\GitHub\jinchuang\23-多模态技术与数据治理赛道-基于多模态大模型的金融影像智能相似度检测模型\基于多模态大模型的金融影像智能相似度检测模型\loan_065\face_signing.jpg,loan_003,D:\GitHub\jinchuang\23-多模态技术与数据治理赛道-基于多模态大模型的金融影像智能相似度检测模型\基于多模态大模型的金融影像智能相似度检测模型\loan_003\face_signing.jpg,5,0.92568039894104,low
loan_066,D:\GitHub\jinchuang\23-多模态技术与数据治理赛道-基于多模态大模型的金融影像智能相似度检测模型\基于多模态大模型的金融影像智能相似度检测模型\loan_066\face_signing.jpg,loan_067,D:\GitHub\jinchuang\23-多模态技术与数据治理赛道-基于多模态大模型的金融影像智能相似度检测模型\基于多模态大模型的金融影像智能相似度检测模型\loan_067\face_signing.jpg,1,0.9870195984840393,high
loan_066,D:\GitHub\jinchuang\23-多模态技术与数据治理赛道-基于多模态大模型的金融影像智能相似度检测模型\基于多模态大模型的金融影像智能相似度检测模型\loan_066\face_signing.jpg,loan_035,D:\GitHub\jinchuang\23-多模态技术与数据治理赛道-基于多模态大模型的金融影像智能相似度检测模型\基于多模态大模型的金融影像智能相似度检测模型\loan_035\face_signing.jpg,2,0.9756929278373718,high
loan_066,D:\GitHub\jinchuang\23-多模态技术与数据治理赛道-基于多模态大模型的金融影像智能相似度检测模型\基于多模态大模型的金融影像智能相似度检测模型\loan_066\face_signing.jpg,loan_058,D:\GitHub\jinchuang\23-多模态技术与数据治理赛道-基于多模态大模型的金融影像智能相似度检测模型\基于多模态大模型的金融影像智能相似度检测模型\loan_058\face_signing.jpg,3,0.9214091300964355,low
loan_066,D:\GitHub\jinchuang\23-多模态技术与数据治理赛道-基于多模态大模型的金融影像智能相似度检测模型\基于多模态大模型的金融影像智能相似度检测模型\loan_066\face_signing.jpg,loan_059,D:\GitHub\jinchuang\23-多模态技术与数据治理赛道-基于多模态大模型的金融影像智能相似度检测模型\基于多模态大模型的金融影像智能相似度检测模型\loan_059\face_signing.jpg,4,0.9168717861175537,low
loan_066,D:\GitHub\jinchuang\23-多模态技术与数据治理赛道-基于多模态大模型的金融影像智能相似度检测模型\基于多模态大模型的金融影像智能相似度检测模型\loan_066\face_signing.jpg,loan_030,D:\GitHub\jinchuang\23-多模态技术与数据治理赛道-基于多模态大模型的金融影像智能相似度检测模型\基于多模态大模型的金融影像智能相似度检测模型\loan_030\face_signing.jpg,5,0.9116660356521606,low
loan_067,D:\GitHub\jinchuang\23-多模态技术与数据治理赛道-基于多模态大模型的金融影像智能相似度检测模型\基于多模态大模型的金融影像智能相似度检测模型\loan_067\face_signing.jpg,loan_066,D:\GitHub\jinchuang\23-多模态技术与数据治理赛道-基于多模态大模型的金融影像智能相似度检测模型\基于多模态大模型的金融影像智能相似度检测模型\loan_066\face_signing.jpg,1,0.9870195984840393,high
loan_067,D:\GitHub\jinchuang\23-多模态技术与数据治理赛道-基于多模态大模型的金融影像智能相似度检测模型\基于多模态大模型的金融影像智能相似度检测模型\loan_067\face_signing.jpg,loan_035,D:\GitHub\jinchuang\23-多模态技术与数据治理赛道-基于多模态大模型的金融影像智能相似度检测模型\基于多模态大模型的金融影像智能相似度检测模型\loan_035\face_signing.jpg,2,0.9756802916526794,high
loan_067,D:\GitHub\jinchuang\23-多模态技术与数据治理赛道-基于多模态大模型的金融影像智能相似度检测模型\基于多模态大模型的金融影像智能相似度检测模型\loan_067\face_signing.jpg,loan_058,D:\GitHub\jinchuang\23-多模态技术与数据治理赛道-基于多模态大模型的金融影像智能相似度检测模型\基于多模态大模型的金融影像智能相似度检测模型\loan_058\face_signing.jpg,3,0.9226458072662354,low
loan_067,D:\GitHub\jinchuang\23-多模态技术与数据治理赛道-基于多模态大模型的金融影像智能相似度检测模型\基于多模态大模型的金融影像智能相似度检测模型\loan_067\face_signing.jpg,loan_059,D:\GitHub\jinchuang\23-多模态技术与数据治理赛道-基于多模态大模型的金融影像智能相似度检测模型\基于多模态大模型的金融影像智能相似度检测模型\loan_059\face_signing.jpg,4,0.9199294447898865,low
loan_067,D:\GitHub\jinchuang\23-多模态技术与数据治理赛道-基于多模态大模型的金融影像智能相似度检测模型\基于多模态大模型的金融影像智能相似度检测模型\loan_067\face_signing.jpg,loan_030,D:\GitHub\jinchuang\23-多模态技术与数据治理赛道-基于多模态大模型的金融影像智能相似度检测模型\基于多模态大模型的金融影像智能相似度检测模型\loan_030\face_signing.jpg,5,0.9161143898963928,low
loan_068,D:\GitHub\jinchuang\23-多模态技术与数据治理赛道-基于多模态大模型的金融影像智能相似度检测模型\基于多模态大模型的金融影像智能相似度检测模型\loan_068\face_signing.jpg,loan_042,D:\GitHub\jinchuang\23-多模态技术与数据治理赛道-基于多模态大模型的金融影像智能相似度检测模型\基于多模态大模型的金融影像智能相似度检测模型\loan_042\face_signing.jpg,1,0.9789076447486877,high
loan_068,D:\GitHub\jinchuang\23-多模态技术与数据治理赛道-基于多模态大模型的金融影像智能相似度检测模型\基于多模态大模型的金融影像智能相似度检测模型\loan_068\face_signing.jpg,loan_069,D:\GitHub\jinchuang\23-多模态技术与数据治理赛道-基于多模态大模型的金融影像智能相似度检测模型\基于多模态大模型的金融影像智能相似度检测模型\loan_069\face_signing.jpg,2,0.9786275625228882,high
loan_068,D:\GitHub\jinchuang\23-多模态技术与数据治理赛道-基于多模态大模型的金融影像智能相似度检测模型\基于多模态大模型的金融影像智能相似度检测模型\loan_068\face_signing.jpg,loan_055,D:\GitHub\jinchuang\23-多模态技术与数据治理赛道-基于多模态大模型的金融影像智能相似度检测模型\基于多模态大模型的金融影像智能相似度检测模型\loan_055\face_signing.jpg,3,0.8951408267021179,low
loan_068,D:\GitHub\jinchuang\23-多模态技术与数据治理赛道-基于多模态大模型的金融影像智能相似度检测模型\基于多模态大模型的金融影像智能相似度检测模型\loan_068\face_signing.jpg,loan_012,D:\GitHub\jinchuang\23-多模态技术与数据治理赛道-基于多模态大模型的金融影像智能相似度检测模型\基于多模态大模型的金融影像智能相似度检测模型\loan_012\face_signing.jpg,4,0.8911908268928528,low
loan_068,D:\GitHub\jinchuang\23-多模态技术与数据治理赛道-基于多模态大模型的金融影像智能相似度检测模型\基于多模态大模型的金融影像智能相似度检测模型\loan_068\face_signing.jpg,loan_022,D:\GitHub\jinchuang\23-多模态技术与数据治理赛道-基于多模态大模型的金融影像智能相似度检测模型\基于多模态大模型的金融影像智能相似度检测模型\loan_022\face_signing.jpg,5,0.8834618330001831,low
loan_069,D:\GitHub\jinchuang\23-多模态技术与数据治理赛道-基于多模态大模型的金融影像智能相似度检测模型\基于多模态大模型的金融影像智能相似度检测模型\loan_069\face_signing.jpg,loan_068,D:\GitHub\jinchuang\23-多模态技术与数据治理赛道-基于多模态大模型的金融影像智能相似度检测模型\基于多模态大模型的金融影像智能相似度检测模型\loan_068\face_signing.jpg,1,0.9786275625228882,high
loan_069,D:\GitHub\jinchuang\23-多模态技术与数据治理赛道-基于多模态大模型的金融影像智能相似度检测模型\基于多模态大模型的金融影像智能相似度检测模型\loan_069\face_signing.jpg,loan_042,D:\GitHub\jinchuang\23-多模态技术与数据治理赛道-基于多模态大模型的金融影像智能相似度检测模型\基于多模态大模型的金融影像智能相似度检测模型\loan_042\face_signing.jpg,2,0.9760713577270508,high
loan_069,D:\GitHub\jinchuang\23-多模态技术与数据治理赛道-基于多模态大模型的金融影像智能相似度检测模型\基于多模态大模型的金融影像智能相似度检测模型\loan_069\face_signing.jpg,loan_055,D:\GitHub\jinchuang\23-多模态技术与数据治理赛道-基于多模态大模型的金融影像智能相似度检测模型\基于多模态大模型的金融影像智能相似度检测模型\loan_055\face_signing.jpg,3,0.8866848945617676,low
loan_069,D:\GitHub\jinchuang\23-多模态技术与数据治理赛道-基于多模态大模型的金融影像智能相似度检测模型\基于多模态大模型的金融影像智能相似度检测模型\loan_069\face_signing.jpg,loan_012,D:\GitHub\jinchuang\23-多模态技术与数据治理赛道-基于多模态大模型的金融影像智能相似度检测模型\基于多模态大模型的金融影像智能相似度检测模型\loan_012\face_signing.jpg,4,0.8861504197120667,low
loan_069,D:\GitHub\jinchuang\23-多模态技术与数据治理赛道-基于多模态大模型的金融影像智能相似度检测模型\基于多模态大模型的金融影像智能相似度检测模型\loan_069\face_signing.jpg,loan_019,D:\GitHub\jinchuang\23-多模态技术与数据治理赛道-基于多模态大模型的金融影像智能相似度检测模型\基于多模态大模型的金融影像智能相似度检测模型\loan_019\face_signing.jpg,5,0.8853095173835754,low
loan_070,D:\GitHub\jinchuang\23-多模态技术与数据治理赛道-基于多模态大模型的金融影像智能相似度检测模型\基于多模态大模型的金融影像智能相似度检测模型\loan_070\face_signing.jpg,loan_043,D:\GitHub\jinchuang\23-多模态技术与数据治理赛道-基于多模态大模型的金融影像智能相似度检测模型\基于多模态大模型的金融影像智能相似度检测模型\loan_043\face_signing.jpg,1,0.9789483547210693,high
loan_070,D:\GitHub\jinchuang\23-多模态技术与数据治理赛道-基于多模态大模型的金融影像智能相似度检测模型\基于多模态大模型的金融影像智能相似度检测模型\loan_070\face_signing.jpg,loan_071,D:\GitHub\jinchuang\23-多模态技术与数据治理赛道-基于多模态大模型的金融影像智能相似度检测模型\基于多模态大模型的金融影像智能相似度检测模型\loan_071\face_signing.jpg,2,0.9767934679985046,high
loan_070,D:\GitHub\jinchuang\23-多模态技术与数据治理赛道-基于多模态大模型的金融影像智能相似度检测模型\基于多模态大模型的金融影像智能相似度检测模型\loan_070\face_signing.jpg,loan_033,D:\GitHub\jinchuang\23-多模态技术与数据治理赛道-基于多模态大模型的金融影像智能相似度检测模型\基于多模态大模型的金融影像智能相似度检测模型\loan_033\face_signing.jpg,3,0.9401214718818665,medium
loan_070,D:\GitHub\jinchuang\23-多模态技术与数据治理赛道-基于多模态大模型的金融影像智能相似度检测模型\基于多模态大模型的金融影像智能相似度检测模型\loan_070\face_signing.jpg,loan_010,D:\GitHub\jinchuang\23-多模态技术与数据治理赛道-基于多模态大模型的金融影像智能相似度检测模型\基于多模态大模型的金融影像智能相似度检测模型\loan_010\face_signing.jpg,4,0.9340093731880188,medium
loan_070,D:\GitHub\jinchuang\23-多模态技术与数据治理赛道-基于多模态大模型的金融影像智能相似度检测模型\基于多模态大模型的金融影像智能相似度检测模型\loan_070\face_signing.jpg,loan_054,D:\GitHub\jinchuang\23-多模态技术与数据治理赛道-基于多模态大模型的金融影像智能相似度检测模型\基于多模态大模型的金融影像智能相似度检测模型\loan_054\face_signing.jpg,5,0.9307586550712585,medium
loan_071,D:\GitHub\jinchuang\23-多模态技术与数据治理赛道-基于多模态大模型的金融影像智能相似度检测模型\基于多模态大模型的金融影像智能相似度检测模型\loan_071\face_signing.jpg,loan_070,D:\GitHub\jinchuang\23-多模态技术与数据治理赛道-基于多模态大模型的金融影像智能相似度检测模型\基于多模态大模型的金融影像智能相似度检测模型\loan_070\face_signing.jpg,1,0.9767934679985046,high
loan_071,D:\GitHub\jinchuang\23-多模态技术与数据治理赛道-基于多模态大模型的金融影像智能相似度检测模型\基于多模态大模型的金融影像智能相似度检测模型\loan_071\face_signing.jpg,loan_043,D:\GitHub\jinchuang\23-多模态技术与数据治理赛道-基于多模态大模型的金融影像智能相似度检测模型\基于多模态大模型的金融影像智能相似度检测模型\loan_043\face_signing.jpg,2,0.9754535555839539,high
loan_071,D:\GitHub\jinchuang\23-多模态技术与数据治理赛道-基于多模态大模型的金融影像智能相似度检测模型\基于多模态大模型的金融影像智能相似度检测模型\loan_071\face_signing.jpg,loan_033,D:\GitHub\jinchuang\23-多模态技术与数据治理赛道-基于多模态大模型的金融影像智能相似度检测模型\基于多模态大模型的金融影像智能相似度检测模型\loan_033\face_signing.jpg,3,0.9416465759277344,medium
loan_071,D:\GitHub\jinchuang\23-多模态技术与数据治理赛道-基于多模态大模型的金融影像智能相似度检测模型\基于多模态大模型的金融影像智能相似度检测模型\loan_071\face_signing.jpg,loan_054,D:\GitHub\jinchuang\23-多模态技术与数据治理赛道-基于多模态大模型的金融影像智能相似度检测模型\基于多模态大模型的金融影像智能相似度检测模型\loan_054\face_signing.jpg,4,0.9407218098640442,medium
loan_071,D:\GitHub\jinchuang\23-多模态技术与数据治理赛道-基于多模态大模型的金融影像智能相似度检测模型\基于多模态大模型的金融影像智能相似度检测模型\loan_071\face_signing.jpg,loan_053,D:\GitHub\jinchuang\23-多模态技术与数据治理赛道-基于多模态大模型的金融影像智能相似度检测模型\基于多模态大模型的金融影像智能相似度检测模型\loan_053\face_signing.jpg,5,0.9404296278953552,medium
loan_072,D:\GitHub\jinchuang\23-多模态技术与数据治理赛道-基于多模态大模型的金融影像智能相似度检测模型\基于多模态大模型的金融影像智能相似度检测模型\loan_072\face_signing.jpg,loan_073,D:\GitHub\jinchuang\23-多模态技术与数据治理赛道-基于多模态大模型的金融影像智能相似度检测模型\基于多模态大模型的金融影像智能相似度检测模型\loan_073\face_signing.jpg,1,0.9757980704307556,high
loan_072,D:\GitHub\jinchuang\23-多模态技术与数据治理赛道-基于多模态大模型的金融影像智能相似度检测模型\基于多模态大模型的金融影像智能相似度检测模型\loan_072\face_signing.jpg,loan_045,D:\GitHub\jinchuang\23-多模态技术与数据治理赛道-基于多模态大模型的金融影像智能相似度检测模型\基于多模态大模型的金融影像智能相似度检测模型\loan_045\face_signing.jpg,2,0.9725449085235596,high
loan_072,D:\GitHub\jinchuang\23-多模态技术与数据治理赛道-基于多模态大模型的金融影像智能相似度检测模型\基于多模态大模型的金融影像智能相似度检测模型\loan_072\face_signing.jpg,loan_017,D:\GitHub\jinchuang\23-多模态技术与数据治理赛道-基于多模态大模型的金融影像智能相似度检测模型\基于多模态大模型的金融影像智能相似度检测模型\loan_017\face_signing.jpg,3,0.9302549362182617,medium
loan_072,D:\GitHub\jinchuang\23-多模态技术与数据治理赛道-基于多模态大模型的金融影像智能相似度检测模型\基于多模态大模型的金融影像智能相似度检测模型\loan_072\face_signing.jpg,loan_004,D:\GitHub\jinchuang\23-多模态技术与数据治理赛道-基于多模态大模型的金融影像智能相似度检测模型\基于多模态大模型的金融影像智能相似度检测模型\loan_004\face_signing.jpg,4,0.9186092615127563,low
loan_072,D:\GitHub\jinchuang\23-多模态技术与数据治理赛道-基于多模态大模型的金融影像智能相似度检测模型\基于多模态大模型的金融影像智能相似度检测模型\loan_072\face_signing.jpg,loan_060,D:\GitHub\jinchuang\23-多模态技术与数据治理赛道-基于多模态大模型的金融影像智能相似度检测模型\基于多模态大模型的金融影像智能相似度检测模型\loan_060\face_signing.jpg,5,0.9179217219352722,low
loan_073,D:\GitHub\jinchuang\23-多模态技术与数据治理赛道-基于多模态大模型的金融影像智能相似度检测模型\基于多模态大模型的金融影像智能相似度检测模型\loan_073\face_signing.jpg,loan_072,D:\GitHub\jinchuang\23-多模态技术与数据治理赛道-基于多模态大模型的金融影像智能相似度检测模型\基于多模态大模型的金融影像智能相似度检测模型\loan_072\face_signing.jpg,1,0.9757980704307556,high
loan_073,D:\GitHub\jinchuang\23-多模态技术与数据治理赛道-基于多模态大模型的金融影像智能相似度检测模型\基于多模态大模型的金融影像智能相似度检测模型\loan_073\face_signing.jpg,loan_045,D:\GitHub\jinchuang\23-多模态技术与数据治理赛道-基于多模态大模型的金融影像智能相似度检测模型\基于多模态大模型的金融影像智能相似度检测模型\loan_045\face_signing.jpg,2,0.9726481437683105,high
loan_073,D:\GitHub\jinchuang\23-多模态技术与数据治理赛道-基于多模态大模型的金融影像智能相似度检测模型\基于多模态大模型的金融影像智能相似度检测模型\loan_073\face_signing.jpg,loan_017,D:\GitHub\jinchuang\23-多模态技术与数据治理赛道-基于多模态大模型的金融影像智能相似度检测模型\基于多模态大模型的金融影像智能相似度检测模型\loan_017\face_signing.jpg,3,0.9422873258590698,medium
loan_073,D:\GitHub\jinchuang\23-多模态技术与数据治理赛道-基于多模态大模型的金融影像智能相似度检测模型\基于多模态大模型的金融影像智能相似度检测模型\loan_073\face_signing.jpg,loan_061,D:\GitHub\jinchuang\23-多模态技术与数据治理赛道-基于多模态大模型的金融影像智能相似度检测模型\基于多模态大模型的金融影像智能相似度检测模型\loan_061\face_signing.jpg,4,0.9331634640693665,medium
loan_073,D:\GitHub\jinchuang\23-多模态技术与数据治理赛道-基于多模态大模型的金融影像智能相似度检测模型\基于多模态大模型的金融影像智能相似度检测模型\loan_073\face_signing.jpg,loan_060,D:\GitHub\jinchuang\23-多模态技术与数据治理赛道-基于多模态大模型的金融影像智能相似度检测模型\基于多模态大模型的金融影像智能相似度检测模型\loan_060\face_signing.jpg,5,0.930081844329834,medium
loan_074,D:\GitHub\jinchuang\23-多模态技术与数据治理赛道-基于多模态大模型的金融影像智能相似度检测模型\基于多模态大模型的金融影像智能相似度检测模型\loan_074\face_signing.jpg,loan_050,D:\GitHub\jinchuang\23-多模态技术与数据治理赛道-基于多模态大模型的金融影像智能相似度检测模型\基于多模态大模型的金融影像智能相似度检测模型\loan_050\face_signing.jpg,1,0.980711817741394,high
loan_074,D:\GitHub\jinchuang\23-多模态技术与数据治理赛道-基于多模态大模型的金融影像智能相似度检测模型\基于多模态大模型的金融影像智能相似度检测模型\loan_074\face_signing.jpg,loan_040,D:\GitHub\jinchuang\23-多模态技术与数据治理赛道-基于多模态大模型的金融影像智能相似度检测模型\基于多模态大模型的金融影像智能相似度检测模型\loan_040\face_signing.jpg,2,0.9349651336669922,medium
loan_074,D:\GitHub\jinchuang\23-多模态技术与数据治理赛道-基于多模态大模型的金融影像智能相似度检测模型\基于多模态大模型的金融影像智能相似度检测模型\loan_074\face_signing.jpg,loan_004,D:\GitHub\jinchuang\23-多模态技术与数据治理赛道-基于多模态大模型的金融影像智能相似度检测模型\基于多模态大模型的金融影像智能相似度检测模型\loan_004\face_signing.jpg,3,0.926891028881073,low
loan_074,D:\GitHub\jinchuang\23-多模态技术与数据治理赛道-基于多模态大模型的金融影像智能相似度检测模型\基于多模态大模型的金融影像智能相似度检测模型\loan_074\face_signing.jpg,loan_030,D:\GitHub\jinchuang\23-多模态技术与数据治理赛道-基于多模态大模型的金融影像智能相似度检测模型\基于多模态大模型的金融影像智能相似度检测模型\loan_030\face_signing.jpg,4,0.9192067384719849,low
loan_074,D:\GitHub\jinchuang\23-多模态技术与数据治理赛道-基于多模态大模型的金融影像智能相似度检测模型\基于多模态大模型的金融影像智能相似度检测模型\loan_074\face_signing.jpg,loan_035,D:\GitHub\jinchuang\23-多模态技术与数据治理赛道-基于多模态大模型的金融影像智能相似度检测模型\基于多模态大模型的金融影像智能相似度检测模型\loan_035\face_signing.jpg,5,0.905634880065918,low
